Producto,Precio,Cantidad,Fecha,Cliente,Ciudad
Azúcar,7.12,4,2025-09-12,Flor Lidia Caro Morcillo,Burgos
Carne,4.97,3,2025-12-22,Vera Tirado,Granada
Queso,9.44,6,2026-04-10,Nuria Macías-Muñoz,Madrid
Queso,14.29,1,2026-01-11,Albano Adolfo Saavedra Polo,Valladolid
Arroz,9.17,4,2026-05-09,Carolina Cifuentes Jordá,Málaga
Arroz,18.25,4,2026-01-19,Marc Rovira-Mas,Cantabria
Pan,14.79,2,2025-08-29,Flor Débora Lumbreras Gomis,Guipúzcoa
Queso,2.79,3,2025-11-26,Basilio Domingo Leiva,Ourense
Pan,13.66,7,2026-02-11,Amarilis Carbajo-Arjona,Toledo
Leche,7.44,5,2026-03-11,Estela Lucas-Garrido,Huesca
Arroz,19.95,7,2025-07-27,Alberto Lluch Mateu,Guipúzcoa
Leche,16.04,7,2025-12-25,Wálter Lozano,Ceuta
Queso,17.54,2,2026-04-20,Amando Iñiguez,Badajoz
Pan,12.37,6,2025-08-14,Salud Silva Arnal,Cáceres
Pollo,14.39,10,2025-07-21,Leonor de Cuevas,Guadalajara
Pollo,17.28,7,2025-07-21,Águeda Jordá Vara,Asturias
Leche,15.6,5,2026-05-24,Miguela Ríos Blasco,Cuenca
Arroz,15.1,1,2025-06-22,Nidia Reina Conesa,Alicante
Pollo,13.98,7,2026-05-03,Esteban Fonseca Serra,Navarra
Huevos,17.17,2,2026-03-26,Candela Baeza Peláez,Valladolid
Carne,17.68,3,2025-11-22,Marisol Samper Díaz,León
Huevos,17.56,5,2026-02-19,Ana Cadenas Naranjo,Asturias
Pan,2.93,9,2025-10-26,Gloria Rivera Angulo,Ceuta
Queso,16.68,10,2025-07-12,Carla Manso Tejero,Alicante
Leche,2.18,1,2026-01-14,Rosendo del Cordero,Baleares
Pan,9.96,8,2025-06-09,Olivia Pons Muro,Cádiz
Huevos,13.16,1,2026-05-02,Chucho Cuervo Busquets,Cáceres
Café,15.53,4,2025-08-06,Luís Company Romero,Melilla
Aceite,14.83,10,2025-06-19,Albano Ordóñez Ros,Ourense
Pollo,14.16,4,2025-11-24,Anselmo Coronado,Valencia
Aceite,6.97,8,2026-01-05,Cirino de Manjón,Málaga
Aceite,4.55,10,2025-06-29,Matías Vilaplana Ayllón,Lugo
Carne,4.21,7,2025-11-12,Luz Ocaña-Tello,La Coruña
Azúcar,13.48,8,2025-12-10,Jose Luis Izquierdo Cuadrado,Castellón
Aceite,10.83,5,2026-05-12,Azahara Egea Aragonés,Zamora
Huevos,13.48,2,2026-03-16,Gil Costa Sanz,Barcelona
Carne,1.85,8,2026-05-17,Pánfilo Velázquez Pina,Madrid
Carne,8.37,9,2025-11-23,Carlos Castañeda Contreras,Segovia
Café,16.45,10,2025-06-02,Adelia Alcántara Raya,Vizcaya
Azúcar,11.57,6,2025-12-23,Begoña del Maldonado,Granada
Aceite,7.54,8,2026-01-05,Bartolomé del Gaya,Burgos
Arroz,13.01,4,2026-04-17,Marciano Solano Echevarría,Badajoz
Café,7.54,1,2025-10-20,Íngrid Téllez-Cabo,Castellón
Carne,3.71,2,2025-05-30,Sancho Amores-Cabezas,Huelva
Aceite,11.8,2,2026-01-21,Adoración Piñeiro-Almazán,Álava
Leche,0.65,3,2025-12-21,Jose Francisco Almansa Gelabert,Melilla
Café,4.48,6,2026-02-17,Dulce Muro-Artigas,Lleida
Aceite,9.14,2,2025-12-14,Leire Florinda Expósito Arranz,Pontevedra
Carne,19.75,2,2026-01-02,Natalia Cases Sandoval,Cádiz
Pan,9.15,9,2025-12-27,Marcia Roda Alcaraz,Santa Cruz de Tenerife
Pan,17.99,2,2026-04-20,Apolonia Rivero,Cáceres
Café,4.36,4,2026-02-16,Concha Rocamora Arribas,Huesca
Queso,10.27,6,2026-03-25,Román Arce Higueras,Castellón
Azúcar,5.83,4,2025-06-30,Aarón Codina,Las Palmas
Queso,13.06,7,2025-07-30,Dimas Eligio Pazos Castell,Palencia
Queso,1.39,4,2026-04-27,Gala Jáuregui Sánchez,Lleida
Aceite,19.47,7,2026-05-19,Sosimo Feijoo Blanco,Burgos
Café,9.04,6,2025-08-09,Ciríaco Riquelme-Gisbert,Valladolid
Pan,12.28,3,2025-12-23,Alberto Jerez,Albacete
Queso,15.17,9,2026-02-24,Cipriano Arce,Huesca
Arroz,0.94,8,2026-01-15,Américo Marco Cazorla,Palencia
Pan,16.03,9,2025-12-17,Aníbal Matas Prats,Las Palmas
Aceite,4.08,4,2025-09-05,Salud Corona Almansa Lamas,Ceuta
Pan,8.03,8,2025-11-04,Alma de Antúnez,Cuenca
Huevos,17.5,8,2025-11-13,Luciana Ani Valls Luján,Jaén
Queso,1.18,5,2026-05-21,Calixto Galván-Piña,Ávila
Arroz,2.64,8,2026-03-15,Victor Sarmiento Viña,Castellón
Arroz,2.65,8,2026-03-16,Inmaculada Barceló Heredia,La Coruña
Café,9.64,6,2026-03-29,Aristides Cano Garzón,Ceuta
Huevos,11.83,5,2025-08-28,Haydée Luís Gracia,Lleida
Arroz,2.59,4,2025-06-01,Quirino Pino Carballo,Almería
Azúcar,14.97,5,2025-09-26,Héctor del Sanz,Baleares
Café,18.44,5,2025-12-27,Eugenia Pareja Marín,Burgos
Carne,4.57,3,2026-05-03,Pastora Monreal Nogueira,Castellón
Pollo,0.53,1,2025-09-07,Isabela Ochoa Gámez,Córdoba
Pan,17.93,4,2025-08-04,Ambrosio Real Merino,Vizcaya
Leche,13.4,3,2025-12-27,Gustavo Arévalo Ramis,Soria
Aceite,3.9,3,2025-06-25,Sabina de Larrea,Sevilla
Pollo,13.42,1,2025-10-29,Pascual Prat-Roig,Cádiz
Carne,12.61,4,2025-07-30,Caridad Tudela Blasco,Murcia
Café,17.78,2,2025-10-29,Teodora Tere Manso Robledo,Lugo
Carne,2.41,10,2026-02-26,Patricio Olivera Mayo,Las Palmas
Café,8.82,10,2026-04-15,Ariadna Fabra-Raya,Soria
Azúcar,6.84,5,2026-04-25,Tito Ródenas Maza,La Rioja
Huevos,5.41,3,2025-06-16,Chucho Raúl Haro Estévez,Álava
Pan,6.84,5,2026-03-20,Sebastian Sarmiento-Rebollo,Lleida
Aceite,13.04,5,2025-06-18,Cayetana Donaire Ordóñez,Huesca
Pan,9.74,7,2026-01-04,Fermín de Nicolás,Cádiz
Leche,2.64,6,2026-01-02,Silvestre Bonilla,Cádiz
Azúcar,19.68,3,2025-09-03,Ruperto Jiménez Jordá,Soria
Café,0.61,1,2025-12-21,Rufino Mesa Cuervo,Murcia
Café,10.81,5,2025-10-18,Rocío Exposito Prat,Vizcaya
Azúcar,1.8,7,2026-05-01,Salomón Arranz Ferreras,Valencia
Pollo,10.6,3,2025-10-23,Lope Hierro Bartolomé,Burgos
Aceite,1.77,6,2025-12-11,Miguel Ángel Baños,Valencia
Carne,8.78,9,2025-08-08,Manu de Amor,Ceuta
Café,15.72,5,2025-11-29,José Luis Epifanio Anguita Morata,Cáceres
Azúcar,19.39,6,2026-03-29,Teodora Lluch-Escrivá,Baleares
Carne,12.6,1,2026-04-25,Evelia Clarisa Espada Montaña,Zaragoza
Pollo,5.31,5,2026-02-17,Juan Pablo Oller Sancho,Valladolid
Carne,3.07,8,2026-02-10,Lisandro de Carretero,Tarragona
Aceite,4.98,2,2025-07-10,Espiridión Jose Miguel Rocha Arnal,Huelva
Leche,8.32,6,2026-03-29,Cebrián Colomer Marín,Madrid
Aceite,10.9,4,2025-10-13,Martina Linares Perez,Valencia
Queso,8.45,8,2026-02-06,Baltasar Aguilera Morán,Zaragoza
Queso,16.1,5,2026-03-29,Ambrosio Elías-Campos,Valencia
Pollo,17.02,6,2025-07-08,Bruno Segura Benavides,Huelva
Arroz,19.13,9,2025-07-06,Aura Guitart Trillo,Girona
Arroz,19.83,2,2025-10-16,Amalia Estela Escudero Cañizares,Álava
Carne,6.79,3,2026-03-08,Saturnina Isern,Huesca
Queso,12.48,10,2025-10-21,Sandra Amat Antúnez,Las Palmas
Arroz,2.68,8,2026-03-26,Abril Pazos Moraleda,Cuenca
Pan,15.44,10,2025-06-18,África Rocamora Roma,La Rioja
Aceite,16.08,5,2025-09-25,Trinidad Giralt Palomo,Guipúzcoa
Huevos,8.95,5,2025-06-22,Xavier de Macías,La Rioja
Pan,15.65,4,2025-09-25,Paola Amarilis Llano Otero,Cáceres
Carne,3.02,9,2025-11-03,Lourdes Codina Lledó,Pontevedra
Aceite,11.43,2,2026-03-14,Calista Bosch Bayo,Valencia
Aceite,0.64,4,2026-05-04,Teodoro Tena Campillo,Santa Cruz de Tenerife
Carne,4.9,9,2026-02-20,Celestino Barrena Perelló,Girona
Café,3.73,10,2025-12-21,Salvador Vizcaíno Morales,Salamanca
Pan,8.03,4,2025-09-21,Visitación Quintanilla-Viña,Lugo
Carne,8.28,6,2025-11-04,Jafet Bello Cañas,Santa Cruz de Tenerife
Aceite,14.61,4,2026-04-01,Victoria Olivares,Lugo
Carne,12.39,6,2025-06-20,Gregorio Gras Morillo,Toledo
Carne,11.65,8,2026-01-31,Amalia de Borrell,Castellón
Café,16.49,10,2025-10-11,Íngrid Escamilla Nuñez,Palencia
Carne,7.18,3,2026-02-28,Juan Amores Galan,Ciudad
Azúcar,12.74,10,2025-12-13,Nadia Rocío Quintanilla Vilaplana,La Rioja
Azúcar,4.29,4,2026-04-21,Javi Gisbert Requena,Barcelona
Huevos,15.09,10,2025-06-06,Bartolomé Guardiola Sastre,Castellón
Azúcar,12.21,3,2025-07-08,Diego Pera,Palencia
Café,8.24,6,2025-11-18,Eduardo Sánchez Baños,Navarra
Queso,10.37,6,2026-03-02,Tito Salomón Pereira Rocamora,Pontevedra
Leche,10.55,7,2025-05-27,Amada Benítez Colomer,Palencia
Aceite,10.44,9,2025-07-15,Ruperto del Luque,Soria
Aceite,13.27,6,2025-11-05,Marco Araujo,Lleida
Queso,15.15,3,2025-08-16,Leandro de Gual,Sevilla
Carne,16.52,4,2025-09-26,Jesús Vidal Saez,Álava
Pollo,17.21,8,2026-02-25,Celso Pombo-Arellano,Las Palmas
Queso,7.18,10,2026-02-10,Mamen de Madrigal,Cantabria
Arroz,3.98,9,2025-12-11,Marino del Quirós,Baleares
Carne,5.74,9,2025-08-15,Ignacia Lluch-Alcalá,Málaga
Pan,4.49,8,2025-07-08,Remedios Castilla Villalonga,Cáceres
Pollo,3.51,10,2025-09-02,Horacio del Ruiz,Pontevedra
Huevos,19.8,3,2025-12-20,Marino Millán-Madrigal,Barcelona
Arroz,14.64,8,2025-06-12,Ascensión Niño Batalla,Toledo
Aceite,4.51,4,2025-11-11,Julio César Ariel Losada Calderón,Baleares
Aceite,1.37,6,2025-10-26,María Dolores Barbero Girón,Tarragona
Arroz,12.63,2,2025-12-09,Dalila Ángel Saavedra,Zaragoza
Pan,18.33,6,2026-02-02,Félix Burgos Acosta,Segovia
Arroz,12.72,6,2025-09-01,Rubén Adadia Salvador,Ávila
Pollo,6.23,10,2025-12-05,Armando Amador Otero,Vizcaya
Café,18.63,5,2026-05-25,Carla Calderón Saldaña,Sevilla
Leche,2.57,3,2025-09-25,Eloy del Benet,Almería
Leche,13.85,10,2025-09-30,Elisa Belda Luz,Navarra
Pollo,5.85,4,2025-08-28,Íñigo Palacios,Valencia
Pollo,11.18,9,2026-04-17,Casandra Uría,Ourense
Leche,18.91,6,2025-11-27,Roldán Cid Valcárcel,Murcia
Café,19.39,10,2026-01-17,Cayetana Iborra Vall,La Rioja
Leche,2.88,9,2025-12-19,Ainoa Martin Azorin,Ciudad
Aceite,2.45,4,2025-08-09,Estela Ávila Bilbao,Lleida
Pollo,5.92,5,2025-09-16,Rubén Chamorro Dominguez,Jaén
Azúcar,3.93,8,2025-06-26,Angelino Rodríguez Casal,Guadalajara
Pan,6.51,1,2026-02-14,Saturnina Acero Losada,La Coruña
Huevos,13.15,8,2025-12-14,Tito Pomares Mayoral,Barcelona
Pollo,14.91,10,2025-07-11,Nerea Higueras Cabo,Asturias
Azúcar,13.06,9,2025-06-08,Micaela Plaza,Córdoba
Leche,16.07,9,2025-07-04,Josefa Mateu-Fuertes,Barcelona
Aceite,7.2,2,2026-03-12,Jacinta Tovar Antón,Burgos
Pollo,19.09,2,2025-12-01,Isidora Castejón Cabezas,Sevilla
Huevos,17.13,6,2025-12-13,Sarita Jordán-Gaya,Zaragoza
Azúcar,10.28,10,2025-11-19,Fortunato Conde Noriega,La Rioja
Azúcar,13.38,8,2025-07-31,Godofredo Perez Fiol,Cuenca
Azúcar,15.51,3,2025-06-04,Flavia Carmela Vilar Bastida,Badajoz
Arroz,16.49,4,2025-06-20,Benita Iris Doménech Llabrés,Soria
Leche,1.06,1,2025-07-11,Pepito Abellán Maestre,Alicante
Aceite,15.03,5,2025-09-21,María Dolores Baena,Málaga
Pollo,18.64,7,2025-06-08,Hermenegildo Niño,Huelva
Arroz,14.03,3,2026-02-18,Sergio Gallego Canales,Ciudad
Queso,16.05,6,2026-05-23,Humberto Santana,Ourense
Pollo,8.86,7,2025-09-10,Diana Bayo Nebot,Córdoba
Carne,17.2,5,2025-07-10,Fidel Almansa Nebot,Vizcaya
Aceite,9.59,9,2025-12-15,Evangelina Pinto Marin,La Rioja
Huevos,10.96,1,2025-09-16,Anselma Corbacho Perez,Ciudad
Pan,12.72,10,2025-09-16,Bruno del Prats,Pontevedra
Aceite,10.04,4,2025-05-28,Quique Noriega-Toro,Ourense
Huevos,17.93,7,2025-10-05,Angelita del Nicolás,Pontevedra
Pollo,17.44,5,2026-02-12,Marcela Donoso,Santa Cruz de Tenerife
Café,11.37,1,2026-01-19,Javiera Palau-Borja,Pontevedra
Aceite,0.59,6,2026-01-02,Eugenio Hidalgo Bernal,Cáceres
Azúcar,18.73,3,2025-12-29,Cayetana Sebastián-Galan,Santa Cruz de Tenerife
Carne,0.7,7,2025-09-04,Sabas Garriga Avilés,Guadalajara
Huevos,2.06,1,2026-04-23,Hernán Lucena-Hurtado,Valladolid
Carne,5.21,4,2025-06-30,Susanita de Cazorla,Cádiz
Aceite,13.38,9,2026-01-06,Ileana Gisbert Haro,Cádiz
Huevos,4.74,6,2025-11-24,Rosalinda Vergara Valls,Huelva
Azúcar,1.26,8,2025-09-22,Palmira Estévez,Barcelona
Azúcar,13.96,1,2025-08-29,José Ángel Angulo Prado,Ceuta
Azúcar,2.61,6,2026-05-20,Eulalia del Morillo,Baleares
Arroz,11.94,5,2026-02-20,Chucho Ambrosio Estévez Jordán,Navarra
Queso,10.57,6,2025-09-23,Inmaculada Salvà,Córdoba
Pollo,9.14,5,2026-02-11,Alondra Gascón-Salinas,Salamanca
Queso,13.46,8,2025-06-07,Nacho Lloret Almansa,Asturias
Arroz,7.21,10,2026-04-23,Mirta Román Lloret,Las Palmas
Arroz,9.88,8,2025-08-15,Guiomar Larrañaga,Albacete
Huevos,15.55,7,2025-11-17,Nazaret Manuel Vega Alemany,Melilla
Pollo,16.05,9,2025-12-26,Luisa Elorza,Zamora
Pollo,18.78,4,2025-10-26,Íñigo Sevillano Oliveras,La Rioja
Arroz,3.22,1,2025-07-12,Miguel Ángel Pallarès-Sebastián,Cáceres
Azúcar,2.6,10,2025-07-27,Oriana Franch Maestre,Baleares
Leche,14.43,10,2025-07-23,Arsenio de Arana,Zaragoza
Carne,13.65,10,2025-10-11,Valero Ruben Quintanilla Villalobos,Sevilla
Aceite,6.71,10,2025-11-27,Jafet Noguera Samper,Ciudad
Carne,2.62,4,2025-07-30,Benito Ferrando-Cózar,Zamora
Huevos,19.74,9,2025-05-30,Lola Mármol,León
Azúcar,2.16,6,2026-05-14,María Belén Montoya Abad,Castellón
Azúcar,7.34,10,2025-08-17,Mamen Cisneros Murcia,Castellón
Pan,0.94,8,2026-03-05,Marciano Teo Sedano Huerta,Teruel
Pan,14.73,5,2025-08-22,Clotilde Sarmiento Sevillano,León
Pollo,14.4,4,2026-05-18,Valeria Bravo Cabeza,Girona
Aceite,11.05,5,2025-07-30,Eladio Roig Terrón,Asturias
Queso,4.57,9,2025-11-06,Antonio Ricart Marqués,Toledo
Azúcar,3.26,9,2026-02-14,Blas Juárez Nebot,Almería
Huevos,13.03,3,2025-09-22,Ignacio Raya Amo,Álava
Pollo,9.92,6,2025-12-31,Fabiana Albero Vilar,Toledo
Carne,10.47,9,2025-06-22,Vidal de Prada,Zamora
Huevos,12.66,6,2025-07-29,Leire Gonzalo Bárcena,Vizcaya
Carne,4.23,3,2025-09-04,Máximo Reig Larrañaga,Ceuta
Arroz,11.97,3,2026-01-03,Gabriela Fuentes Naranjo,Ciudad
Arroz,6.7,5,2026-05-06,Severo del Roman,León
Arroz,14.58,4,2025-09-08,Reynaldo Casado Calzada,Ciudad
Huevos,9.97,1,2026-05-26,Zoraida Octavia Barba Rios,Melilla
Café,2.26,8,2025-12-01,Reyes Gárate-Atienza,Albacete
Huevos,16.83,3,2025-10-21,Beatriz Pedrero Núñez,Madrid
Aceite,19.99,7,2026-03-27,Valero Infante Anaya,Alicante
Aceite,1.52,7,2025-06-01,María Pilar de Checa,Ourense
Leche,1.66,5,2025-08-15,Santiago Bolaños Pla,Zaragoza
Leche,14.66,1,2025-11-30,Carla Rosado,Córdoba
Queso,8.03,4,2025-08-11,Luis Miguel Buendía,Córdoba
Pan,2.77,6,2025-08-26,Susanita Elías Agullo,Cantabria
Carne,10.25,6,2025-12-09,Renata Beltran Saldaña,Soria
Azúcar,15.63,1,2026-03-18,Hector Almeida Collado,Ávila
Huevos,11.99,1,2025-08-24,Juan Carlos Gálvez Ballester,Asturias
Arroz,13.97,3,2025-08-09,Donato Dueñas,Tarragona
Carne,6.24,7,2025-09-30,Lara Benítez Gallo,Zamora
Queso,17.06,2,2026-05-13,Eloy Iglesias Raya,Murcia
Huevos,18.42,7,2025-09-21,Charo Peláez Aragonés,Navarra
Café,12.18,5,2025-11-14,Irma Fonseca,Málaga
Carne,19.14,4,2026-01-21,Trinidad Alcalá Lamas,Álava
Leche,14.94,9,2025-11-10,Paola Taboada-Jaume,Zaragoza
Aceite,7.46,8,2026-01-13,María Fernanda Ferrándiz Tomas,Málaga
Leche,6.86,9,2025-06-19,Anna Tejada Nebot,Toledo
Queso,12.18,2,2026-01-18,Hugo Madrid,León
Leche,6.22,2,2025-06-16,Ruperto Gracia-Herrero,Girona
Leche,5.4,8,2025-10-04,Cristina Cortina Mateu,Cáceres
Carne,14.18,1,2025-08-05,Estefanía Delfina Domínguez Bas,Toledo
Café,2.08,3,2025-10-19,Jose Antonio Pellicer Ribera,Las Palmas
Queso,17.88,5,2025-11-02,Dimas Varela Medina,Murcia
Huevos,11.02,5,2026-05-22,Azucena Irma Correa Pagès,Vizcaya
Arroz,19.39,10,2026-05-01,Rosa María Tirado,Girona
Carne,9.69,10,2026-04-13,Ernesto Cadenas,La Coruña
Carne,16.55,4,2026-04-13,Rosa Crespo Novoa,Jaén
Azúcar,10.75,4,2025-06-30,Leonor Aguiló,Segovia
Queso,12.54,8,2025-12-03,Albina Arcelia Jimenez Arregui,Vizcaya
Café,5.7,6,2026-01-09,Asunción Valeria Arellano Agustín,Sevilla
Huevos,17.84,10,2025-07-26,Julio de Castelló,Valencia
Azúcar,4.43,2,2026-02-21,Isidro Abril Montoya,Tarragona
Café,10.16,3,2025-08-07,Eloísa de Borja,Murcia
Pollo,17.92,7,2026-02-15,Berto Gargallo Castañeda,Alicante
Huevos,6.1,6,2025-12-06,Efraín Carrasco Cantón,Guipúzcoa
Queso,11.41,2,2026-03-11,Conrado Solís Espinosa,Granada
Aceite,4.61,1,2026-04-08,Antonia Barrios Iglesias,Badajoz
Queso,2.5,6,2025-11-25,Donato Rojas Palomino,Salamanca
Huevos,2.46,9,2026-01-22,Toni Romero,Las Palmas
Huevos,16.49,9,2026-05-16,Consuela Anabel Marco Pera,Barcelona
Café,14.0,3,2026-01-02,Alma Ligia Peñalver Rubio,Jaén
Pollo,12.16,6,2025-07-12,Francisca Mancebo-Tapia,Huelva
Carne,17.69,5,2026-02-13,Américo del Jover,Álava
Pollo,12.6,7,2025-10-01,Agapito Barriga Roca,Navarra
Azúcar,18.44,10,2025-12-25,Humberto Gomis,Burgos
Arroz,3.21,1,2025-09-14,Armida Barriga Carnero,Palencia
Aceite,8.05,5,2025-08-01,Milagros Villena Figueroa,Cáceres
Queso,5.29,9,2026-03-27,Ruy Bermejo Jódar,Sevilla
Azúcar,10.2,1,2025-08-01,Priscila Olivares Mariscal,Tarragona
Pollo,2.18,5,2026-04-27,Julio de Bilbao,Burgos
Carne,0.8,6,2026-05-17,Samuel Azcona Mendizábal,Lleida
Queso,6.79,7,2025-05-31,Carmen Ordóñez Riera,Melilla
Carne,15.92,1,2025-08-05,Heriberto Vélez,Cádiz
Queso,14.33,8,2025-09-04,Ruben Ojeda Carballo,Lugo
Arroz,1.38,5,2026-05-14,Amor Guardiola Anaya,Córdoba
Pollo,5.2,1,2026-04-21,Antonio Moya Castelló,Girona
Café,1.26,4,2025-06-16,Graciano Collado Piquer,Castellón
Huevos,17.41,10,2025-07-05,Leonardo Jove Villar,Pontevedra
Queso,11.47,10,2025-11-24,Guillermo Bonet Azorin,Teruel
Leche,5.51,3,2026-03-03,Fortunato Francisco Fabregat,Murcia
Pan,11.98,4,2025-11-11,Ximena Camino-Amo,Ávila
Arroz,5.66,2,2025-07-17,Nazario Laguna Velázquez,Álava
Café,9.93,3,2026-02-07,Benito Melero Lumbreras,Valladolid
Carne,10.78,7,2026-02-08,Julieta Carmona Vilaplana,La Rioja
Carne,1.0,8,2026-04-10,Susanita Cuenca Molins,Girona
Carne,9.29,10,2025-08-21,Dan Aragonés Mosquera,Castellón
Azúcar,18.48,6,2025-06-02,Herberto Lluch Posada,Vizcaya
Pan,10.43,3,2025-08-31,Guillermo Joaquín Bas Iñiguez,Castellón
Pollo,5.89,10,2025-12-02,Jose Francisco de Amigó,Córdoba
Leche,12.78,5,2025-10-08,Luis Zamora Arellano,Sevilla
Pan,18.7,7,2025-08-07,Itziar Bermúdez-Hoz,Valladolid
Huevos,3.14,1,2025-06-02,Albert Martorell,Girona
Queso,6.41,4,2025-11-19,Brunilda Jiménez,Guipúzcoa
Pollo,10.51,8,2026-01-03,Roque Vázquez Mateos,Valencia
Arroz,18.98,3,2025-06-14,Quirino Bello-Coronado,Santa Cruz de Tenerife
Azúcar,8.48,2,2025-07-20,Damián de Valera,Cuenca
Huevos,6.59,4,2025-09-27,Ema Estefanía Andres Pelayo,Cuenca
Pan,9.43,4,2025-11-20,Juanito Sanjuan Carbonell,Badajoz
Azúcar,5.7,9,2025-12-26,Glauco Arregui Ortuño,Cantabria
Carne,3.8,8,2025-06-09,René Pascual Peralta,Alicante
Café,6.77,10,2026-01-20,Susana Galindo Cruz,Tarragona
Carne,8.9,1,2025-11-18,Laura Navarrete,Asturias
Carne,3.54,6,2025-11-08,Anita Villalonga-Molins,Cáceres
Azúcar,17.97,4,2025-08-08,Felipe del Gisbert,Córdoba
Arroz,8.68,5,2025-09-09,Gabriela Marcos Lastra,León
Pollo,6.71,2,2026-01-15,Consuela Valcárcel Lorenzo,Cuenca
Arroz,15.27,5,2025-06-01,Manola Torrecilla Segura,Burgos
Pan,13.11,9,2026-05-04,Cristian Monreal Oller,Castellón
Aceite,4.64,6,2025-06-10,Olimpia Bermúdez Muñoz,Baleares
Café,10.31,7,2025-11-29,Gil de Vallejo,Guipúzcoa
Queso,2.86,3,2025-06-12,Maximiliano Nicanor Bautista Flores,Valladolid
Café,10.81,10,2025-11-29,Elba Tejedor-Samper,Tarragona
Carne,2.69,8,2025-11-14,Luisina Heras Sancho,Guadalajara
Arroz,14.21,9,2025-09-10,Dionisia Anguita Palmer,Soria
Huevos,4.63,7,2026-03-28,Adolfo Sales Borrell,Málaga
Arroz,8.6,5,2025-09-13,Samuel Mascaró Sanmartín,Ávila
Huevos,7.09,7,2026-05-24,Jose Antonio Bayón Huerta,Barcelona
Azúcar,7.98,7,2025-10-03,Gala Arnal,Burgos
Aceite,15.51,4,2025-09-16,Yaiza Mas Domingo,Lugo
Pan,2.87,10,2025-11-02,Pía Marqués,Ciudad
Pollo,3.37,3,2025-11-26,Guadalupe Aránzazu Villegas Gimeno,Santa Cruz de Tenerife
Huevos,1.31,8,2025-10-05,Isidoro Mateos Álvarez,Burgos
Huevos,4.21,4,2026-03-22,Rosario Leal,Sevilla
Café,11.64,4,2026-05-16,Brunilda Bravo-Alcalá,La Rioja
Pollo,15.33,2,2025-10-31,Candelas Pou Aramburu,Sevilla
Aceite,1.96,5,2026-02-16,Jose Angel Salazar-Jaén,Jaén
Pollo,3.51,8,2025-11-18,Arturo Aurelio Sedano Espejo,Ceuta
Pan,1.88,3,2026-03-13,Adoración Otero Marí,Valencia
Pollo,9.65,8,2026-04-30,Trinidad Castro Gámez,Cádiz
Pan,15.72,7,2025-08-10,Clara Alfonso Franch,Asturias
Aceite,5.82,5,2026-01-02,Baltasar Vara Bonet,Huesca
Leche,10.75,8,2025-05-30,Amelia Tapia-Gutiérrez,Cuenca
Aceite,11.9,2,2026-02-05,Salvador Osuna Fernández,Vizcaya
Arroz,16.78,3,2026-04-15,Nydia Cardona Jordá,Guadalajara
Leche,1.91,9,2025-12-07,Rufina Luna,Valencia
Pollo,6.59,8,2025-10-10,Xavier Mayoral Martorell,Asturias
Azúcar,6.05,3,2026-03-03,Simón Gálvez-Carvajal,Palencia
Pollo,2.21,1,2025-06-07,Baldomero Moya Corbacho,Valladolid
Queso,16.22,6,2026-01-12,Valerio Iglesia Cuadrado,Segovia
Pollo,17.36,5,2025-12-10,Azucena Bárcena,Tarragona
Aceite,13.11,6,2025-09-14,Renata del Álamo,Salamanca
Arroz,15.62,3,2025-10-07,Hernando Román Múñiz,Teruel
Pollo,17.9,2,2026-01-29,Nuria Alegre-Jordán,Sevilla
Queso,19.93,4,2026-04-26,Nando Robledo Sanmartín,Santa Cruz de Tenerife
Carne,14.81,7,2025-11-07,María Pilar Gargallo,Lleida
Carne,15.61,9,2026-03-19,María Teresa Serra Simó,Ceuta
Carne,17.74,6,2025-10-09,Amador Alegre-Mayoral,Cádiz
Queso,16.38,4,2025-06-17,Francisca Montoya Bastida,Huesca
Huevos,2.02,2,2025-11-11,Concha Belda,Ceuta
Carne,7.55,3,2025-08-01,Nicolás Valderrama Duarte,Zaragoza
Pollo,13.63,9,2025-06-25,Eva María Pinilla Cañellas,Pontevedra
Arroz,18.08,8,2025-11-09,Carmela Etelvina Tamayo Isern,Valladolid
Huevos,1.89,3,2025-06-24,Berto Cañellas-Reig,Melilla
Queso,11.63,4,2026-02-27,Aitana Malena Vila Perales,Girona
Aceite,9.08,10,2025-12-22,Hilda Peñas Borrell,Cuenca
Leche,12.66,1,2026-01-07,Eutimio Samuel Campillo Prado,Cádiz
Pan,13.71,7,2025-09-27,Gertrudis Zabala Pascual,Cáceres
Azúcar,7.03,2,2025-10-15,Saturnino Amor Ferrández,Asturias
Carne,4.6,1,2025-09-04,Samanta Itziar Manso Suárez,Ourense
Pollo,6.14,3,2025-11-19,Luz Seco Aranda,Ourense
Arroz,18.26,6,2025-10-26,Lorenza Flor Palau,Asturias
Huevos,11.07,2,2025-08-03,César Coello Zaragoza,Huesca
Carne,15.98,1,2026-03-23,Ruperta Mayo-Castilla,Baleares
Leche,1.7,10,2026-02-24,Eutropio Domingo Reig,Baleares
Pollo,16.58,7,2026-05-13,Marianela Barriga-Alarcón,Girona
Queso,11.04,8,2025-12-05,Eleuterio Pintor Merino,Toledo
Huevos,2.23,6,2026-03-14,Edelmira Domingo Baños,Cuenca
Azúcar,7.42,7,2026-02-17,Piedad Tapia Jaume,Asturias
Carne,6.67,1,2025-07-05,Macario Riquelme Pablo,Valladolid
Café,16.61,6,2025-08-04,Nazaret Luján,Salamanca
Pollo,17.11,6,2026-05-15,Renato Pedro Olivé,Zamora
Arroz,13.2,10,2025-06-19,Pío Sosa Santos,Navarra
Pollo,11.86,3,2026-01-10,Lucila Robledo Quintana,Álava
Aceite,6.69,5,2025-11-10,Francisco Jose Portero Velasco,Guadalajara
Carne,10.4,2,2026-02-05,Paca del Sola,Zaragoza
Pan,5.48,2,2026-03-03,Leocadio Gonzalez Porcel,Navarra
Arroz,6.55,1,2025-12-15,Balduino Chaparro Adadia,Murcia
Queso,16.79,5,2026-01-23,Nuria Somoza Miralles,Castellón
Café,18.89,3,2025-07-07,Esmeralda de Alberdi,Soria
Queso,13.72,8,2026-04-28,Mar Vicens Maldonado,Málaga
Pan,19.75,9,2025-10-07,Mario del Ferrera,Guadalajara
Carne,16.62,8,2025-11-11,Concepción de Larrea,Lleida
Azúcar,6.92,6,2025-08-12,Hipólito Llamas Salgado,León
Arroz,4.47,2,2026-03-14,Dominga Niño Pallarès,La Coruña
Pan,3.04,7,2025-11-06,Wálter Gomez Jordá,Palencia
Pan,2.36,3,2025-09-10,Goyo de Vives,La Coruña
Pollo,8.52,6,2026-03-08,Herminia Campo Marti,Sevilla
Aceite,11.88,4,2025-10-16,Cecilio Quevedo Larrea,Valladolid
Arroz,9.91,1,2026-03-22,Ema Andrés Nogués,Badajoz
Pollo,1.52,10,2025-07-06,Benigno de Paniagua,Ceuta
Carne,8.92,7,2025-08-11,Vito Céspedes-Cabrera,Navarra
Café,5.83,4,2026-03-16,Adelardo Florentino Parejo Martinez,Cáceres
Leche,12.31,8,2026-02-26,Marino Piña-Fabregat,Ciudad
Pan,19.76,5,2025-08-07,Tristán Tamarit-Barriga,Zamora
Arroz,3.03,7,2025-12-08,Josefa Guitart Ponce,Alicante
Huevos,1.8,1,2025-10-19,Cristian Gilabert Chaves,Tarragona
Azúcar,2.05,6,2025-11-21,Eustaquio de Torrent,La Coruña
Carne,5.72,4,2026-02-15,Jose Carlos Pedrosa Iñiguez,Lleida
Queso,3.48,10,2026-02-12,Estrella López Cuéllar,Cuenca
Leche,7.1,8,2026-02-17,Dulce Silva-Ballester,Asturias
Queso,9.34,8,2025-09-02,Fátima Fonseca Tena,Granada
Café,13.12,9,2026-03-13,Ruperto Reig Perales,Sevilla
Café,13.52,2,2026-05-25,José Ángel Amador Ribas,Huelva
Azúcar,9.63,4,2026-03-20,Emigdio Quero Montaña,Cáceres
Arroz,3.99,6,2026-01-10,Marcio Mendizábal Ortiz,Cáceres
Arroz,17.31,2,2025-06-07,Damián Urbano Bartolomé Leiva,Pontevedra
Azúcar,14.07,6,2026-04-06,Reina del Tovar,Soria
Carne,8.58,3,2026-03-30,Juanita Tomas Fuertes,Cantabria
Carne,6.72,6,2025-11-25,Isaac Diez,Baleares
Aceite,9.92,1,2026-02-22,Cruz Tejera Almansa,Ávila
Huevos,15.66,3,2026-03-25,Salvador del Gelabert,Álava
Aceite,5.35,2,2025-10-26,Genoveva de Folch,La Rioja
Queso,5.41,10,2026-03-16,Ramona Vicente Calderon,Valladolid
Aceite,4.64,6,2025-08-03,Dalila Lloret,Cuenca
Carne,10.52,5,2026-05-24,Filomena Encarnita Lago Moles,Ávila
Aceite,3.08,5,2025-08-04,Tomasa García Pizarro,Ceuta
Arroz,3.18,6,2025-11-14,Calixto Peñalver Viana,Burgos
Queso,19.93,4,2026-02-18,Candela Iniesta Cuenca,Barcelona
Leche,8.28,3,2025-09-21,Juan Pablo Vilaplana Olivares,Salamanca
Queso,15.35,5,2025-12-28,Tere Ayllón Gargallo,Jaén
Pan,1.4,8,2025-08-10,Rafa Paniagua Alsina,Málaga
Carne,11.84,3,2026-03-31,Merche Anastasia Ferrer Vergara,Huelva
Aceite,9.68,9,2025-06-05,Teresita Mateu Salinas,Toledo
Pollo,19.17,1,2025-06-23,Ámbar Guillen Batalla,Navarra
Carne,10.55,5,2025-12-31,Odalys Francisco Solera,Navarra
Carne,16.03,7,2025-11-13,Ariadna Casas Sola,Toledo
Huevos,12.84,3,2025-11-13,Efraín Ramón Agullo Esteban,Pontevedra
Aceite,0.8,5,2026-03-03,Lupe Peláez-Revilla,Navarra
Pollo,17.97,3,2025-08-30,Atilio Cuadrado Sastre,León
Carne,11.98,5,2025-08-18,Susana Madrigal Amores,Burgos
Huevos,10.14,4,2025-08-03,Mario Rocha-Baquero,Murcia
Pollo,5.92,7,2025-07-16,Yésica del Román,Álava
Pan,10.15,6,2026-01-10,Paco Mosquera-Seguí,Madrid
Queso,15.71,2,2026-02-04,León Ochoa Ripoll,Jaén
Carne,10.59,1,2025-09-28,Santos de Barranco,Granada
Carne,1.36,9,2026-02-23,Anunciación Judith Poza Quintero,Ceuta
Aceite,7.86,4,2026-01-10,Angélica Robledo Velasco,Pontevedra
Queso,16.86,4,2026-01-05,Felisa Moll Cárdenas,Badajoz
Aceite,9.78,7,2025-07-15,Lucio Julio Cabrero Valls,Las Palmas
Queso,8.33,7,2025-08-04,Palmira Yésica Teruel Arellano,Las Palmas
Carne,11.04,1,2025-12-21,Donato Nieto Mayoral,Las Palmas
Azúcar,17.05,5,2025-10-25,Alfonso Calderón-Velázquez,Vizcaya
Aceite,19.43,3,2025-06-05,Dionisio Marti Jurado,Guadalajara
Queso,10.47,5,2025-09-26,Daniela Rebollo Casas,Zamora
Aceite,9.07,8,2025-11-13,Rodrigo Coll Corominas,Badajoz
Queso,18.69,8,2026-01-15,Leyre Sánchez,Ciudad
Leche,18.7,10,2025-11-12,Judith Garriga Echevarría,Asturias
Leche,4.43,4,2026-03-14,Mireia Jenny Pinto Medina,Guipúzcoa
Carne,19.91,7,2026-02-27,Jovita Pérez Sanmartín,Vizcaya
Café,13.43,10,2025-09-30,Pili Salgado Torres,Pontevedra
Huevos,2.79,3,2026-01-09,Eric Vallés Matas,Ourense
Azúcar,7.84,9,2026-02-15,Bartolomé Vázquez Jáuregui,Guipúzcoa
Huevos,3.18,4,2025-08-31,Ciriaco Valencia Pintor,Palencia
Azúcar,7.35,4,2025-11-26,Tristán Luque Pera,Vizcaya
Aceite,1.69,4,2025-06-23,Milagros Sans Alfaro,Baleares
Café,13.36,10,2026-04-16,Julieta Feliciana Peralta Comas,Guipúzcoa
Pan,7.29,2,2025-08-29,Gabriel Ríos Andrade,Zaragoza
Pan,19.38,4,2026-01-08,Pacífica Dávila Leon,Lugo
Huevos,12.85,9,2025-08-23,Abel Rozas Ros,Guadalajara
Aceite,17.96,5,2025-11-01,Américo Torres Luna,La Rioja
Arroz,14.75,3,2026-05-18,Angelita Benavides Almeida,Santa Cruz de Tenerife
Carne,10.81,6,2025-07-31,Noemí Cobo González,Granada
Pollo,17.25,2,2025-10-22,Marisa Tamarit Canet,Madrid
Aceite,15.03,8,2026-02-04,Ramiro Fabregat Cid,Burgos
Pollo,0.75,6,2025-10-19,Carmina Barros Coca,Vizcaya
Carne,6.37,1,2025-09-01,Juan Francisco Acuña,Santa Cruz de Tenerife
Azúcar,2.38,6,2025-06-02,María Dolores Bello Ponce,Lleida
Arroz,9.72,9,2025-12-14,Etelvina Cepeda Lago,Ciudad
Queso,13.54,5,2026-03-10,Ramiro Graciano Galan Araujo,Teruel
Arroz,11.79,8,2026-01-08,José Luis Cristóbal Ferrández Azorin,Jaén
Huevos,14.5,9,2025-11-27,Juan Sanabria Aller,La Coruña
Carne,12.32,4,2025-09-22,Ruben del Valdés,Córdoba
Pollo,11.25,8,2025-06-29,Rosa Saavedra,Palencia
Azúcar,11.58,10,2025-06-02,Iris Haro Gracia,Badajoz
Pan,16.4,4,2026-05-01,Germán Leon Pagès,Palencia
Leche,9.93,5,2025-10-14,Roxana Flor Carranza,Pontevedra
Pollo,14.12,8,2026-03-14,Piedad Cáceres Requena,Valladolid
Leche,1.66,3,2025-06-19,Guiomar del Aramburu,Valencia
Leche,15.35,8,2025-06-18,Josué Roldan Valderrama,Cantabria
Café,18.31,1,2026-05-02,Olga Miranda Cabello,León
Huevos,17.89,4,2026-02-10,Virgilio Alvarado,Cuenca
Carne,14.8,10,2025-10-02,Rosa María Bertrán Alberola,Madrid
Café,15.83,1,2026-01-18,María Teresa Viña Amores,Huelva
Pollo,18.61,7,2025-11-12,Adelia del Ordóñez,Soria
Pollo,8.01,8,2025-07-20,Evelia Rosselló Vall,Ourense
Aceite,18.1,1,2025-10-23,Amalia Perales Barros,Huesca
Arroz,15.66,8,2025-12-16,Emperatriz Isabel Roda Ribas,Alicante
Arroz,10.82,6,2026-05-01,Simón del Sans,Segovia
Pollo,8.3,2,2026-01-07,Fabio Barros Torre,La Coruña
Pan,6.56,4,2026-01-26,Gema Cardona Calvo,Badajoz
Pan,8.13,2,2025-08-20,Chus Eva María Piñol Vall,La Coruña
Arroz,4.34,4,2025-10-19,Reinaldo Peinado-Caparrós,Soria
Azúcar,5.11,4,2026-05-21,Ceferino Sáez,Lugo
Carne,19.65,6,2025-08-06,Angelina Segarra Gimeno,Almería
Carne,7.49,8,2026-05-01,Francisco Sandoval-Losa,Soria
Pan,11.35,8,2025-11-12,Constanza Sánchez Simó,Álava
Carne,17.21,3,2026-04-26,Olimpia Rozas,Cáceres
Queso,10.7,3,2026-01-19,Adela Fonseca Navarro,Málaga
Pollo,17.5,9,2026-04-14,Margarita Fabiana Llabrés Crespi,Ciudad
Pollo,7.4,8,2025-12-12,Rafael Martinez Maestre,Cáceres
Pan,0.76,4,2025-09-26,Isaura Galiano Sarmiento,Asturias
Huevos,12.19,5,2025-12-16,Teodora Cano Coloma,Albacete
Carne,15.72,3,2026-02-27,Macarena Clavero Rincón,Badajoz
Leche,8.33,2,2025-11-24,Ildefonso Roque Marco Villegas,La Rioja
Arroz,7.1,5,2026-04-19,Eugenio Porfirio Donoso Cañellas,Salamanca
Huevos,6.31,6,2026-04-14,Isa Simó Zaragoza,Albacete
Aceite,7.66,9,2025-12-21,Clementina Iglesias Bertrán,Badajoz
Leche,2.06,6,2026-05-04,Vidal Barco Castilla,Navarra
Carne,1.2,3,2025-09-13,Olegario Guijarro Salvà,Ourense
Pan,6.2,10,2025-10-04,Valeria Duarte Rico,Álava
Huevos,5.26,4,2026-02-07,Juliana del Amores,Guipúzcoa
Carne,19.0,3,2026-01-30,José María Amo Sancho,Burgos
Queso,4.97,7,2026-03-24,Cruz Varela-Pedraza,Ciudad
Huevos,5.25,7,2026-02-27,Pilar Arnau Larrañaga,Zaragoza
Pollo,8.48,2,2025-06-30,Juan José Salom-Arteaga,Tarragona
Arroz,10.71,10,2025-12-17,Asunción Boada Franco,Huelva
Huevos,4.2,10,2025-08-25,Jose Carlos Sanjuan,Málaga
Arroz,10.65,1,2026-01-27,Gerónimo Lucena-Tormo,Albacete
Huevos,1.77,10,2025-07-06,Apolinar Miguel Seguí,Ciudad
Café,6.55,5,2025-07-18,Bernarda Marco Cadenas,Burgos
Leche,10.22,4,2025-09-08,Alcides Ortega Cuenca,Melilla
Aceite,13.59,8,2025-12-25,Camilo Flavio Vergara Cabanillas,Sevilla
Pollo,12.56,4,2026-01-11,Calixta Rodrigo,Toledo
Huevos,13.61,5,2025-05-29,Blas Suárez Valderrama,Guadalajara
Queso,18.52,5,2025-08-08,Ruy Cifuentes Llobet,Valladolid
Café,17.05,5,2026-01-03,Esmeralda Blanca,Sevilla
Leche,14.96,9,2026-05-03,Carla Blanes Clemente,Vizcaya
Huevos,4.41,8,2025-08-28,Lupita Jódar Cózar,Sevilla
Arroz,17.74,5,2025-12-20,Bienvenida Ramona Mena Francisco,Córdoba
Azúcar,15.24,9,2025-08-19,Jenaro Ismael Calzada Artigas,Tarragona
Azúcar,8.89,5,2026-02-01,Joel Cortés,La Rioja
Huevos,2.54,5,2026-02-21,Jafet Balaguer-Melero,Sevilla
Café,17.41,5,2026-05-21,Dimas Verdejo Bernal,Málaga
Leche,16.03,3,2026-02-10,Rosa María Sosa Solé,Lugo
Aceite,16.1,10,2025-07-10,Marino Carrasco-Barroso,Cuenca
Pollo,10.26,7,2026-02-08,Renata Farré,Ciudad
Arroz,7.29,6,2025-06-06,Isabel Macías,Ourense
Pollo,11.08,5,2025-07-25,Vidal Calzada,Soria
Arroz,19.83,9,2025-12-07,Leopoldo Caro Benavides,Guadalajara
Aceite,1.55,10,2026-02-17,Carlota Iglesia Blasco,Madrid
Queso,6.27,8,2026-05-22,Brígida Pedraza Armas,Zamora
Carne,6.0,2,2025-10-15,Fabián Juárez,Las Palmas
Café,15.84,4,2026-01-06,Reyes Zamorano Amorós,Valladolid
Pan,13.32,5,2026-02-09,Azahara Gimeno Valcárcel,Lugo
Carne,14.98,3,2026-01-29,Fanny Pla Barba,Guadalajara
Azúcar,17.61,6,2025-11-16,Gema Sandra Borrego Barrena,Lleida
Pollo,15.18,3,2025-10-23,Olalla Plana-Díaz,Albacete
Huevos,18.4,9,2025-08-03,Cecilio Iniesta Fuente,Sevilla
Carne,6.11,8,2026-02-06,Isidro Villaverde Segarra,León
Pan,16.14,1,2026-04-18,Nacho Epifanio Gual Vilalta,Almería
Pollo,9.24,9,2025-08-21,Haydée Falcón-Cervera,Navarra
Leche,9.74,7,2025-06-14,Teófilo Roldán Villalobos Bejarano,Guipúzcoa
Arroz,18.79,2,2025-07-25,Omar Perales Cortes,Lugo
Café,3.34,3,2025-07-17,Albino Vilar Losa,La Rioja
Café,1.78,7,2026-04-06,Leonor Gascón Uribe,Almería
Carne,18.22,7,2025-09-27,Eduardo Vélez-Cañete,Alicante
Leche,12.78,5,2025-11-13,Nazaret Tejero Crespi,Soria
Azúcar,12.22,4,2025-11-01,Eli Llabrés Murcia,Vizcaya
Queso,19.03,9,2025-11-02,Elisa Grau Colom,Cantabria
Azúcar,5.25,10,2026-04-02,Carmela Cortes-Calleja,Cuenca
Café,2.81,10,2026-03-20,Trini Castejón,Cuenca
Aceite,3.11,3,2025-10-12,Soledad del Lago,Santa Cruz de Tenerife
Carne,16.59,10,2025-08-12,Humberto Lladó Galindo,Ávila
Pollo,2.67,1,2026-04-24,Cristian de Oliver,Jaén
Café,14.74,1,2025-06-28,Gervasio Dalmau Gabaldón,Santa Cruz de Tenerife
Café,10.49,6,2025-07-28,Benjamín Verdejo Carrera,Álava
Café,18.37,9,2025-07-07,Ariadna Mayo Crespi,Teruel
Leche,15.18,6,2026-02-20,Eric Alfaro Ballesteros,Albacete
Huevos,2.82,6,2025-10-28,Loreto Verdejo Fajardo,La Rioja
Leche,18.63,2,2026-05-14,Ainoa Maestre Ramírez,Cádiz
Leche,19.39,3,2025-07-26,Fortunato Rincón-Romero,Alicante
Huevos,17.96,3,2025-06-23,Graciana Chico,Baleares
Pan,2.43,5,2025-07-31,Tomás Lerma Lerma,Cantabria
Leche,5.38,4,2026-05-10,Isabel Amaya Narváez,Ourense
Queso,16.36,9,2025-05-27,Cruz de Castelló,Cádiz
Café,13.02,7,2025-06-23,Celestino Pozuelo,Toledo
Arroz,7.88,9,2025-06-08,Luis Miguel Uribe Luna,Madrid
Carne,10.58,6,2025-10-16,Carlota Calderón Marquez,Pontevedra
Carne,8.33,9,2025-09-20,Isaura Ordóñez Álvaro,Castellón
Carne,1.35,9,2025-08-10,Esther de Granados,Cantabria
Carne,4.18,4,2025-08-26,Ángel Calvet,Albacete
Carne,17.61,6,2025-06-07,Pascual Miguel-Coloma,Girona
Pan,16.17,8,2025-07-04,Concha Benet Barba,La Coruña
Café,12.21,3,2026-04-29,Eliana Agudo Jove,Málaga
Queso,11.44,7,2025-12-04,Jose Miguel Matas Bolaños,Asturias
Huevos,10.95,2,2025-08-02,Roque Llano Iniesta,Vizcaya
Queso,3.19,1,2025-07-06,Delfina Arnal Osorio,Burgos
Azúcar,12.8,7,2025-08-03,Custodio Campillo-Doménech,Granada
Café,13.32,3,2026-01-02,Domingo Santana Vall,Ciudad
Pollo,19.51,1,2025-11-06,Eutimio del Crespi,Álava
Queso,13.93,4,2026-03-06,Nacio Herrero Flores,Cuenca
Arroz,11.09,2,2026-01-29,Carmela Novoa Lozano,Almería
Azúcar,7.96,9,2025-07-08,Ricardo Tejero Andrés,Castellón
Café,2.52,6,2026-05-12,Carmela de Jordán,La Coruña
Aceite,12.49,6,2025-06-20,Sol Roldan Ayllón,Las Palmas
Carne,12.0,4,2025-06-17,Esperanza Aramburu Feliu,Burgos
Café,5.59,6,2025-08-28,Teófilo del Jara,Cáceres
Café,12.32,4,2025-11-17,Rosalinda Escolano-Uría,Segovia
Queso,6.02,4,2025-12-16,Cornelio de Tovar,Toledo
Leche,6.33,1,2025-12-10,Wálter Celestino Giménez Caparrós,Albacete
Aceite,11.75,4,2025-06-11,Yaiza Purificación Castro Saldaña,Lleida
Pollo,5.12,9,2025-07-06,Cruz Casares,Ourense
Azúcar,4.9,3,2025-11-21,Caridad Amaya Macias,Pontevedra
Carne,4.47,5,2025-10-26,Demetrio Escalona Piñeiro,Ciudad
Queso,12.76,6,2025-07-27,Hugo Corominas Menéndez,Navarra
Carne,5.64,8,2025-08-12,Cintia Aznar-Nadal,La Coruña
Café,15.3,5,2026-05-23,Amaro Luis Ángel Benavente Navarrete,Melilla
Arroz,15.53,5,2025-07-13,Griselda del Montesinos,Málaga
Pollo,17.36,9,2025-10-12,Trini Piña-Carvajal,Ceuta
Pan,16.21,3,2025-07-30,Fátima Ballesteros Verdugo,Ávila
Leche,9.14,8,2026-05-09,Lorena de Conde,Pontevedra
Huevos,11.47,10,2025-08-24,Jacobo Gálvez Bernal,Castellón
Huevos,17.46,7,2025-10-27,Olegario Murillo Pineda,Baleares
Huevos,18.93,9,2026-03-05,Édgar González Baena,Almería
Pollo,8.9,6,2025-12-15,Alfredo Nico Alfaro Iñiguez,Cádiz
Queso,15.33,4,2025-12-20,Sarita Téllez-Marquez,León
Azúcar,12.65,6,2025-09-05,Celia Reguera Martinez,Navarra
Pollo,18.35,5,2025-07-19,David del Nuñez,Castellón
Pollo,2.74,10,2025-06-15,Sigfrido Adrián Riquelme Berrocal,Girona
Arroz,17.32,9,2025-11-27,Dora Tello Codina,Barcelona
Pan,1.51,3,2026-01-10,Pablo Iñiguez,Guipúzcoa
Aceite,0.63,4,2025-09-07,Fito Collado Solís,Guadalajara
Leche,0.62,8,2026-02-23,Dionisio Arranz Bermudez,Castellón
Arroz,6.44,5,2026-01-20,Selena Juliá Cadenas,Segovia
Leche,9.11,4,2025-12-03,Teobaldo Baeza Marí,Santa Cruz de Tenerife
Pollo,7.77,5,2025-07-24,Clara Agustí-Lozano,Cantabria
Café,6.72,8,2025-09-18,Alba Abril Pont Varela,Guadalajara
Carne,2.94,10,2026-05-17,Rafa Alcalá,Segovia
Queso,1.69,5,2025-07-24,Máximo Muro Ibáñez,Ciudad
Pollo,7.46,7,2025-10-09,Luciano Falcó Arévalo,Teruel
Pollo,7.99,8,2026-05-14,Victor Aznar Pino,Valladolid
Pan,1.07,7,2025-06-18,Zaida Quintero Blanca,Granada
Carne,11.1,9,2025-09-29,Erasmo del Escolano,Navarra
Arroz,7.35,3,2026-05-22,Estefanía Urrutia Sánchez,Las Palmas
Pollo,16.35,5,2025-06-20,Bernarda Garmendia Zabaleta,Almería
Queso,5.33,4,2026-05-20,Poncio Bellido-Sala,Córdoba
Huevos,15.53,4,2026-04-13,Haroldo Benavent-Bueno,Palencia
Pollo,18.62,6,2025-09-15,Julieta Aparicio Riera,Guipúzcoa
Carne,15.49,8,2025-07-28,Abilio de Bolaños,Guadalajara
Pollo,14.85,1,2025-11-19,Telmo Carmelo Becerra Segovia,Toledo
Pan,5.93,4,2026-05-23,Lupe Narcisa Santamaria Vélez,Salamanca
Queso,13.11,3,2026-05-06,Nidia Huguet Tomas,Cantabria
Queso,12.07,8,2025-08-08,Edu Lucio Carlos Pellicer,Granada
Queso,2.61,3,2025-06-10,Rolando Sosimo Fajardo Barberá,Guadalajara
Arroz,10.29,8,2026-01-19,Nicolás Moliner,Cáceres
Café,16.96,9,2025-07-04,Susanita Espinosa Aguado,Lugo
Café,13.15,4,2025-08-05,Severiano Barriga Bustos,Toledo
Pan,11.25,3,2025-07-22,Roxana Díez,Tarragona
Pollo,2.23,9,2025-06-13,Cristóbal Figueroa Flor,Palencia
Pan,3.41,3,2025-09-06,Almudena Asenjo Alvarez,Segovia
Aceite,12.66,3,2025-07-31,Maxi Araujo Quiroga,Huesca
Arroz,17.41,3,2025-11-01,Lorenzo del Serrano,Ávila
Leche,1.7,3,2025-09-22,María Fernanda Abella Zurita,Ciudad
Huevos,19.21,1,2025-07-31,Olalla Gisbert-Peinado,Cáceres
Café,17.24,1,2025-10-16,Yéssica Jódar,Pontevedra
Huevos,18.32,2,2025-07-18,Francisco Hervás Cuevas,Valencia
Arroz,11.66,1,2026-03-10,Agustina Campoy Figueras,Teruel
Café,19.56,9,2026-02-01,César Felipe Toledo Rebollo,Toledo
Aceite,17.11,3,2025-09-27,Felipe Viñas,Palencia
Pan,13.33,7,2025-10-18,Manuel Ariño,Jaén
Pan,3.8,7,2025-10-11,Crescencia Iglesia,Lugo
Azúcar,2.72,9,2025-11-07,Tomás Rosell,Alicante
Pollo,16.42,3,2025-08-17,Juana Ródenas-Gaya,La Rioja
Leche,15.95,2,2026-03-04,Bonifacio Gutiérrez-Vicente,Sevilla
Queso,15.35,8,2026-05-15,Emperatriz Calleja Méndez,Zamora
Pollo,6.59,8,2026-02-11,Emelina Herrera-Puig,Vizcaya
Pollo,3.9,10,2026-02-21,Reina Tomás Manuel,Guipúzcoa
Café,8.51,8,2025-10-23,Clímaco de Bayona,Girona
Leche,7.81,3,2026-04-23,Desiderio Carrión Arévalo,Ávila
Huevos,2.97,5,2025-09-29,Baldomero Giménez Nicolás,Vizcaya
Queso,13.28,8,2025-08-21,Juan Pomares Gonzalez,Ciudad
Pollo,17.69,10,2025-07-13,Jorge Gual,Navarra
Aceite,14.92,7,2025-09-19,Paco Iborra Moya,La Rioja
Carne,9.2,10,2025-12-01,Nacio Maldonado Díez,Ciudad
Café,1.64,3,2025-07-22,Rebeca Mancebo,Salamanca
Pollo,12.79,10,2025-09-03,Calista Izquierdo-Arcos,Barcelona
Aceite,19.49,3,2025-12-23,Tere Exposito Juliá,Cáceres
Queso,18.18,5,2025-09-29,Alejandra Manola Miguel Seco,Albacete
Aceite,19.93,2,2025-12-08,Manuel Diéguez Peralta,Castellón
Huevos,19.72,10,2025-12-27,Segismundo Madrigal,Zaragoza
Aceite,8.04,1,2025-07-04,Amaro Pi Amigó,Palencia
Queso,8.13,4,2026-03-25,Raquel Encarnacion Falcón Aguilar,Ciudad
Azúcar,9.43,4,2025-08-26,Sofía Montoya-Mayoral,Teruel
Café,5.08,7,2025-06-06,Benito del Alcolea,Tarragona
Café,18.45,4,2025-12-03,Alberto Polo Santiago,Guipúzcoa
Pan,3.39,1,2025-07-19,Roque Germán Laguna Cepeda,Cáceres
Pan,9.97,8,2025-06-14,Armida Fonseca-Rueda,Albacete
Pollo,17.62,8,2025-08-10,Estrella Pacheco Azorin,Alicante
Carne,1.5,5,2025-06-05,Pepito Esteban Acevedo,Cantabria
Pan,2.92,7,2026-02-07,Julieta Fabra,Cantabria
Aceite,15.24,9,2026-04-20,Sonia Narváez Arteaga,Barcelona
Arroz,10.87,5,2025-09-08,Abigaíl Exposito Querol,Murcia
Arroz,19.36,9,2025-06-05,Rafael Rosado Egea,Cuenca
Pollo,5.04,3,2025-08-25,Pilar Mancebo Hidalgo,Cuenca
Huevos,4.12,6,2026-04-18,Nydia Olivares Soriano,Cádiz
Café,19.01,1,2026-03-25,Purificación Máxima Casado Andrés,Las Palmas
Arroz,17.98,6,2026-03-23,Ana Belén Navarro-Pina,La Coruña
Queso,12.64,6,2025-11-02,Eloísa de Flor,Murcia
Aceite,18.95,8,2025-08-02,Joan Cánovas Portillo,Huelva
Aceite,5.6,5,2026-03-05,Loreto Ribas Amaya,Santa Cruz de Tenerife
Queso,4.25,5,2025-12-25,Cipriano Vilanova Martín,Asturias
Leche,5.85,9,2025-10-23,Nicolasa Barbero Osuna,Guipúzcoa
Café,16.5,2,2026-03-25,Jenaro del Segovia,Zamora
Aceite,7.09,1,2026-01-15,Roxana Sáez Soriano,Cuenca
Queso,16.36,5,2025-09-12,Alma Garcés Campo,Ávila
Aceite,4.85,4,2025-10-30,Vinicio Aroca González,Madrid
Pollo,17.72,8,2026-03-30,Rita Fabregat,Huelva
Pollo,8.57,6,2025-08-17,Olivia Domitila Reina Barrena,Albacete
Azúcar,8.68,9,2026-02-04,Dulce Vergara Guzman,Zamora
Pollo,18.67,3,2025-08-04,Faustino Ayllón Peñas,Almería
Pollo,16.13,8,2026-04-03,Marcelo Bautista Solera,Álava
Huevos,4.34,7,2026-05-10,Danilo del Villalobos,Salamanca
Arroz,5.24,5,2026-04-19,María Del Carmen Terrón,Teruel
Café,6.34,7,2025-08-19,Edelmiro Niño,Guadalajara
Queso,14.1,10,2026-05-16,Nacio Baquero-Carro,Valladolid
Pollo,5.95,3,2025-12-31,Sarita Zorrilla Rius,Guipúzcoa
Azúcar,4.2,6,2026-02-28,Oriana del Gual,Ceuta
Pan,3.09,7,2025-10-17,Bienvenida Múgica Cañizares,Melilla
Queso,1.03,8,2025-08-26,Clarisa Lorena Calatayud Rocamora,Cádiz
Huevos,11.86,6,2025-05-28,Fausto Contreras Pallarès,Guadalajara
Queso,10.73,7,2026-01-21,Carmen Pallarès Gual,Vizcaya
Leche,19.78,5,2026-01-12,Bernarda Azcona Escolano,Alicante
Azúcar,1.06,9,2026-01-17,Lupe Maldonado-Roca,Cantabria
Carne,14.58,3,2026-03-08,Eusebia Alsina Fernandez,Ourense
Azúcar,12.13,8,2025-09-03,Federico Medina Mas,Castellón
Azúcar,9.09,10,2025-12-28,Pilar Iglesia Toro,Burgos
Café,5.14,2,2026-04-24,Curro Tejedor-Aliaga,Alicante
Pollo,3.42,4,2026-01-22,Crescencia Roselló Pérez,Toledo
Arroz,15.97,10,2026-04-23,Eric Infante Bermejo,La Coruña
Aceite,1.46,4,2025-10-07,Alex Lalo Tamayo Ochoa,Navarra
Huevos,1.98,6,2025-08-10,Aníbal Bernat Sanchez,Barcelona
Huevos,3.1,1,2025-12-21,Alexandra Barrera Valderrama,Melilla
Aceite,1.36,5,2026-01-11,Claudia Antón-Almagro,Álava
Carne,6.0,8,2025-08-12,Leopoldo Almansa Trillo,Ciudad
Pan,8.02,7,2025-10-12,Úrsula Campos Giralt,Ceuta
Leche,7.3,1,2026-02-23,Amílcar Boix Armengol,Valencia
Azúcar,14.42,1,2025-12-17,Elena Carrión Alcaraz,Asturias
Pan,19.21,10,2026-01-06,Nazaret Sosa Cepeda,Valladolid
Café,3.08,1,2026-05-20,Bienvenida Doménech Vázquez,Granada
Queso,16.91,2,2026-03-21,Goyo Tomás Porcel,Teruel
Aceite,1.68,8,2026-04-01,Silvestre del Doménech,Huelva
Carne,8.31,7,2026-02-24,Eva María Borrego Valenzuela,Lugo
Aceite,13.13,8,2026-02-27,Anselma Peña-Girón,Girona
Huevos,14.89,8,2025-11-04,Margarita Beltran Pinilla,Badajoz
Pan,1.79,4,2025-10-18,Anselma Bueno Milla,Palencia
Huevos,7.05,6,2026-03-20,Elodia Uría Bermúdez,Teruel
Queso,9.29,3,2026-05-11,Toño Camino-Araujo,Ávila
Carne,13.11,1,2026-02-13,Claudia Zaida Jurado Ribas,Guadalajara
Queso,3.11,3,2025-07-16,Asunción del Mascaró,Almería
Azúcar,7.89,5,2025-08-31,Cornelio Baños Romeu,León
Queso,19.54,5,2026-05-18,Manuel Alvarez Cuevas,Navarra
Leche,6.59,9,2025-07-27,Josué Villalobos Lobo,Toledo
Pan,15.66,9,2026-03-08,Alexandra Segura Cantón,Vizcaya
Leche,17.4,6,2025-12-13,Ciriaco Ayala Royo,Santa Cruz de Tenerife
Huevos,11.96,7,2025-12-17,Espiridión Cordero Navas,Málaga
Queso,4.03,10,2025-11-29,Santos Casal Padilla,Ciudad
Queso,18.45,4,2025-12-19,Viviana Arnaiz Pallarès,Lugo
Pan,10.55,4,2025-05-27,Cloe Barón Calleja,Huesca
Café,15.51,8,2026-01-20,Samuel Aragonés,La Rioja
Aceite,19.28,7,2026-04-17,Sarita Casal Puig,Valladolid
Huevos,10.28,4,2026-04-07,Tamara Cervantes Gelabert,Guadalajara
Leche,3.72,9,2025-09-28,Nando Arnaiz Martin,Ávila
Café,18.08,1,2025-09-21,Dorita del Núñez,Jaén
Queso,16.73,4,2025-07-15,Jaime Bueno Peralta,Guipúzcoa
Leche,12.68,3,2025-12-10,Azucena Lago Comas,Zaragoza
Pan,17.16,5,2026-01-31,Alberto Marin Solís,Lleida
Pollo,1.42,10,2026-01-14,Teo del Palomares,Badajoz
Arroz,19.72,4,2025-12-26,Fabio Arenas Cámara,Palencia
Café,5.37,8,2026-02-15,Viviana Cruz Frutos,Jaén
Arroz,2.57,2,2025-12-23,Lino Tejedor Font,Melilla
Arroz,4.28,6,2025-09-07,Benigno Victor Tomas Peñas,Murcia
Aceite,5.98,2,2026-05-24,Amarilis Campillo Mendoza,Málaga
Café,9.76,9,2025-12-07,Jennifer Lobato-Serra,Burgos
Aceite,15.8,2,2025-10-13,Amaro Ricart Bilbao,Badajoz
Leche,6.89,4,2026-01-01,María Teresa Egea Porta,Murcia
Queso,8.88,5,2025-10-18,Timoteo Martorell Luna,Soria
Aceite,15.24,4,2025-08-08,Pablo Fábregas Carretero,Tarragona
Huevos,19.0,7,2025-12-30,Rico Casanova,La Rioja
Pan,3.33,9,2026-02-22,Tiburcio del Mosquera,Alicante
Pan,8.96,2,2026-05-03,Juan Carlos Toledo España,Lugo
Huevos,19.96,2,2025-08-18,Vidal Núñez-Alemany,La Coruña
Carne,4.0,2,2026-02-13,Florentina Azucena Valcárcel Feliu,Asturias
Arroz,11.88,6,2025-07-04,Zaira Tomas Sainz,Segovia
Pollo,1.15,9,2026-05-14,Oriana Maldonado,Tarragona
Leche,3.81,7,2026-03-23,Cesar Rueda-Mancebo,Castellón
Leche,18.98,7,2025-11-04,Kike Jove Merino,Jaén
Queso,7.66,9,2025-06-23,Gervasio Arranz Abad,Soria
Arroz,8.08,3,2026-04-05,Rebeca Heras-Salamanca,Cuenca
Queso,15.92,8,2026-02-28,Amalia Adán Agullo,Guipúzcoa
Arroz,19.06,7,2026-02-15,Santos Ribes Álvarez,Álava
Carne,1.19,5,2025-10-21,Saturnina Rosell Agustín,Navarra
Leche,11.82,8,2025-10-08,Nilda Ruano Lerma,León
Azúcar,7.69,5,2025-10-05,Joaquín Villena Ávila,Teruel
Pan,7.47,9,2025-09-18,Reyna Cortina,Teruel
Azúcar,12.23,1,2025-10-17,Mauricio Gilabert Blanes,Lleida
Pollo,9.13,1,2026-04-01,Silvestre Cruz Giner,Melilla
Pan,17.04,5,2026-03-16,Josué de Pino,Jaén
Carne,19.15,1,2026-03-02,Fidela Huertas Garcés,Almería
Pollo,19.07,10,2025-10-01,Claudia Adán-Rojas,Alicante
Pan,9.04,2,2025-10-29,Joaquín del Poza,Huesca
Pollo,14.1,2,2025-07-21,José Nieto Estévez,Ourense
Azúcar,9.67,8,2025-08-24,Tomás Pablo Coca,Córdoba
Café,2.28,2,2025-10-30,Petrona Benavides Gilabert,Huelva
Pollo,12.16,3,2025-11-02,Emperatriz Brígida Lillo Cuenca,Álava
Pollo,8.36,2,2025-12-23,Nico del Amor,Álava
Queso,16.72,10,2026-04-06,José María Jerónimo Galindo Sedano,Sevilla
Pollo,13.48,9,2025-12-03,Luis Dávila Torralba,Navarra
Queso,12.24,9,2025-11-29,Aristides Toribio Tomás Luna,Córdoba
Carne,15.07,10,2026-03-07,Olegario Rosales Porcel,Huesca
Pan,17.85,10,2026-01-04,Guiomar Paniagua Roman,Valencia
Queso,17.69,7,2026-03-17,Elba del Moya,La Coruña
Carne,8.14,7,2026-05-17,Loreto Abad,Pontevedra
Azúcar,14.15,7,2026-03-13,Amador Calixto Sobrino Rey,Girona
Aceite,7.41,3,2025-10-06,Maricela Armas Montoya,Málaga
Carne,18.52,9,2026-01-26,Julieta Vilaplana Figueroa,Cuenca
Leche,3.33,10,2026-05-20,Íñigo de Vilalta,Ceuta
Café,8.88,5,2025-06-05,Pedro Amores Morera,Granada
Leche,15.74,2,2026-04-07,Jacinta Pineda Fortuny,Melilla
Azúcar,7.84,9,2025-12-16,Celestina de Espejo,Baleares
Pollo,13.83,8,2026-05-16,Quique Guillermo Aparicio Jordán,Granada
Carne,19.74,7,2025-10-04,Nicolasa Escudero Ávila,Valencia
Leche,0.56,9,2025-10-27,Obdulia Ferrero Mendez,Córdoba
Café,10.17,7,2025-06-28,Loreto Rius Mascaró,Valladolid
Queso,6.45,1,2026-05-07,Valerio Escribano Ruano,Barcelona
Azúcar,15.3,8,2025-07-27,Nacio Aguilera Jove,Zamora
Café,14.63,5,2025-06-22,Curro Baños-Flor,Navarra
Azúcar,5.84,9,2025-08-04,Ciríaco Villena Jara,Soria
Azúcar,15.31,2,2026-02-22,Donato Cornelio Montoya Lledó,Salamanca
Pan,9.65,9,2026-03-02,Pablo Gallart Mate,Murcia
Pollo,18.25,2,2026-04-10,Ramiro Humberto Valle Alcántara,Ceuta
Carne,17.26,5,2025-08-17,Pablo Adrián Gallo Cortina,Ourense
Azúcar,13.97,3,2025-07-31,Jose Manuel Espejo Peral,Alicante
Huevos,1.36,3,2025-10-04,Brígida Font Arana,Madrid
Leche,4.62,6,2025-07-07,Luís Martorell Pereira,Baleares
Pan,5.41,9,2026-02-22,Natalio Ambrosio Gabaldón Hoz,Valencia
Azúcar,12.47,2,2025-06-19,Jordán Cervantes,Lleida
Huevos,17.7,6,2026-02-16,Gisela Alvarado Zorrilla,Ávila
Pan,9.8,9,2025-11-23,Teodora Espejo Miralles,Girona
Queso,19.77,4,2026-03-07,Victoria Alvarado-Abascal,Huesca
Queso,17.94,6,2025-07-06,Ángeles Niño Castell,Lleida
Café,6.49,8,2025-06-24,Mercedes Irene Noguera Catalán,Guadalajara
Carne,3.91,2,2026-05-05,Isidora Cadenas Aguilar,Valladolid
Aceite,13.24,4,2026-01-29,Violeta de Nicolau,Guipúzcoa
Aceite,14.18,10,2025-12-24,Cesar Toledo-Cortes,La Rioja
Queso,9.58,5,2025-05-27,Fidela Costa Varela,Granada
Carne,18.62,4,2026-03-17,Leandro Iriarte Vigil,Ciudad
Aceite,17.47,10,2025-11-21,Ciriaco Salgado Leiva,Córdoba
Carne,10.49,3,2025-10-11,Teo Palmer Alberola,Almería
Queso,18.58,2,2025-06-25,Pascual Olmedo Peña,Huesca
Pan,3.8,5,2026-02-04,Renata de Pont,Alicante
Leche,1.39,4,2025-11-03,Macaria Carballo Solsona,Ávila
Azúcar,18.71,1,2026-05-21,Noa Cabeza Molins,Cantabria
Aceite,0.58,3,2025-11-19,Anna Cantero Azorin,Álava
Aceite,10.65,2,2025-08-06,Nicanor Lerma-Jaén,Lugo
Leche,10.67,9,2026-01-09,Baldomero de Redondo,Murcia
Carne,13.43,7,2025-12-22,Nazaret Badía Adán,Vizcaya
Aceite,3.08,5,2025-10-14,Rufina Roda Jimenez,Barcelona
Café,14.22,3,2025-10-17,Carmelita Castillo,Burgos
Leche,3.7,4,2025-07-31,Brunilda Donaire Alcántara,Jaén
Huevos,9.38,2,2026-02-13,Gabriela Iglesia Tur,Granada
Azúcar,19.78,6,2025-08-29,Berta Nélida Arjona Aragón,Sevilla
Carne,13.48,1,2026-01-31,Manuelita Mateo Camps,Segovia
Café,19.42,4,2026-01-22,Pascuala Conde-Cazorla,Toledo
Café,9.28,4,2026-01-10,Flavio Palacios Pinilla,Madrid
Queso,0.64,2,2025-12-07,Ezequiel Albino Ballester Anglada,Ourense
Queso,19.59,7,2025-08-07,Sergio Rincón Arnaiz,Tarragona
Pan,10.88,10,2025-09-26,Teófilo Abellán Pujol,Córdoba
Huevos,14.15,4,2025-06-04,Ana Belén Rebeca Castillo Prada,Toledo
Azúcar,10.64,10,2026-03-30,Loida Garmendia Vergara,Álava
Leche,15.5,2,2026-04-01,Luciano Vega-Benavent,León
Azúcar,11.35,10,2025-09-16,Merche Requena Tomé,Jaén
Queso,2.71,3,2026-02-05,Micaela del Ramirez,Burgos
Pollo,16.29,8,2025-09-25,Juan de Ortiz,Granada
Café,3.43,10,2026-02-03,Pelayo Ferrero Colomer,Huelva
Huevos,6.96,8,2025-12-04,Tere Muro Puerta,Toledo
Café,12.21,10,2025-09-19,María Del Carmen Cabezas,Soria
Pollo,16.59,8,2026-05-04,Fulgencio Mayol Barbero,Soria
Arroz,6.7,1,2026-03-08,Ruperta Sales Vendrell,Zamora
Pan,10.47,5,2025-10-01,Alexandra Carballo Hoz,Ceuta
Café,12.92,1,2025-09-21,Alejandra Millán Rivera,Ciudad
Café,19.04,1,2026-03-08,Carolina Suarez Ferrán,Málaga
Carne,16.04,3,2025-06-13,Tere Verdú Franch,Huelva
Azúcar,15.8,8,2025-10-26,Calixto Telmo Santana Ruiz,Cádiz
Azúcar,1.67,10,2026-02-17,Lucía Llobet Pozuelo,Granada
Carne,6.06,7,2026-02-23,Antonio Montes Báez,León
Aceite,4.31,2,2025-12-03,Aurora Sastre-Cid,Burgos
Azúcar,1.84,8,2025-05-28,Fulgencio Romeu-Abad,Melilla
Huevos,4.38,6,2026-03-19,Severo de Arranz,Valencia
Pollo,2.34,10,2026-01-17,Susana Porcel Alfaro,Guipúzcoa
Leche,16.46,6,2025-09-15,Dulce Zamorano-Contreras,Tarragona
Queso,14.4,7,2026-01-18,Flora Crespi,Asturias
Aceite,2.13,8,2025-06-21,Carla Luisina Gallego Vila,Vizcaya
Café,11.86,9,2026-04-20,Joel Báez-Cabanillas,Pontevedra
Queso,6.06,7,2025-09-25,Clementina Sáez Alcalá,Murcia
Aceite,10.2,9,2025-10-10,Fortunata Luque Acuña,Zamora
Leche,6.56,5,2025-10-14,Heriberto Boada Tirado,Santa Cruz de Tenerife
Café,6.83,5,2025-07-21,Mireia Fonseca Buendía,Guadalajara
Huevos,4.45,10,2026-01-15,Rodrigo Campillo González,Vizcaya
Arroz,17.98,7,2025-10-16,Malena Jiménez Aguilera,Jaén
Huevos,7.57,6,2025-07-21,Evita Aguirre,Lleida
Pollo,8.97,4,2026-02-01,Felix Sarabia-Catalá,Granada
Pan,4.53,4,2026-04-27,Tamara Boix Balaguer,Ourense
Queso,7.89,1,2026-05-11,Roxana Seco,Madrid
Azúcar,19.53,1,2026-02-12,Javi Arranz Almansa,Guipúzcoa
Aceite,16.51,7,2026-01-25,Quique Expósito Roselló,Álava
Aceite,13.58,8,2025-07-23,Juan del Arroyo,Zamora
Café,12.01,4,2025-11-09,Bienvenida Solís-Adán,Pontevedra
Azúcar,12.41,2,2026-02-28,Elodia Porta Vall,Ávila
Aceite,8.39,1,2026-04-18,Ulises Arenas Palomino,Zamora
Queso,8.52,1,2025-10-22,Rogelio Zabala Real,Barcelona
Arroz,1.52,7,2026-01-07,Victor Quintero Cabrera,Girona
Arroz,14.32,2,2026-04-09,Isidro Torres Jimenez,Huelva
Pan,3.17,10,2025-09-20,Américo Cerezo,Toledo
Azúcar,18.15,9,2025-10-28,Gastón Gil,Badajoz
Arroz,11.28,4,2025-11-14,Albina Rincón Aguilar,Valladolid
Pollo,13.53,7,2025-06-17,Jose Manuel Apolinar Ugarte Pardo,Teruel
Café,16.98,6,2025-08-01,Chus Garay Mateu,Teruel
Leche,19.53,1,2025-09-24,Aitana Beltrán Garcés,Córdoba
Aceite,15.16,3,2026-03-29,César Isidro Martorell Salamanca,Alicante
Arroz,17.3,8,2026-01-02,Mónica Suarez Almazán,Albacete
Pollo,8.1,3,2025-10-24,Gaspar Barco Pallarès,Granada
Carne,17.23,4,2025-06-07,Bernarda Agustín Alemán,Guipúzcoa
Huevos,2.17,2,2025-11-29,Concepción Arteaga Gargallo,Zaragoza
Carne,5.29,6,2025-11-23,Zacarías Ribas Cerro,Álava
Pollo,13.0,4,2025-06-27,Elías Comas-Azcona,Zamora
Arroz,8.88,9,2026-05-19,Benita Benito-Calatayud,Barcelona
Huevos,3.06,9,2025-10-10,Horacio Benavente-Mulet,Asturias
Arroz,5.05,8,2026-04-23,Isaías Cosme Diego Duarte,Teruel
Café,16.34,9,2025-08-23,Pascual Valcárcel,Girona
Leche,7.02,1,2026-03-28,Gerónimo Albero Olmedo,Las Palmas
Azúcar,19.06,5,2026-02-12,Claudia Felicia Haro Pinto,Salamanca
Café,13.84,7,2026-04-15,Sonia Calvo Tormo,Granada
Azúcar,18.54,3,2025-07-10,Toni Pellicer-Briones,Murcia
Pan,12.45,9,2025-08-27,Máxima Lopez Pinto,Cáceres
Queso,4.56,10,2026-03-08,Constanza Soriano Céspedes,Burgos
Café,10.76,4,2025-10-21,Dorotea Noriega Arjona,Granada
Queso,10.2,5,2025-08-20,Jose Miguel Amigó Vizcaíno,León
Azúcar,0.72,4,2025-10-27,Cruz Lopez Ramírez,Jaén
Café,7.41,1,2025-06-17,Teófila Pont Alemany,Lugo
Huevos,18.51,5,2025-07-13,Mireia Alvarado-Navas,Guadalajara
Café,9.3,9,2025-12-28,Chuy Grau-Lloret,Sevilla
Carne,7.45,9,2026-02-12,Aurora Trujillo Gomez,Málaga
Café,4.09,10,2025-11-20,Emelina Mendizábal,Cáceres
Arroz,3.98,3,2025-12-24,Ruy Ramírez Otero,Las Palmas
Pollo,1.06,10,2026-02-17,Wálter Maxi Ruano Sabater,Sevilla
Pollo,16.64,6,2025-12-19,Pascual Torrecilla,Almería
Aceite,1.16,5,2025-10-30,Isidoro Heliodoro Gilabert Cañellas,Santa Cruz de Tenerife
Aceite,3.4,9,2026-03-02,Rodrigo Conesa,Cantabria
Carne,1.37,1,2026-01-15,Loreto Iriarte Casado,La Coruña
Carne,14.38,4,2025-06-05,Anselma Yuste Carnero,Ciudad
Café,2.2,2,2025-09-23,Albert Martorell,Madrid
Azúcar,5.86,4,2025-09-16,Valentina del Acedo,Ávila
Huevos,18.98,6,2026-05-20,Manuela Vallés,Navarra
Leche,2.97,6,2025-06-12,Sosimo Lopez Fiol,Cantabria
Carne,13.65,9,2025-12-31,Guadalupe Benjamín Cordero Bárcena,Málaga
Arroz,13.96,3,2026-01-06,Camila Mena,Sevilla
Arroz,8.93,1,2025-10-17,Lucía Ayllón-Zabala,Ávila
Arroz,18.23,5,2025-09-30,Elisabet Maza-Ramón,Álava
Queso,12.9,5,2025-08-11,Sigfrido Gimeno Becerra,Málaga
Carne,12.59,1,2026-01-31,Abel Alejo Larrañaga Porta,Sevilla
Pollo,1.65,2,2026-02-01,Ricarda Cabello Alcaraz,Toledo
Azúcar,13.35,10,2025-10-05,Rosalía Burgos Muro,Barcelona
Azúcar,14.81,1,2026-03-21,Melisa Alcaraz Barranco,Málaga
Pollo,13.77,5,2026-05-13,María Cristina Cornejo Solís,Valladolid
Café,2.61,3,2025-11-07,Eusebia Amor Osuna Díaz,Navarra
Pan,7.61,8,2026-04-13,Sabas Pinedo Cañete,Guipúzcoa
Azúcar,14.97,10,2026-02-20,David Quique Flores Peláez,Almería
Aceite,13.18,6,2025-09-21,Milagros Carretero Esteban,Pontevedra
Leche,3.94,6,2026-01-24,Manuel Blanco Gómez,Vizcaya
Arroz,13.88,5,2025-06-05,Marco de Martorell,Murcia
Pollo,13.34,6,2026-02-17,Alejo Español Bru,Almería
Café,19.05,5,2026-01-04,Eduardo Esparza Valle,Guadalajara
Azúcar,13.86,7,2026-01-14,Emilia Andrés Campillo,Huesca
Café,3.98,10,2025-07-08,Fulgencio Corominas Oliveras,Burgos
Huevos,10.84,7,2025-09-25,Chucho Vaquero Valencia,Guadalajara
Café,5.87,9,2025-08-26,Salvador Iriarte,Lleida
Huevos,9.94,9,2026-04-14,Dolores Camps Taboada,Ceuta
Huevos,9.24,3,2025-12-13,Nacho Barreda Noriega,Soria
Pollo,16.62,10,2026-03-21,María Ángeles Vallés Figueras,Ceuta
Queso,0.78,8,2025-09-30,Sabas Pacheco Cerdán,Cuenca
Pollo,2.78,7,2026-01-16,Luís de Calvo,Tarragona
Carne,18.52,9,2025-06-09,Cruz Ferrera Amador,Huelva
Carne,8.62,10,2025-11-16,Berto Casado Prado,Lleida
Leche,9.56,1,2026-03-01,Jordana Álvarez Redondo,Madrid
Pan,13.13,2,2026-04-15,Iván de Daza,Cuenca
Pan,6.26,2,2025-08-21,Juan Francisco Carlito Llopis Olivares,Cantabria
Leche,17.53,8,2025-06-10,Salomé Castelló Barranco,Ourense
Arroz,19.39,6,2026-02-03,Salvador Berto Vaquero Pavón,La Coruña
Carne,10.86,7,2026-01-15,Virgilio Barrio Coello,Badajoz
Azúcar,16.49,3,2025-08-05,Édgar Sebastián-Santamaria,Soria
Pan,17.02,10,2026-02-13,Tania Roig Benitez,La Rioja
Arroz,17.64,2,2025-12-03,Fortunata Mariño,Murcia
Queso,17.84,6,2026-02-01,Miguela Ordóñez Cal,Valencia
Queso,16.47,3,2026-04-08,Alba Palomares,Teruel
Azúcar,8.3,10,2025-12-19,Jenny Marisela Segovia Solsona,Salamanca
Queso,12.89,2,2026-03-08,Elisa Arias Fuertes,Albacete
Pan,3.83,7,2025-10-28,Moreno Carballo Montoya,Lugo
Azúcar,8.32,3,2025-08-06,Eva María Posada Roman,Madrid
Aceite,4.08,9,2026-04-07,Felipe Fiol Macias,Lugo
Azúcar,0.84,7,2025-09-28,Eliana Prat Font,Segovia
Arroz,3.86,6,2025-05-28,Raúl Sainz,La Coruña
Azúcar,13.75,7,2025-09-07,Horacio Rosales Marco,Zamora
Leche,15.16,3,2026-01-14,Ema Marco Mármol,Madrid
Arroz,3.72,4,2025-09-14,Rosaura Sabater,Navarra
Azúcar,18.32,8,2025-08-29,Toni Moreno-Menendez,Ceuta
Huevos,1.37,6,2026-05-22,Juan Pablo Humberto Mir Roldan,La Rioja
Pollo,9.39,3,2025-10-26,Mayte de Uribe,Teruel
Pollo,19.7,10,2025-12-23,Hermenegildo Rojas Anguita,Alicante
Queso,12.63,2,2025-09-17,Manuela Becerra Arrieta,Ceuta
Leche,7.96,10,2025-09-25,Evelia Ríos Laguna,Soria
Queso,6.38,7,2025-08-27,Rosalva del España,Santa Cruz de Tenerife
Huevos,19.53,2,2026-01-29,Máxima Graciela Castrillo Serrano,Melilla
Azúcar,5.92,9,2026-05-13,Lucio Falcó-Luz,Zaragoza
Queso,5.32,9,2025-10-08,Coral del Benítez,Cantabria
Café,18.52,5,2026-01-20,Domitila Cuenca Mancebo,Pontevedra
Pollo,11.94,10,2025-10-16,Ximena Querol,Melilla
Queso,10.07,5,2026-01-18,Agustín Ocaña-Guzmán,Álava
Aceite,11.32,1,2026-02-19,Marcio Amorós-Villena,La Coruña
Azúcar,18.1,5,2025-06-22,Mercedes Tapia Rodriguez,La Rioja
Carne,16.4,7,2025-09-04,Quirino Camps,Melilla
Huevos,14.21,8,2025-09-02,Adolfo Monreal Cobos,Zaragoza
Leche,18.06,3,2025-09-04,Leoncio Izquierdo Alfaro,Málaga
Carne,16.98,3,2026-01-15,Noé Cornejo,Jaén
Queso,1.03,2,2025-07-31,Anna Álvarez Vélez,Sevilla
Café,17.07,9,2025-06-26,Sol Chaparro Hidalgo,Zaragoza
Huevos,3.9,6,2025-12-20,Macario de Sanmartín,Tarragona
Aceite,3.28,7,2025-12-15,Modesto Pareja-Catalá,Guipúzcoa
Leche,15.46,10,2025-11-16,Andrés Ruano Romeu,Salamanca
Aceite,12.45,3,2025-05-30,Claudio Alonso Ordóñez,Córdoba
Carne,6.66,10,2025-06-06,Sancho Baquero Martorell,Baleares
Leche,5.97,9,2025-10-05,Eliana Expósito Cabrera,Cuenca
Leche,5.05,5,2026-04-14,Aureliano Pinedo Lara,Huelva
Café,2.57,10,2025-07-22,Calixta Carranza Diego,Sevilla
Azúcar,15.63,6,2026-01-20,Lupe Gracia Pareja,Santa Cruz de Tenerife
Pollo,12.75,2,2025-11-23,Jacinto Hernandez Palacios,Palencia
Queso,6.65,4,2025-10-16,Jesús del Pagès,Guadalajara
Huevos,2.99,5,2026-03-07,María Fernanda Roca Céspedes,Zaragoza
Arroz,9.26,10,2026-03-05,Mohamed Sabas Gaya Coloma,Las Palmas
Queso,12.67,2,2026-01-01,Leocadia Violeta Pardo Cañizares,Baleares
Pollo,16.14,8,2025-09-11,Encarnación Rubio Gomez,Badajoz
Pollo,11.55,2,2025-08-05,Albino Navas-Peña,Albacete
Azúcar,18.8,2,2025-11-10,Iker Sarmiento Rivera,Girona
Café,14.32,5,2025-09-23,Yésica Dávila-Berenguer,Murcia
Huevos,13.81,3,2025-07-23,Bernardino Escrivá Estrada,Palencia
Carne,4.02,4,2026-04-24,Baudelio Sánchez Pérez,Asturias
Leche,2.68,1,2025-11-11,Ximena Carreras Daza,Ceuta
Arroz,15.5,2,2026-02-24,Diana Amat Arregui,Lleida
Huevos,3.15,2,2025-06-07,Eduardo Cabrero Uriarte,Ceuta
Aceite,10.74,6,2025-12-25,Olimpia Morillo-Herranz,Zamora
Pan,14.28,8,2025-06-26,Bartolomé Mayo Huguet,Jaén
Pollo,2.01,4,2026-03-19,Jessica Rebollo Moles,Las Palmas
Huevos,14.54,2,2025-09-01,Emilia Barceló Morales,Ceuta
Café,14.04,1,2026-03-14,Bibiana del Montaña,Teruel
Pollo,16.87,10,2026-04-04,Blanca de Malo,La Rioja
Leche,10.96,4,2025-08-04,Trini Torralba-Zabala,Toledo
Aceite,8.83,9,2026-04-11,José Ángel Bartolomé Guardiola,Huesca
Pollo,7.67,3,2025-06-05,José Ángel Ayuso-Fabra,Palencia
Arroz,12.64,8,2025-09-05,Nerea Pons-Jáuregui,Zamora
Café,12.62,1,2025-06-12,Marcelino Ropero Ropero,Almería
Carne,6.33,7,2025-12-26,Severo Palomino Gelabert,Santa Cruz de Tenerife
Azúcar,14.11,4,2025-09-11,María Del Carmen Emperatriz Ribas Gibert,Toledo
Café,3.69,3,2026-01-05,Pacífica Haro Bas,Palencia
Arroz,9.07,1,2026-04-24,Alejo de Puga,Melilla
Arroz,15.47,8,2026-01-06,Olivia Carbonell Quintana,Tarragona
Queso,10.53,4,2025-09-08,Buenaventura Vallejo Uribe,Vizcaya
Aceite,8.81,7,2025-05-28,Fernando del Sosa,Guadalajara
Azúcar,9.81,3,2025-12-30,Josefa Flores Bermejo,Lugo
Leche,13.72,8,2026-05-10,Isa Martin-Canales,Santa Cruz de Tenerife
Café,12.29,2,2025-07-15,Roque Maestre-Carreras,Tarragona
Azúcar,17.71,8,2025-10-07,Tere Verdugo Briones,Alicante
Aceite,19.42,3,2025-11-16,Cándida Lola Torres Guerra,Cáceres
Carne,11.44,7,2025-06-06,Américo Durán,Albacete
Leche,18.96,5,2025-08-09,Aurora Garcia Vega,Zamora
Aceite,10.66,2,2025-09-11,Joel Máximo Ruiz Miralles,Valladolid
Café,9.07,6,2025-06-20,Macarena Ricarda Montalbán Quintanilla,Ciudad
Aceite,9.33,4,2025-06-08,Teresa Concha Daza Bárcena,Tarragona
Pan,18.92,7,2025-12-02,Severino Sanz-Bello,Cantabria
Leche,16.45,5,2025-07-01,Jaime Avilés Benítez,Valladolid
Aceite,3.41,7,2025-07-21,Rosario Cervera Diego,Valladolid
Arroz,8.43,4,2026-05-07,Loreto Aníbal Bueno Bilbao,Madrid
Azúcar,13.75,8,2026-02-05,Celso Rivera Cánovas,Huelva
Queso,5.02,5,2026-04-13,Custodia Cáceres-Agudo,Cádiz
Carne,9.08,8,2026-01-06,Quirino Lumbreras Sabater,Barcelona
Aceite,9.21,2,2025-10-30,Valero Agullo Zabaleta,Navarra
Aceite,10.06,5,2025-08-24,Nazario Sastre-Luján,Guadalajara
Café,12.36,2,2025-11-21,Cleto Sainz Perales,Guadalajara
Queso,14.56,9,2025-07-28,Martin Cantero Falcó,Soria
Arroz,16.8,1,2025-10-02,Luz Rincón Sobrino,La Coruña
Huevos,2.74,4,2026-04-15,Anselmo Aguilar Sáenz,Salamanca
Pollo,11.58,9,2025-11-25,Salvador Alfonso Domingo,Valencia
Aceite,3.95,3,2026-01-10,Rosalina Morell Izaguirre,Madrid
Café,4.84,7,2025-12-27,Martín Vara Almansa,Lugo
Pollo,15.05,2,2025-08-06,Consuela de Verdú,Baleares
Pollo,3.65,9,2025-09-20,Adriana Nidia Milla Adadia,Melilla
Café,7.02,10,2025-12-12,Saturnino Duarte Pereira,Córdoba
Café,2.24,8,2026-01-24,Vilma Lidia Mateos Barral,Cáceres
Pollo,10.2,2,2026-04-01,Plinio Conesa,Zaragoza
Huevos,10.2,5,2026-01-06,Francisco Parra,Granada
Aceite,12.19,10,2025-09-23,Lupe Carballo-Daza,Málaga
Aceite,12.74,10,2025-10-05,Sara Pi Parejo,Castellón
Arroz,14.63,2,2026-05-05,Tecla Nilda Galan Barral,Barcelona
Leche,9.18,4,2025-09-13,Nidia Sabater Collado,Ciudad
Pan,19.8,2,2026-01-28,Cándida Calleja,Valencia
Carne,17.28,10,2026-03-15,Berta Pi Mora,Ávila
Café,19.5,2,2025-10-10,Casemiro Mas Tejedor,Cuenca
Leche,13.55,6,2026-03-02,Jonatan Benet,Valencia
Café,12.79,4,2025-07-20,Eufemia Angulo Higueras,Lleida
Azúcar,16.6,8,2025-12-22,Maricela Cabo Heredia,Cantabria
Queso,4.29,9,2025-12-26,Perla Farré Céspedes,Burgos
Carne,0.85,9,2025-12-03,Ana Sofía Company-Mas,Ourense
Leche,6.18,10,2026-05-26,Espiridión Arturo Aguirre Fernández,Girona
Aceite,14.4,8,2025-08-01,Raúl Nando Manjón Zurita,León
Leche,3.27,9,2025-12-30,Leocadio Gallo Prado,Toledo
Carne,10.15,1,2025-07-21,Mireia Cloe Miralles Amor,Ourense
Carne,17.15,8,2025-08-27,Cornelio Carrasco,Segovia
Leche,17.46,4,2026-04-08,Daniel de Almazán,Cádiz
Arroz,9.35,10,2026-03-10,Dafne Rocha Cardona,Soria
Azúcar,9.89,2,2025-09-04,Sabina Piquer,Badajoz
Huevos,3.71,4,2025-10-18,Emiliana Roda Aranda,Zamora
Huevos,7.83,1,2026-04-27,Macaria Estevez,Segovia
Café,15.42,8,2026-04-23,Guadalupe Buendía Gilabert,Cádiz
Azúcar,19.67,10,2025-07-24,Noelia Sanmiguel Alegria,Albacete
Carne,9.74,9,2026-03-17,Ibán Beltran Cantón,Lleida
Aceite,1.86,5,2025-11-24,Elodia Barriga-Acevedo,Asturias
Aceite,0.72,8,2026-03-03,Nilda Noguera Sainz,Vizcaya
Leche,6.66,3,2026-02-04,Alberto Bermúdez-Grau,Girona
Azúcar,9.56,8,2026-01-16,Eric Delgado,Alicante
Aceite,13.4,6,2025-05-27,Estefanía Huerta-Casares,Cáceres
Café,17.8,2,2026-03-12,Plácido Borrell Galvez,Almería
Aceite,3.86,10,2026-02-23,Chucho Criado,Castellón
Pollo,17.41,4,2025-11-05,César Rincón Nebot,Segovia
Carne,19.69,9,2025-09-04,Eulalia Albina Linares Calatayud,Cantabria
Queso,19.52,1,2025-11-19,Esteban Bonet Canals,Cáceres
Azúcar,7.15,10,2025-09-23,María Ángeles del Porras,Palencia
Azúcar,17.89,3,2025-08-07,Erasmo Sanchez,Pontevedra
Queso,18.47,8,2025-12-20,Horacio Casals Cifuentes,Cádiz
Huevos,14.41,4,2026-01-26,África Barberá Gelabert,Albacete
Café,3.86,6,2026-04-04,Fausto del Vilar,Palencia
Huevos,8.63,1,2026-03-28,Aureliano Robles Mulet,Ourense
Azúcar,7.67,5,2026-03-23,Claudio Puerta,Málaga
Arroz,18.69,6,2025-09-26,Lina Reyes Cruz,Vizcaya
Pollo,19.05,1,2026-03-11,Saturnino de Mateu,Salamanca
Arroz,15.76,1,2025-07-18,Gerónimo Reina Hernández,Lleida
Carne,9.07,8,2025-12-09,Verónica Hoz Marquez,Guadalajara
Queso,15.71,8,2025-08-20,Violeta Pinedo Ferreras,Ourense
Leche,3.33,8,2026-03-13,Máxima Molins Sobrino,Castellón
Carne,9.03,5,2025-10-22,María Manuela Consuelo Sanchez Crespi,Melilla
Café,17.95,3,2025-09-26,Victor Grau Castellanos,Córdoba
Café,14.49,6,2025-06-13,Merche Barberá-Palau,Madrid
Arroz,2.7,10,2026-05-02,Eva Ramos Blanco,Las Palmas
Arroz,16.72,9,2026-05-14,Dani del Amador,Cádiz
Azúcar,19.41,5,2025-07-15,Ulises González,Las Palmas
Carne,14.75,6,2025-08-09,Graciana Brígida Goñi Arana,Lugo
Azúcar,6.8,1,2026-02-28,Inocencio Jove Girona,Cádiz
Carne,0.87,3,2026-01-04,María Dolores Seco-Barrios,Ciudad
Pollo,12.68,2,2026-04-21,Inocencio Taboada-Rosa,León
Carne,9.86,4,2025-07-24,Onofre de Noriega,Tarragona
Arroz,16.18,6,2026-04-13,Georgina Aguado Vaquero,Alicante
Pollo,8.24,3,2025-10-22,Marcos Lara Bauzà,Álava
Carne,17.68,10,2025-09-08,Jovita Toledo Riquelme,Asturias
Queso,1.9,8,2026-04-13,Calisto Ortuño Mata,Almería
Azúcar,8.27,2,2025-10-02,Berto Sanmiguel Mayo,Zamora
Café,14.68,9,2026-04-30,Almudena del Barriga,Las Palmas
Huevos,3.11,8,2025-10-22,Plácido Bejarano-Casares,Baleares
Queso,8.56,3,2025-06-11,Venceslás Lledó Naranjo,Guadalajara
Carne,16.41,1,2026-01-25,Luz Luisa Hoyos Palacios,Girona
Azúcar,13.58,2,2026-04-03,Valero Niño Prats,Lugo
Carne,8.72,5,2026-04-14,Agustina Ariño Reina,La Coruña
Pollo,0.91,9,2025-12-30,Amado de Vélez,Granada
Queso,11.14,7,2025-12-16,Mónica Soledad Calatayud Rueda,Soria
Café,6.64,7,2026-01-26,Angelita Collado Maestre,Pontevedra
Queso,7.85,7,2025-08-05,René Valera Alberola,Almería
Leche,10.01,4,2025-08-21,Isidro Carbonell Sandoval,Ourense
Queso,10.29,2,2025-06-20,Cayetano Chaves Cabañas,Baleares
Carne,15.76,8,2025-10-24,Mauricio Cabanillas Ortega,Alicante
Aceite,5.37,7,2026-04-01,Maxi Cano Pereira,Córdoba
Café,8.53,6,2025-06-25,Eliseo Lozano Infante,Palencia
Azúcar,16.11,5,2026-05-08,María Fernanda Nadal-Cervantes,Vizcaya
Pollo,2.89,6,2025-11-03,Jimena Carrión,Zamora
Pan,17.03,7,2026-01-05,Jose Miguel Heras Nebot,Ávila
Huevos,4.42,4,2025-06-11,Eligia Oliveras Alvarado,Alicante
Huevos,1.53,7,2025-06-07,Óscar Almansa Duran,Albacete
Café,3.45,4,2026-02-15,Augusto Macias Coello,Cádiz
Pan,9.5,6,2025-07-17,Alex Vaquero Cabezas,Segovia
Pan,12.35,2,2026-03-28,Calisto Pascual Acuña,Palencia
Azúcar,2.72,7,2025-11-27,Gala Alexandra Jordán Marqués,Madrid
Huevos,2.48,1,2025-07-29,Angelina Blasco Clemente,Melilla
Aceite,6.08,1,2026-04-01,Eduardo Oller-Revilla,Zaragoza
Pollo,18.99,10,2025-07-23,Martin Bernabé Alvarez Calzada,Melilla
Azúcar,1.35,10,2025-06-09,Ale Pomares Ballesteros,Salamanca
Pan,16.38,4,2026-02-22,Gisela Melero Méndez,Madrid
Leche,8.18,2,2026-01-19,Lalo Roig,Zaragoza
Azúcar,15.31,5,2026-03-03,Olivia Borja Nieto,Ávila
Arroz,7.62,2,2025-06-28,Jennifer de Higueras,Lugo
Huevos,9.95,10,2025-07-31,Lorenzo Figuerola Páez,Sevilla
Carne,3.25,1,2025-12-27,Josefina Yáñez Clemente,Guadalajara
Leche,11.38,8,2026-04-10,Humberto Viñas Salinas,Segovia
Pan,3.44,6,2025-10-11,Abigaíl Ledesma,Valladolid
Pollo,7.17,2,2025-08-27,Ale Ferrán Cardona,Jaén
Café,3.72,7,2025-08-15,Jesusa del Belda,Teruel
Leche,10.14,7,2025-09-20,Eulalia Heras Borrell,Melilla
Arroz,10.04,10,2025-11-23,Gervasio Abellán Estrada,Salamanca
Café,11.01,10,2026-01-13,Damián Ortuño Crespi,Pontevedra
Huevos,15.63,8,2025-06-02,Graciano Capdevila Angulo,Huelva
Leche,14.98,1,2025-11-24,Edelmira Campos Prats,Teruel
Azúcar,2.52,9,2026-01-10,Daniela Prats Parra,Toledo
Arroz,12.29,3,2026-05-08,Heraclio Bautista Losada,León
Carne,3.93,7,2025-09-20,Jesús Timoteo Vallejo Quintero,Jaén
Café,17.79,8,2026-03-11,Victor Manuel Santos Hidalgo,Málaga
Pollo,4.77,1,2025-10-31,José Mari Olmo-Estrada,Melilla
Leche,5.77,3,2026-01-12,Juana Vazquez Vilaplana,Soria
Huevos,9.78,3,2025-09-27,Lina Maza Mateos,Cantabria
Café,11.51,3,2026-01-25,María Teresa Sanmiguel Sacristán,Ciudad
Arroz,12.39,6,2025-06-24,Augusto Daniel Cobos Colom,Guipúzcoa
Carne,5.16,8,2025-10-10,Esperanza Estrada Cáceres,Huelva
Huevos,11.32,8,2025-12-16,Lilia Herranz Madrid,Toledo
Pan,2.87,7,2025-11-04,Evita Tapia Castell,Barcelona
Aceite,6.64,1,2025-08-19,Trinidad Jove-Boada,Murcia
Pan,2.67,2,2026-03-26,Bartolomé Pedraza Rubio,Jaén
Café,19.4,4,2025-12-09,Alcides Sanchez Alvarado,Valladolid
Café,10.98,5,2026-01-29,Roque Huertas Hernando,Toledo
Carne,1.35,2,2025-07-03,Amador Velasco,Badajoz
Café,18.97,8,2026-04-18,Nieves Blazquez Nicolás,Segovia
Café,18.07,10,2025-10-04,Haydée Planas,Melilla
Café,15.4,8,2026-05-07,Bernabé Leal-Ledesma,Cantabria
Pan,3.21,4,2025-12-06,Adora del Tejera,Almería
Huevos,0.76,2,2025-06-30,Judith Bartolomé Vega,Ciudad
Pan,17.0,5,2025-10-29,Seve Luján,Asturias
Leche,3.83,3,2026-01-30,Desiderio Arjona Folch,Ávila
Huevos,11.21,3,2025-06-15,Bárbara Ramón Manzanares,Tarragona
Queso,5.68,3,2026-01-08,Miriam del Ricart,Badajoz
Azúcar,2.17,1,2025-06-20,Berto Jordán,Álava
Leche,11.94,9,2025-12-29,Domingo Carpio Boix,Ávila
Aceite,12.58,2,2025-07-13,Teófila Villalobos,Soria
Azúcar,2.72,2,2026-03-23,Eulalia Bustos Pozuelo,Las Palmas
Leche,17.84,5,2026-01-31,Nayara Guillén-Plana,Santa Cruz de Tenerife
Queso,7.19,9,2025-12-02,Leticia Báez Palacio,Soria
Café,5.9,4,2025-06-04,Débora Arévalo Macías,Toledo
Aceite,16.01,10,2026-04-23,Urbano Becerra Palomo,Guipúzcoa
Café,4.76,3,2025-07-09,José Antonio Aller Zurita,Cáceres
Café,4.09,8,2025-12-08,Arturo Font Viana,Pontevedra
Pollo,10.51,2,2026-03-09,Juanita Barrena Rovira,Guadalajara
Pollo,8.72,8,2026-02-28,Rafa Iriarte Lumbreras,Granada
Queso,9.24,2,2026-01-03,Etelvina Álamo Calderon,Almería
Queso,1.11,1,2025-12-01,Leticia Andrés Planas,Tarragona
Azúcar,2.42,2,2025-08-13,Poncio Valera Ledesma,Cantabria
Café,15.47,7,2025-12-19,Adrián Vives Huguet,Cantabria
Carne,18.1,10,2026-03-30,Máxima Castro Daza,Tarragona
Carne,10.38,6,2025-12-29,Eufemia Amador,Burgos
Pollo,5.98,10,2025-11-23,Cesar Ortiz Higueras,Zaragoza
Café,8.79,2,2025-12-27,Tristán Puente-Barragán,Soria
Azúcar,3.82,4,2025-12-31,Rufina Cabanillas Rodriguez,Ceuta
Huevos,6.65,4,2025-10-26,Héctor Tejero-Flor,Valladolid
Huevos,4.74,1,2026-02-24,Bernardino Valverde-Vélez,Asturias
Huevos,14.61,10,2025-08-28,América Jaén,Jaén
Queso,11.78,6,2025-07-08,Concha del Cid,Álava
Pan,3.46,4,2026-04-15,Florencia Anabel Olivé Nogueira,Alicante
Huevos,3.25,9,2026-02-23,Angélica Alcolea Capdevila,Sevilla
Leche,6.44,4,2025-10-24,Ramiro Riera Vizcaíno,Cádiz
Arroz,8.1,5,2026-04-20,Apolinar Zaragoza Cózar,Zamora
Café,7.82,1,2025-07-08,Abilio de Sarmiento,Cuenca
Aceite,8.05,10,2025-11-21,Judith Ortuño Company,Pontevedra
Queso,0.78,7,2026-04-25,Eloy Gallego-Quesada,Santa Cruz de Tenerife
Huevos,15.82,4,2025-09-12,Rebeca de Camino,Zamora
Leche,1.52,5,2025-10-07,Paula Requena Tur,Barcelona
Leche,12.62,6,2025-08-08,Danilo Jordán Garrido Pina,Tarragona
Pan,12.18,3,2025-06-29,Ángela del Perales,Málaga
Aceite,6.72,2,2025-08-18,José Manuel Galán Acosta,Murcia
Huevos,11.4,2,2026-05-17,Samanta Piñol-Francisco,Cuenca
Leche,5.76,10,2025-08-25,Iker Rosell Rozas,Valladolid
Aceite,6.8,1,2025-08-15,Manuelita Casanovas Cózar,Ourense
Huevos,19.39,1,2025-12-19,Julie Llorens-Torrijos,Málaga
Carne,15.98,3,2025-12-20,Cristian Romero Angulo,Madrid
Arroz,18.36,10,2025-11-20,Sarita Muro Miró,Almería
Queso,3.39,4,2025-12-09,Evita Alegria Campillo,Albacete
Carne,10.54,2,2025-10-31,Pastora de Acedo,Cuenca
Queso,18.55,5,2026-02-07,Antonia Roldan Peinado,Segovia
Leche,15.52,7,2025-12-03,Lucas Rivas,Barcelona
Queso,7.82,5,2025-07-29,Benigno Gallo Luís,Burgos
Huevos,7.6,1,2026-04-27,Elodia Capdevila-Portero,Segovia
Queso,10.86,2,2025-07-14,Heriberto Dani Segarra Salamanca,Baleares
Aceite,13.89,9,2026-02-04,Pánfilo Baró Ríos,Teruel
Arroz,10.25,1,2026-02-07,Feliciano Mayo Moll,Valencia
Carne,5.97,3,2025-07-11,Ricardo Alcázar Cerro,Albacete
Aceite,7.54,5,2026-01-30,Yésica Benítez Berenguer,Córdoba
Arroz,3.82,9,2025-08-25,Anastasia Priego Barón,Santa Cruz de Tenerife
Café,10.9,8,2025-07-13,Angelina Belmonte Céspedes,Cáceres
Café,4.49,6,2025-10-21,Julio César Ródenas Blazquez,Salamanca
Queso,19.41,9,2025-12-05,Imelda Velázquez-Escudero,Álava
Azúcar,7.29,4,2025-06-10,Benito Isaac Mateos Ramis,Cádiz
Pollo,15.76,6,2026-03-24,Octavio Leonardo Ramírez Ricart,Murcia
Pollo,11.43,9,2026-01-05,Lourdes de Benavides,Badajoz
Carne,10.55,2,2025-07-07,Flora de Gomila,Huesca
Pollo,6.06,4,2025-10-10,Bernardita Tejada-Romero,Teruel
Café,3.54,3,2026-03-20,Patricia Garriga Carlos,Lugo
Azúcar,15.7,2,2025-12-06,Jeremías Crespo Criado,Vizcaya
Pan,3.24,5,2025-06-09,León Lillo Guitart,Zamora
Leche,14.13,4,2025-09-22,Pepe de Oller,Cádiz
Aceite,9.12,10,2026-04-30,Blanca Herranz Almeida,La Rioja
Leche,3.96,10,2025-08-08,Nereida Bejarano Guerra,Tarragona
Queso,2.49,6,2025-11-13,René del Cárdenas,Huesca
Pollo,6.55,1,2026-01-28,Ofelia Tamayo Bustos,Las Palmas
Queso,19.38,4,2025-12-02,Albina Torrijos Bayona,Las Palmas
Café,15.94,4,2026-03-10,Ruy Sáez,Soria
Azúcar,5.63,7,2025-07-10,Eloísa de Bernal,Toledo
Azúcar,8.78,5,2025-10-11,Socorro Gargallo Cañellas,Alicante
Arroz,11.16,1,2025-06-26,Adoración Vives Viña,La Coruña
Queso,9.16,2,2026-05-14,Carlos Solana Saura,Guadalajara
Café,9.41,4,2025-09-01,Trinidad Marín-Querol,Madrid
Pan,13.28,3,2025-09-28,Armida Aragón-Esteban,Ávila
Huevos,15.95,8,2025-12-13,Zacarías Reina,Madrid
Pollo,13.31,2,2026-01-06,Alejo Leiva-Márquez,La Rioja
Azúcar,11.33,2,2025-10-17,Ofelia Antúnez Alarcón,Burgos
Queso,16.74,2,2026-01-19,Victor Bou Murcia,Soria
Aceite,13.2,3,2025-12-30,Tito Cantero Tapia,Barcelona
Leche,19.82,8,2025-06-03,Ariel Paniagua Salinas,Murcia
Huevos,2.37,3,2026-01-26,Porfirio Adadia Cordero,Soria
Pollo,1.99,6,2025-08-26,Manuel Grande Ureña,Huesca
Pollo,18.92,6,2026-01-14,José Luis Mata-Fernandez,Granada
Pollo,1.12,4,2025-06-28,Bárbara Santana Solano,Asturias
Café,19.12,5,2026-02-13,Jenaro Acero Herrero,Lugo
Queso,15.13,3,2025-09-02,Felipe Palomino Cepeda,Albacete
Aceite,9.83,5,2025-10-10,Lisandro Robledo Riquelme,Málaga
Arroz,17.26,7,2025-08-17,Flor Peñalver Rivero,Alicante
Azúcar,18.22,4,2025-07-02,Liliana Acevedo Campillo,Valladolid
Café,12.45,6,2025-12-12,Yolanda de Oliva,Vizcaya
Azúcar,7.49,3,2026-05-26,Faustino Mínguez Benavente,Ávila
Leche,10.04,10,2026-04-12,Ulises Falcón Martí,La Rioja
Carne,18.2,4,2026-05-17,Olalla Dominguez Fiol,León
Pollo,2.77,10,2025-11-14,Jessica Verdú Carvajal,Asturias
Huevos,1.31,2,2026-04-04,Sergio Llorente Pineda,Madrid
Queso,14.83,9,2026-05-20,Ramona Ayllón Parra,Almería
Huevos,15.38,1,2026-01-16,José María Soler González,Soria
Carne,19.48,9,2026-01-08,Débora Codina Belda,Ávila
Café,0.67,3,2026-05-27,Gustavo del Mercader,Cantabria
Queso,12.36,6,2025-10-24,Morena Abellán Castañeda,Zaragoza
Queso,16.57,7,2025-12-06,Coral del Mesa,Guadalajara
Carne,19.47,5,2025-07-21,Lázaro Fábregas Giralt,Ávila
Aceite,2.11,9,2026-05-03,Jose Miguel Narciso Rojas Meléndez,Navarra
Pan,7.99,2,2026-03-08,Julie del Orozco,Córdoba
Pan,16.77,6,2026-01-26,Ramón Morán Marquez,Girona
Arroz,5.45,7,2025-06-18,Carmelo de Viana,Pontevedra
Aceite,7.0,7,2025-09-11,Teófilo Anaya Ferrer,Barcelona
Pan,5.19,4,2026-02-06,Bernarda Gallardo Vila,Salamanca
Pan,4.47,9,2025-09-12,Chita Montaña Valero,Barcelona
Arroz,16.57,9,2025-10-03,Emilia Ordóñez-Castells,Granada
Carne,8.28,4,2025-06-22,Andrés Felipe de Castro,Santa Cruz de Tenerife
Pollo,1.72,7,2025-05-28,Edgardo Carbonell Lerma,Murcia
Pollo,3.79,6,2025-10-17,Rosario Botella Marin,Álava
Pan,4.9,10,2025-12-12,Dionisio Múñiz Toledo,Murcia
Azúcar,13.42,7,2025-12-24,Lilia Revilla Perez,Las Palmas
Carne,2.43,1,2025-09-14,Aurelia Sedano,Almería
Pan,9.12,2,2026-02-07,Iker Dávila Calvet,Badajoz
Azúcar,9.17,5,2025-07-20,Ricarda Torrents Camacho,La Coruña
Queso,9.09,5,2026-03-02,Tecla Cañellas Armas,Santa Cruz de Tenerife
Huevos,11.95,3,2026-01-18,Hernando Palomo Gimenez,Girona
Queso,4.71,3,2026-03-08,Jesús Cánovas Rico,La Coruña
Carne,7.23,10,2026-03-16,Dorotea Clavero,Soria
Arroz,11.63,5,2026-03-16,Hipólito Hidalgo Manrique,Soria
Queso,5.27,7,2026-01-13,Rosaura Luz Vallejo,Ciudad
Café,15.21,5,2025-11-28,Sofía de Carvajal,Castellón
Arroz,15.29,10,2026-03-16,Gerónimo Dávila Mate,Segovia
Azúcar,0.92,4,2025-06-06,Maximiliano Barrios,León
Huevos,6.05,3,2025-10-26,Emilia Montalbán-Batalla,La Rioja
Café,3.2,7,2026-05-01,Débora Álvaro Acevedo,Valladolid
Huevos,4.0,6,2026-05-08,Javier Campo Báez,Valladolid
Aceite,4.35,7,2026-04-05,Carlota Hernando-Montalbán,Lugo
Queso,19.93,7,2026-03-20,Milagros Agullo Casado,Álava
Café,7.73,10,2025-09-06,Ángeles Mamen Salmerón Ochoa,La Coruña
Queso,18.43,10,2025-12-07,Octavio Báez Llorente,Guipúzcoa
Queso,2.54,10,2026-05-15,Rebeca Belda Alcalde,Zamora
Arroz,9.48,4,2025-12-01,Lina Pi Yáñez,Castellón
Leche,5.49,1,2026-04-30,Eligio del Lastra,Tarragona
Azúcar,1.89,5,2025-05-28,Lisandro Pérez Castro,Valladolid
Queso,13.91,5,2025-09-19,Abraham Vera Girón,Cádiz
Café,18.4,10,2026-01-17,Albert Pinilla Millán,Santa Cruz de Tenerife
Pollo,13.76,4,2025-08-19,Martín Cañizares Macías,Cáceres
Aceite,6.82,1,2026-01-30,Florentina Mendez Montaña,Granada
Queso,11.72,9,2026-01-14,Teo Perales Company,Sevilla
Azúcar,12.59,9,2026-04-23,Toni Romeu,Cáceres
Huevos,6.9,5,2025-12-02,Cándida Andres Quintana,Asturias
Queso,3.71,6,2026-03-31,Heliodoro Araujo Noguera,Ávila
Carne,4.49,1,2025-08-31,Juan Francisco Pol,Almería
Queso,1.97,2,2025-07-18,Olimpia Canet Mata,Lugo
Leche,10.84,10,2025-12-14,Maxi Salvà Alfaro,Álava
Huevos,12.88,6,2026-02-14,Jaime de Sevillano,Madrid
Arroz,7.76,4,2026-03-21,Nereida Nayara Roldan España,Guadalajara
Huevos,18.51,1,2026-05-09,Melisa Dafne Calderon Benito,Cuenca
Pan,8.31,10,2025-08-25,Flor Pizarro Casanova,Guadalajara
Huevos,18.89,8,2026-05-14,Ángela Perea-Peral,Badajoz
Leche,9.1,6,2026-03-02,Paulina Paula Herrera Company,Jaén
Carne,18.1,6,2025-11-10,Donato Cardona,Cuenca
Pollo,4.45,9,2026-04-20,Lola Amarilis Alegria Bravo,Ávila
Pan,13.26,3,2025-10-31,Jose Luis Simón Arrieta Carpio,Salamanca
Aceite,13.91,2,2026-01-02,Augusto Larrañaga,Valencia
Café,3.64,1,2025-07-05,Carmen Barberá Manuel,Huelva
Pan,17.55,6,2025-10-15,Yaiza Amor Morán,Guipúzcoa
Azúcar,7.64,1,2026-04-26,Melania Vergara Prada,Barcelona
Pan,15.75,10,2026-05-09,Dan Bustos Castelló,Badajoz
Pan,2.35,9,2025-10-31,Samanta Villar-Rebollo,Huelva
Azúcar,6.61,3,2025-08-28,Vicente Florencio Rosales Barberá,Álava
Azúcar,14.85,8,2025-10-22,Belen Machado Teruel,Albacete
Pan,12.79,9,2025-09-20,Julio Pombo Iglesia,Salamanca
Pollo,3.0,6,2025-09-26,Loreto Casal Egea,Pontevedra
Café,16.42,3,2025-11-18,Beatriz Teruel Pol,Segovia
Queso,17.28,6,2025-09-17,Pepe Pedraza Andres,Ourense
Arroz,0.82,8,2026-02-07,Ibán Ruano Berrocal,Girona
Azúcar,4.87,8,2025-12-24,Azahara Julieta Casares Ferrero,Albacete
Café,18.34,1,2026-01-13,Loreto Araujo Cárdenas,Las Palmas
Café,19.2,9,2025-12-28,Francisco Javier de Benavent,Jaén
Pollo,18.48,3,2026-04-07,Mireia Sánchez Viana,Albacete
Pan,1.44,4,2025-11-18,Josué Berrocal-Quevedo,Ciudad
Pan,6.78,4,2025-06-02,Yolanda Hierro Nevado,Guadalajara
Leche,3.26,3,2025-08-22,Azucena Seguí Gallo,Sevilla
Pan,3.36,2,2026-04-20,Moisés Ferrera Mora,Murcia
Queso,11.91,2,2025-12-24,Maite Artigas Company,Girona
Queso,19.62,2,2025-06-07,Fanny Roig Fabregat,Lugo
Carne,13.29,9,2025-11-26,Xavier Aragón,Lugo
Arroz,13.52,5,2026-03-29,Clímaco Sáez Tejedor,Lugo
Azúcar,6.9,7,2025-12-11,Hector Lloret Yáñez,Alicante
Café,17.47,10,2025-11-22,Leire Hervia Benavente,La Rioja
Huevos,16.72,1,2026-03-04,Roldán Torrents-Agustín,Ávila
Azúcar,5.76,5,2025-07-08,Nidia Andreu,Almería
Leche,17.93,2,2025-12-16,Rafaela Sanchez-Benavides,Albacete
Carne,2.76,4,2025-09-22,Constanza Palacios Mariscal,Jaén
Carne,16.28,5,2025-06-22,Perlita Cuéllar-Somoza,Murcia
Café,5.02,5,2025-08-23,Coral Fabiana Elorza Isern,Toledo
Leche,11.6,3,2026-02-27,Eutimio Diego Amo,Huesca
Carne,2.99,7,2025-09-11,Leticia Bilbao Valenciano,Albacete
Aceite,7.54,10,2025-09-08,Heraclio Vall Zaragoza,Guadalajara
Arroz,0.62,2,2026-01-25,Olga Lloret Iglesia,Soria
Café,10.92,1,2026-01-11,Victor Manuel Zamora Valenciano,Palencia
Carne,3.12,3,2026-01-07,Azucena Gabaldón Navas,Álava
Huevos,7.33,4,2025-07-30,Haydée del Zaragoza,Guipúzcoa
Pollo,12.66,8,2025-12-30,Rosa María Ibarra,Soria
Café,12.24,7,2025-12-26,Ernesto del Barragán,La Rioja
Azúcar,4.57,7,2026-04-14,Florentina Pinto Valls,Granada
Huevos,1.21,2,2025-06-20,Rodolfo Montserrat-Soria,Baleares
Café,0.97,4,2025-09-20,Clímaco Royo-Rincón,Cáceres
Pan,18.45,1,2025-10-31,Isabel Olivé Santiago,Jaén
Aceite,7.36,4,2026-05-05,Zoraida Bou,Badajoz
Pollo,12.99,8,2026-03-06,Filomena Judith Solana Castañeda,Cuenca
Carne,7.34,8,2025-09-17,Modesto Palomar Lamas,Albacete
Huevos,19.46,2,2025-08-10,Jafet Pina Barbero,Ávila
Azúcar,9.86,8,2026-02-16,Celso Viña Sureda,Ceuta
Aceite,17.56,10,2025-06-13,Imelda Benita Camacho Barragán,Teruel
Aceite,0.99,4,2025-07-07,Emigdio de Benavides,Almería
Azúcar,7.07,5,2025-06-11,Ariel Alfredo Blanco Ferrández,Zamora
Pollo,1.8,5,2025-07-17,Abril Sanmiguel,Granada
Arroz,5.39,5,2026-03-08,Sofía Sanz-Antúnez,Almería
Pan,1.84,3,2026-03-23,Tito Frutos-Ribera,Murcia
Huevos,14.81,6,2025-07-20,Melisa Mariana Garriga Cabezas,Murcia
Café,2.06,7,2025-12-17,Claudio Verdú Bastida,Cádiz
Pollo,11.4,2,2025-10-17,Pedro Pazos,Vizcaya
Arroz,9.87,7,2025-11-16,Ibán Baquero Laguna,Navarra
Café,15.66,8,2025-08-21,Elpidio de Ferrándiz,Las Palmas
Arroz,19.69,9,2026-05-08,María Carmen Gilabert Sáenz,Toledo
Café,16.24,1,2026-02-21,Amalia de Rocha,Zaragoza
Huevos,11.5,10,2025-10-28,Narcisa Planas Ayala,Murcia
Leche,2.25,5,2026-04-18,Daniel Jacobo Azorin Zabaleta,Girona
Arroz,15.63,10,2026-03-21,Begoña Solís-Garrido,Ceuta
Queso,17.94,1,2026-02-05,Íñigo Salvador Agustín,Palencia
Pollo,4.26,7,2025-09-18,Ignacia Benito Suarez,Sevilla
Pollo,15.07,5,2025-09-30,Valentín Gimenez Crespo,Teruel
Queso,1.9,6,2026-01-19,Blas Romero Priego,Cuenca
Pan,19.3,2,2026-03-18,Gil Morata-Gilabert,Valencia
Carne,2.34,8,2025-12-05,Emigdio Prat Martínez,Jaén
Azúcar,12.93,8,2026-04-04,Francisco Javier Lledó Riquelme,Lleida
Leche,2.82,1,2025-12-17,Rogelio Montoya,Sevilla
Huevos,16.93,9,2025-07-19,Nerea del Alsina,Sevilla
Azúcar,3.49,10,2025-10-16,Inés Baños-Poza,Ceuta
Huevos,9.05,10,2026-02-26,Adriana Verdugo Folch,Toledo
Arroz,6.54,2,2026-03-11,Nazaret de Tejera,Segovia
Queso,10.76,7,2025-06-06,Lourdes Aznar Ponce,Cuenca
Café,3.68,5,2026-05-23,Aristides Barral,Córdoba
Café,9.34,10,2026-01-15,Fernando Villalobos Blanes,Pontevedra
Pan,2.54,4,2026-02-10,Anastasia Bermejo Barroso,Valencia
Carne,6.35,5,2025-05-29,Américo Perelló Ibáñez,Palencia
Carne,6.25,6,2026-05-04,Primitivo Fabra Infante,Madrid
Aceite,7.77,6,2025-06-08,Antonio Caballero Lozano,Álava
Café,4.44,1,2026-02-03,Fabio Gimenez Araujo,Santa Cruz de Tenerife
Aceite,14.01,9,2025-10-04,Noemí Benítez Llanos,Badajoz
Carne,14.75,2,2026-04-13,Lupita Aller Segura,Toledo
Pan,11.02,3,2025-10-13,Reina Pinedo Tolosa,Ourense
Huevos,4.97,3,2026-02-19,Marcio Ballester Larrea,Segovia
Arroz,10.51,1,2026-05-11,Candelas Ramos Rius,Salamanca
Huevos,3.47,6,2025-10-29,Lourdes Boix-Sandoval,Segovia
Carne,11.02,3,2025-12-09,Purificación Palomino Albero,Girona
Queso,18.11,3,2025-11-18,Soledad Domínguez Corominas,Alicante
Aceite,19.64,5,2026-04-16,Marina Costa Jerez,La Coruña
Arroz,17.34,3,2025-10-10,Raquel Sastre León,Valladolid
Aceite,7.16,3,2025-07-15,Néstor Bustamante Menendez,Jaén
Queso,12.45,4,2025-06-06,Bárbara Soler Roura,Huelva
Huevos,11.66,9,2025-10-25,Sara Fonseca,Castellón
Huevos,4.42,8,2026-01-03,Haydée Cabello Clavero,Las Palmas
Café,19.79,7,2025-07-25,Odalys de Marqués,Ávila
Aceite,6.17,8,2025-07-16,Leonardo Carro Prado,Lugo
Huevos,9.43,4,2025-10-19,María Luisa Muro Cámara,Baleares
Azúcar,14.37,9,2026-04-14,Dalila Bellido Pascual,Guadalajara
Huevos,14.71,2,2025-06-29,Julio Bauzà Melero,Ceuta
Huevos,4.86,2,2025-10-02,Primitiva Acedo Carro,Ciudad
Leche,12.22,1,2025-07-05,José Priego-Ferrera,León
Leche,3.48,7,2025-09-28,Delia Rey,Jaén
Café,15.5,3,2025-07-23,Lilia Rodrigo,Tarragona
Pollo,19.02,2,2025-11-30,Damián Jenaro Moll Cánovas,Soria
Queso,0.79,9,2026-01-29,Bienvenida Torrent Maza,Alicante
Huevos,7.82,9,2025-08-18,Rosa María Carnero Pacheco,La Coruña
Café,18.39,9,2025-12-23,Leandro Canet,Córdoba
Leche,11.57,4,2025-07-23,Enrique Duran Carretero,Toledo
Leche,13.7,9,2025-09-05,Amador Báez,Huelva
Pollo,16.28,6,2025-09-26,Fortunato Artemio Chaves Murcia,Melilla
Leche,7.4,3,2025-06-25,Ángela Patiño Vergara,Barcelona
Leche,19.9,3,2025-09-17,Lidia Mateo Mayol,Cádiz
Aceite,6.01,10,2026-04-15,Lara de González,Zamora
Pollo,7.16,6,2025-07-25,Pía Lamas Galán,La Rioja
Café,18.06,7,2026-05-10,Marita Puente Domingo,Barcelona
Arroz,1.24,7,2025-06-02,Rómulo Armas Solsona,Navarra
Pan,13.09,10,2026-01-09,Pacífica Espada Zaragoza,Alicante
Pollo,12.45,5,2026-04-04,Juan Antonio Agudo Benavides,Huesca
Leche,1.07,8,2025-12-24,Apolinar Cueto,Toledo
Café,0.64,6,2026-02-14,Dafne Adán Ariza,Burgos
Carne,13.94,10,2025-06-09,Brunilda Briones-Barragán,Toledo
Aceite,12.91,6,2025-06-22,Lope Salamanca,Ciudad
Leche,14.05,7,2025-07-18,Demetrio Pedrosa Sanjuan,Lugo
Pollo,9.33,6,2025-09-28,Isidro Dan Valencia Aznar,Tarragona
Queso,18.37,3,2026-03-02,Cecilia Murillo,Girona
Café,9.22,2,2025-11-01,Ana Ferrán Abellán,Teruel
Café,0.6,7,2025-07-20,Felicia Rebeca Mulet Iborra,Álava
Azúcar,12.5,9,2025-10-19,Mayte Tudela Amorós,Guipúzcoa
Huevos,17.03,1,2025-07-16,Jose Feliu,Almería
Pollo,6.87,3,2026-04-03,Yago Cazorla Moles,Valladolid
Azúcar,14.08,6,2026-02-17,Alexandra de Vázquez,Pontevedra
Carne,4.53,5,2025-12-14,Edu Galiano Cuadrado,Valladolid
Pollo,6.04,1,2025-10-07,Roque Gomis Valbuena,Alicante
Aceite,4.27,9,2025-08-17,Ainara Alemán Soria,Álava
Café,12.1,9,2025-07-19,Lázaro Andres Carreras,Zaragoza
Aceite,12.8,9,2026-04-30,Otilia Silvia Infante Cabo,Huelva
Pan,10.72,6,2025-06-28,Marcelino Armengol Girona,León
Huevos,9.23,8,2025-11-02,Heriberto Camacho-Osorio,Madrid
Queso,9.61,7,2025-09-10,Lara Cayetana Catalá Gimeno,León
Arroz,19.23,1,2025-07-01,Yaiza Briones Merino,Alicante
Azúcar,4.07,7,2025-06-04,Valentina Somoza Pol,Palencia
Azúcar,14.0,1,2025-09-01,Alonso Mariscal Rivas,Zaragoza
Aceite,11.34,7,2025-08-24,Modesta Fuentes,Las Palmas
Huevos,17.47,3,2026-02-12,Edgardo Reguera Cuadrado,Salamanca
Aceite,16.58,1,2025-07-03,Teresita Diéguez Menéndez,Soria
Arroz,1.99,7,2026-01-27,Joaquín Lozano Clemente,León
Queso,3.86,8,2025-09-13,Vasco Briones Mariño,Huelva
Azúcar,12.08,1,2025-06-26,Cayetana Blasco-Aliaga,Palencia
Azúcar,11.75,1,2025-11-29,Roberta de Losa,Segovia
Arroz,11.03,5,2026-04-24,Rita Cobos Leiva,Ceuta
Pan,14.26,5,2025-12-11,Eugenia Iñiguez Artigas,Ávila
Pollo,11.12,2,2026-01-07,Feliciano Seguí Company,Tarragona
Queso,1.27,7,2025-11-05,Samuel Gallego Rubio,Zamora
Pollo,6.58,3,2025-10-06,Azahar Ortuño Calzada,Pontevedra
Pan,12.68,2,2025-06-13,Inocencio Bauzà Salvà,Tarragona
Pan,19.41,10,2025-09-10,Sandra Montserrat Parra,Las Palmas
Azúcar,8.97,2,2025-06-10,Amparo Soler-Alcalde,Valladolid
Pollo,13.75,3,2026-04-20,Concepción Amaya Pedraza,Cantabria
Café,13.36,7,2026-04-17,Noé Andres-Sans,Zaragoza
Huevos,6.59,2,2026-02-26,Merche Adán-Garay,Madrid
Pan,19.3,2,2026-04-11,Aitana Merino Blazquez,Sevilla
Azúcar,16.54,8,2026-03-28,Galo Noguera Cabello,Valencia
Carne,7.54,4,2026-04-16,Tecla del Martín,Murcia
Leche,9.21,4,2025-08-30,Jovita Vilanova-Manuel,Navarra
Pollo,17.7,7,2025-11-17,Manuela Ibañez Anglada,Valencia
Aceite,10.89,3,2025-09-03,Hernán Alcides Guillen Teruel,Navarra
Queso,17.16,4,2026-04-30,María Perez-Blázquez,León
Pollo,8.48,7,2025-07-09,Cornelio Anastasio Martí Guardia,Baleares
Azúcar,19.82,6,2025-07-02,Juan Borja Bastida,Guipúzcoa
Azúcar,13.97,9,2026-03-28,Emelina Mir Barragán,Alicante
Pan,10.98,2,2025-08-06,Espiridión Olmo Solís,Salamanca
Pan,17.69,9,2026-03-02,Julie Martorell Téllez,Madrid
Azúcar,14.58,1,2026-03-11,Dolores Jove Velázquez,Girona
Aceite,12.87,4,2026-04-11,Nico Gallego,Melilla
Carne,1.42,8,2025-07-24,Hermenegildo Vara Benítez,Valladolid
Aceite,18.18,10,2026-05-21,Teófila Calleja Salazar,Lugo
Aceite,12.89,3,2025-06-08,Jorge Burgos Vallés,La Coruña
Pan,2.37,9,2025-08-06,Paloma Cuesta Seguí,Murcia
Carne,10.92,6,2026-04-10,Luis Ángel Corominas,Alicante
Queso,10.16,3,2025-09-24,Amando Calderón Cózar,Huelva
Azúcar,1.78,5,2026-03-17,Felicidad Ferrández Meléndez,Granada
Queso,9.57,5,2026-01-24,David del Amo,Palencia
Carne,8.48,2,2025-10-02,Hernán Álamo,Almería
Café,17.35,4,2025-07-25,José Mari Bayona Medina,Vizcaya
Huevos,8.43,6,2026-01-22,Calixto Vega Garrido,Salamanca
Queso,14.89,9,2025-10-05,Lucía Andrade Torres,Ceuta
Queso,3.05,5,2025-11-03,Jacinta Galindo-Cañellas,Melilla
Arroz,19.77,7,2026-01-04,Inés Sanabria Ortega,Barcelona
Pan,11.94,1,2026-01-15,Isabela Sastre Villa,Madrid
Arroz,4.61,6,2025-12-13,Jordana Llano-Campoy,Las Palmas
Arroz,0.83,9,2025-12-25,Heliodoro Jaén Aliaga,La Coruña
Carne,9.03,1,2025-06-07,Teresita Bou Bernat,Tarragona
Huevos,4.7,10,2026-04-26,Encarnita Lledó Malo,Zaragoza
Pollo,4.43,6,2025-11-02,Guadalupe Camino Barranco,La Coruña
Aceite,18.04,5,2025-11-16,Inmaculada Morales Céspedes,Zaragoza
Azúcar,16.4,3,2025-07-26,Oriana del Acedo,Girona
Queso,13.26,1,2025-08-10,Melchor Ocaña Armengol,Baleares
Huevos,9.74,4,2025-07-07,Felix Méndez Ribera,Jaén
Huevos,1.66,9,2026-01-20,Aníbal Collado Lerma,Las Palmas
Queso,12.57,10,2025-12-25,Chuy Pinilla Rosa,Toledo
Leche,3.97,5,2025-08-04,Eufemia Cáceres Lozano,Huesca
Café,1.68,2,2026-04-17,Luna Cándida Montoya Ferrando,Toledo
Café,12.09,8,2025-06-25,Demetrio Segura Pulido,Zaragoza
Queso,0.94,10,2026-01-16,Albert León Sevilla Mendizábal,Lleida
Arroz,11.24,4,2025-09-06,Joan de Díaz,Valencia
Leche,17.69,1,2025-06-08,Florina Olivera,Vizcaya
Aceite,2.27,1,2025-10-03,Vanesa Checa Polo,Burgos
Huevos,3.5,3,2025-06-20,Eligia Flor-Soler,Guadalajara
Carne,1.38,2,2026-02-09,Manuel Esteban González,Málaga
Café,10.54,7,2025-07-13,Felicidad Vélez Pujol,Murcia
Carne,16.96,6,2025-11-05,Santos María Serra Duque,Teruel
Arroz,9.52,9,2026-05-09,Tadeo Desiderio Rubio Benitez,Melilla
Aceite,15.74,9,2025-07-31,María Pilar Benítez Pinedo,Asturias
Café,6.97,8,2025-11-15,Feliciana del Tamayo,Tarragona
Leche,11.67,2,2026-05-04,Alba Medina Palau,Zamora
Carne,19.35,5,2026-02-13,Nazaret Marti Borrell,Cádiz
Café,12.91,10,2025-11-20,Isaura Natalia Bas Almansa,Granada
Queso,14.12,4,2025-09-17,Carina Gonzalo-Vilaplana,Huesca
Pollo,2.38,8,2026-03-09,Eugenio de Domínguez,Castellón
Aceite,16.93,9,2025-07-16,Marciano Rubén Canals Cortes,Palencia
Arroz,15.99,10,2025-12-10,Prudencio Lladó Marco,Palencia
Carne,16.8,10,2025-08-18,Adrián Salom Gutiérrez,Tarragona
Queso,16.41,6,2026-02-03,Gerónimo Alfaro Canales,Ciudad
Pollo,15.61,7,2025-10-15,Ezequiel Roselló Calleja,Ceuta
Pan,10.25,2,2026-03-07,Cándido Ribera-Conde,La Coruña
Café,17.59,9,2025-11-14,Miguel Ángel Piñeiro,Asturias
Azúcar,13.34,8,2026-02-06,Angelina Flavia Izquierdo Verdú,Álava
Arroz,12.4,1,2025-08-10,Marino Parejo Cózar,Zaragoza
Pollo,8.75,2,2025-12-24,Urbano Narciso Manuel Belda,Burgos
Queso,1.45,5,2025-06-01,Maxi Villar,Barcelona
Carne,16.7,6,2025-08-16,Albina Rocha Olivé,Almería
Pollo,12.42,9,2026-05-23,Juanito Yuste,Cáceres
Café,19.75,7,2025-11-29,Jose Manuel Meléndez Cáceres,Murcia
Arroz,0.94,1,2026-05-06,Pancho del Jordán,Barcelona
Arroz,14.5,9,2026-01-07,Pastora Bastida Corbacho,Lleida
Carne,14.1,9,2026-01-18,Dora Frías,León
Huevos,19.1,9,2025-07-16,Chuy Reguera Vicente,Granada
Queso,3.82,4,2025-11-21,Iván Serra Arellano,Pontevedra
Carne,9.63,5,2026-03-15,Nuria Barragán Corominas,Soria
Azúcar,3.02,7,2026-01-14,Rebeca Sanz-Ferrán,Pontevedra
Azúcar,6.67,10,2025-11-29,Rosalía Cisneros,Palencia
Carne,11.85,5,2026-02-10,Pánfilo Sanz Goñi,Huelva
Pan,11.23,6,2025-07-01,Odalis Azorin Monreal,Melilla
Café,17.81,5,2026-03-03,Edmundo Manuel Segovia,Guadalajara
Pan,5.0,6,2026-04-29,Tito de Carrera,León
Carne,1.43,8,2025-09-13,Adoración Suarez Mena,Huelva
Aceite,3.72,4,2025-08-09,Reyes Acuña,Cádiz
Huevos,17.71,5,2026-02-07,Rosario Cabello,Málaga
Queso,18.47,1,2025-07-30,Pepe Niño Reyes,Barcelona
Aceite,1.09,5,2026-02-21,Blanca Acevedo Ayllón,Jaén
Pan,16.39,1,2026-01-18,Adoración Solé Perales,Huesca
Arroz,3.25,3,2025-11-25,Maximiano Gargallo Iniesta,Valladolid
Pan,18.25,3,2026-02-09,Mirta Estrada Gilabert,Cantabria
Queso,10.46,4,2026-05-27,Sarita Español Arce,Almería
Aceite,2.96,3,2025-06-26,Toni Giner Pinilla,Sevilla
Pan,15.31,10,2025-11-22,Chucho Gargallo Bonet,Granada
Huevos,5.67,1,2026-04-11,Noé Cobos Fuentes,Valladolid
Huevos,16.22,6,2025-06-21,Ainoa del Arellano,Salamanca
Carne,15.85,7,2025-09-25,Jacobo Chacón Tejada,Ciudad
Pan,0.67,7,2026-01-16,Goyo Zaragoza Elías,Lugo
Aceite,16.66,10,2025-12-12,Trinidad Tena Torrent,Cuenca
Azúcar,14.18,8,2026-05-10,Baldomero Quiroga Pomares,Huelva
Pollo,16.18,5,2026-02-23,Noé Leal Montalbán,Sevilla
Aceite,8.46,9,2025-07-31,Gala Duque,Badajoz
Café,3.46,8,2026-04-03,Rosalina Jurado,Cuenca
Azúcar,0.84,2,2025-08-23,Paz Pascuala Villanueva Querol,Ourense
Azúcar,11.22,2,2025-09-16,Pili Vila-Iborra,Castellón
Pollo,10.78,9,2025-12-21,Fabricio Aguilar,Guipúzcoa
Café,17.64,5,2025-11-06,Celestina Madrigal Esteban,Albacete
Pan,7.71,6,2026-05-14,Leonardo Ugarte Agudo,La Rioja
Carne,14.22,2,2026-02-22,Plinio Toledo-Carballo,Murcia
Azúcar,6.96,5,2026-03-13,María Belén Calvo Paredes,Cádiz
Arroz,5.22,7,2026-03-26,Claudio Aroca,Guipúzcoa
Arroz,11.39,3,2026-03-29,Marisol Arjona Saez,Santa Cruz de Tenerife
Azúcar,16.27,8,2025-08-09,Nacho Cervera Menéndez,Vizcaya
Aceite,5.96,10,2025-11-28,Osvaldo Berenguer Daza,Zaragoza
Azúcar,18.1,10,2025-10-23,Elena Gárate-Peláez,Vizcaya
Leche,6.13,4,2025-08-09,Adolfo Nadal Contreras,Zamora
Aceite,12.24,3,2025-06-30,Marcos Aranda,Soria
Leche,18.42,9,2025-08-17,Anita Nevado Olivares,Toledo
Café,2.12,5,2025-12-28,Dolores Orozco,Murcia
Leche,17.19,6,2025-09-04,Pía Valera-Ruano,Huelva
Azúcar,3.03,3,2025-10-03,Américo David Martinez Iniesta,La Coruña
Pan,18.12,7,2025-06-30,Morena Cazorla-Olmedo,Zaragoza
Pollo,11.18,8,2025-09-22,Bernarda Guitart Puga,Cuenca
Leche,6.07,2,2025-06-07,Cruz de Ballesteros,Badajoz
Pan,14.75,1,2025-09-13,Aroa Gámez Guardia,Cuenca
Pollo,4.94,8,2025-12-27,Lilia del Casal,Huesca
Huevos,6.32,3,2025-08-23,Amaro de Portero,Lleida
Café,7.45,10,2025-05-31,Benito Fonseca-Barba,Vizcaya
Pollo,12.31,9,2026-02-13,Cayetana Abigaíl Amo Armas,Murcia
Pollo,9.96,5,2025-06-07,Borja Mena Cordero,Castellón
Huevos,1.66,2,2026-03-30,Américo Cabeza Vizcaíno,Murcia
Huevos,18.15,10,2025-12-01,Macario del Almazán,Teruel
Queso,10.29,5,2025-07-27,Isabel Luna Nuñez,Asturias
Café,4.9,10,2025-09-24,Paula Gálvez Mur,Guadalajara
Aceite,2.67,10,2026-03-06,Geraldo Noriega-Rivas,Salamanca
Azúcar,2.42,8,2026-05-25,Perlita de Teruel,Navarra
Huevos,7.96,4,2025-09-27,Venceslás Arévalo Marí,Vizcaya
Huevos,12.03,5,2025-09-05,Fortunato Ochoa Daza,Castellón
Azúcar,9.36,2,2025-10-31,María Carmen Cano Porta,Granada
Pollo,5.43,10,2025-07-15,Eutropio Vara-Zabaleta,Valladolid
Queso,2.01,6,2026-05-21,Quirino Tomas Tejedor,Huesca
Leche,8.97,8,2026-05-16,Ofelia Huerta,Jaén
Arroz,7.97,9,2025-08-07,Calisto Pellicer Olivera,León
Pan,15.49,6,2025-06-15,Custodio del Gordillo,Madrid
Queso,1.93,7,2025-09-06,Amparo Solís-Pulido,Melilla
Carne,10.06,7,2025-06-17,Malena Barrena-Llanos,Girona
Carne,4.45,1,2025-12-09,Heraclio Artemio Pinto Aguiló,La Rioja
Pan,12.92,10,2025-12-15,Ofelia Ramis,Cuenca
Azúcar,8.77,9,2025-07-23,Perlita de Orozco,Ourense
Pan,9.74,1,2025-10-12,Máximo Borja Quintana,Navarra
Carne,14.45,3,2026-04-15,Agustín Lladó Calvo,La Rioja
Huevos,16.3,6,2025-10-15,Rosalva Castro,Melilla
Huevos,1.04,8,2025-06-02,Valerio Esteban Río,Lugo
Aceite,15.47,10,2025-09-24,Pastor Escribano Sanmiguel,Ourense
Queso,7.45,3,2025-12-19,Román Jover,Granada
Huevos,14.83,1,2026-03-18,Guadalupe de Martinez,Huelva
Pan,16.9,2,2026-05-10,Carlito Alemán Muñoz,Salamanca
Café,17.64,5,2025-09-24,Rebeca Sarabia Doménech,Murcia
Aceite,15.74,4,2025-09-01,Edelmira Dalmau Ballesteros,Albacete
Aceite,16.39,6,2025-08-10,Angelino de Uribe,Málaga
Pan,13.15,3,2026-01-30,Belén Cisneros Lladó,Málaga
Pollo,17.78,1,2025-06-26,Guiomar Guitart Carvajal,Cádiz
Azúcar,14.37,7,2026-04-18,Azeneth López Borja,Pontevedra
Azúcar,10.45,9,2025-09-13,Luz Borrego Exposito,Málaga
Aceite,12.11,7,2025-12-10,Jose Manuel Lara Albero,Huelva
Aceite,13.56,1,2026-02-25,Abel del Dueñas,Navarra
Café,19.41,2,2026-02-07,Febe Rios,Huesca
Pollo,1.58,9,2026-02-22,Alfonso Manzano,Tarragona
Café,12.79,4,2025-08-28,Cruz Montesinos Uriarte,Albacete
Azúcar,13.47,2,2025-10-31,Juanito de Alfonso,Alicante
Café,16.61,4,2025-12-15,Jovita de Gual,Barcelona
Azúcar,19.62,9,2025-09-13,Ángela Mate Montero,Cuenca
Café,9.2,4,2026-05-22,Horacio Álamo Mir,Vizcaya
Pollo,14.39,3,2025-11-04,Maximiliano Fuster Crespi,Las Palmas
Café,7.39,8,2025-10-19,Nazaret Gutiérrez Mayo,Girona
Azúcar,13.88,4,2025-05-29,Amor Quesada Castañeda,Valladolid
Huevos,8.24,3,2025-12-04,Victor Yago Espinosa Cañete,Vizcaya
Café,7.82,3,2025-10-01,Araceli Aragonés Mendizábal,Albacete
Huevos,13.71,4,2026-01-02,Glauco Pedro Fortuny,Burgos
Pan,8.54,8,2025-06-30,Sabas Mir Belmonte,Huelva
Arroz,14.82,3,2026-03-31,Adelardo Murillo Agustí,Tarragona
Carne,17.96,9,2025-11-30,Heraclio Perea Pi,Las Palmas
Azúcar,10.41,8,2025-12-28,Chucho Arrieta Sarmiento,Huesca
Pan,19.68,5,2026-03-22,Fidel Borja Amo Cózar,Cáceres
Aceite,12.49,4,2026-03-27,Fermín Colomer Manzanares,Tarragona
Pollo,11.66,7,2025-07-29,Olivia Campillo Planas,Málaga
Café,4.65,4,2025-09-25,Santiago Girón Ayala,Sevilla
Queso,5.09,4,2025-10-30,Soraya Avilés,Girona
Café,0.62,2,2026-03-22,Perlita Barral-Suárez,Castellón
Huevos,3.17,9,2025-08-06,Régulo Barrios Pareja,Ourense
Aceite,18.77,2,2025-10-12,Pía Cámara Lobo,Girona
Aceite,18.49,7,2025-11-29,América Pinto-Isern,Cuenca
Huevos,1.36,1,2025-09-09,Claudia Reig Rocha,Madrid
Arroz,2.22,1,2025-06-07,José Tenorio Valle,Córdoba
Huevos,4.3,9,2025-05-28,Marina Peña Solsona,Cantabria
Leche,19.12,1,2025-07-13,Leire Mercader Alcalá,Álava
Café,15.24,8,2025-09-03,Aitana Valero Escrivá,Toledo
Azúcar,7.54,3,2026-02-02,Javiera Viana Ramón,Cuenca
Pollo,1.69,6,2025-12-20,Federico Saez Echeverría,La Rioja
Café,7.48,4,2025-09-10,Jovita del Lamas,Badajoz
Carne,14.44,2,2025-10-22,Manuel Jimenez Posada,Ciudad
Arroz,19.17,1,2026-05-19,Dafne Zurita-Palomares,Segovia
Aceite,1.39,3,2025-11-19,Isaac Oller,Murcia
Pollo,9.07,8,2025-10-31,Mariana Vaquero-Álvaro,Cuenca
Aceite,0.95,3,2025-07-02,Reyes Mariscal Ropero,Cádiz
Leche,0.94,6,2025-07-15,Osvaldo Porta Aguiló,Baleares
Arroz,3.61,4,2025-06-30,Juan Luis Carvajal,Almería
Queso,19.38,1,2026-03-29,Haydée Gibert Bernad,Valencia
Carne,6.03,7,2025-10-14,Nidia Boada Lozano,Valladolid
Café,7.06,9,2026-05-12,Calisto Carrera,Cádiz
Huevos,16.25,2,2026-02-21,Hortensia Ureña Carbonell,Burgos
Café,14.77,4,2025-07-23,Lucho Pascual Fernández Peinado,Albacete
Arroz,6.7,1,2025-12-05,Andrea Teruel Alcaraz,Álava
Pollo,15.91,8,2026-01-04,Vidal Montenegro-Alcántara,Ceuta
Queso,11.19,1,2025-09-02,Víctor Rius Daza,Girona
Aceite,7.7,6,2025-05-27,Fulgencio Gracia Barroso,Lleida
Aceite,18.34,6,2026-05-25,Albina Paniagua Bernal,Melilla
Huevos,6.24,5,2025-08-09,Pedro Puerta-Almeida,Córdoba
Carne,2.04,5,2025-07-31,Julieta Buendía Manrique,Soria
Leche,9.53,9,2026-03-20,Débora Barbero Valle,Almería
Café,12.73,3,2025-11-29,Maximiano Robles Gracia,Vizcaya
Carne,7.23,2,2025-07-05,Cipriano Uribe-Lobo,Asturias
Azúcar,1.37,9,2025-06-17,Marcela Angélica Pardo Corominas,Albacete
Aceite,11.97,10,2026-04-03,Asdrubal Simón Pelayo Lucas,Palencia
Pan,15.86,10,2026-05-09,Noa Mateos Doménech,Huelva
Carne,16.42,5,2026-03-03,Martirio Fábregas,Navarra
Arroz,7.31,3,2025-10-25,Natalia Alcolea Calvo,Girona
Carne,3.98,5,2026-02-01,Chuy Rivero Araujo,Salamanca
Arroz,15.41,2,2026-04-24,Nilo Vaquero Rosell,Albacete
Aceite,2.94,10,2025-11-10,María José Mendez Moll,Baleares
Azúcar,2.47,3,2025-12-12,Felicia Angelina Carbó Carpio,Málaga
Azúcar,17.46,10,2025-10-24,Concha de Boada,Soria
Pan,18.79,4,2025-10-20,Eli Paniagua-Andreu,Ourense
Azúcar,19.26,8,2025-11-27,Renata Vaquero Galan,Burgos
Leche,3.41,3,2026-02-06,Tamara Boada-Alba,Lugo
Leche,19.27,10,2025-11-28,Eusebia Vicente Gálvez,Tarragona
Leche,4.02,3,2026-03-11,Paulina España Carvajal,Córdoba
Café,1.65,4,2025-12-02,Jesús Humberto Rodrigo Gual,Salamanca
Queso,5.82,6,2025-05-31,Brunilda Hoyos Marquez,Badajoz
Queso,1.18,1,2025-11-12,Jessica Nicolau Medina,Teruel
Queso,15.12,2,2025-07-21,Mariano Donoso,Asturias
Pan,16.09,6,2026-05-08,Ismael Luque Sureda,Albacete
Aceite,19.89,2,2025-10-09,Esperanza Fortuny Manrique,Las Palmas
Huevos,18.49,9,2025-09-18,Mariano del Ortega,Ciudad
Arroz,2.34,8,2026-05-22,Xavier Torrent Ballesteros,Álava
Leche,1.98,10,2025-12-10,Apolinar Rosell-Viña,Burgos
Pollo,14.64,4,2026-03-21,Amelia Paz Cañizares,Huesca
Carne,18.34,2,2025-06-02,Genoveva Bravo-Viñas,Vizcaya
Azúcar,15.79,8,2025-08-09,Nicolasa Merino Ribera,Albacete
Azúcar,17.05,2,2025-10-02,Carmen Andres,Álava
Arroz,11.63,4,2026-01-10,Juan Carlos Frías,Salamanca
Aceite,6.31,8,2025-06-28,Luís de Hidalgo,Ávila
Arroz,6.97,6,2026-02-19,Malena Mas,Lugo
Leche,11.39,4,2026-05-04,Joaquín del Vaquero,Lugo
Pan,9.25,4,2026-03-04,Lorena Vilalta-Pinto,Valladolid
Queso,3.22,2,2025-08-05,Leticia de Infante,Córdoba
Pollo,16.56,1,2025-09-12,Ambrosio Cabello Barranco,Lleida
Pollo,17.84,5,2026-01-03,Lara Huertas,Lugo
Arroz,16.65,1,2026-03-22,Rosario Frías Cánovas,Valencia
Queso,8.33,5,2026-05-13,Carolina Carreño Aguirre,Álava
Pollo,2.6,3,2025-09-21,José Luis Rosado Blasco,Ceuta
Pan,18.16,10,2025-11-18,Almudena del Valero,Alicante
Huevos,6.63,10,2025-11-27,Curro Peralta Manzanares,Cádiz
Arroz,18.47,2,2025-10-21,Eufemia Botella-Vaquero,Cantabria
Carne,2.48,8,2025-08-13,Liliana Renata Arévalo Almagro,Teruel
Huevos,5.15,1,2026-04-09,Julián Santamaria Perez,Córdoba
Aceite,1.22,1,2026-04-29,José Guillén Roura,Jaén
Azúcar,16.38,4,2025-06-05,Arturo Benito Santamaria Vendrell,León
Café,18.95,8,2025-11-23,Elpidio Cazorla Abellán,Toledo
Aceite,4.63,3,2025-10-21,Isidora Acuña Tapia,Guipúzcoa
Café,9.95,3,2026-03-15,Vito Álamo,Álava
Azúcar,13.46,4,2025-07-28,Tito Sevillano,Valladolid
Café,9.14,1,2026-04-27,Pánfilo Fonseca-Mena,Ciudad
Huevos,6.83,10,2025-06-16,Pepito Miranda-Gomis,Barcelona
Leche,14.94,4,2026-02-20,Zaida Ros Company,Ceuta
Café,8.81,9,2026-04-22,Ramiro Segura Acevedo,Melilla
Leche,15.36,7,2025-09-05,Cándida Arribas Herrero,Santa Cruz de Tenerife
Arroz,0.5,4,2025-10-20,Moreno Isidro Llamas Codina,Soria
Leche,12.17,1,2026-01-31,Wilfredo Llanos Abascal,La Rioja
Pollo,15.16,4,2025-10-22,Jose Tomás Bastida,Asturias
Queso,17.91,6,2025-08-12,Susana Calzada Trillo,Lugo
Azúcar,13.78,7,2026-02-15,Gloria Trujillo Olivé,Pontevedra
Café,9.43,2,2025-08-27,Blas Ciríaco Verdú Amorós,Guadalajara
Azúcar,6.07,5,2025-07-26,Pascual Botella Ledesma,Jaén
Pan,15.26,7,2025-06-06,Inmaculada del Mercader,Huesca
Café,19.16,5,2026-04-18,Tania Rebollo Morell,Cuenca
Aceite,6.81,8,2025-11-08,Soraya Salgado Jordán,Ávila
Huevos,2.9,9,2025-10-12,Marcio Godoy Lerma,Vizcaya
Carne,2.01,10,2026-01-03,Manu Carretero,Soria
Leche,3.98,9,2025-12-14,Máximo Manzanares Delgado,Santa Cruz de Tenerife
Carne,10.66,4,2025-12-01,Belen Flor Rubio,Ceuta
Café,1.24,5,2026-01-21,Pepito Vicens,La Coruña
Carne,3.1,7,2026-04-24,Teobaldo Roselló Sanabria,León
Huevos,12.5,6,2025-11-10,Marcelino Martorell Suárez,Huesca
Queso,2.51,2,2026-02-19,Jacinto Alberto Pellicer,Madrid
Queso,13.25,9,2025-06-19,Íñigo de Barriga,Huelva
Queso,5.3,4,2025-12-30,Chita Piquer-Dueñas,Málaga
Pollo,3.57,2,2026-01-11,Paloma Arnaiz Andreu,Granada
Queso,3.35,5,2026-03-11,Montserrat Cano Cases,Lleida
Leche,17.38,7,2025-07-21,Manu Sanz Sotelo,Guipúzcoa
Pan,3.64,10,2026-04-27,José Luis Rodriguez Vilalta,Ceuta
Pan,4.51,5,2026-05-15,Maite del Río,Santa Cruz de Tenerife
Huevos,15.72,6,2026-04-12,Magdalena Higueras Moya,Baleares
Leche,5.03,10,2025-09-13,Armida Borja Garriga,Ávila
Azúcar,15.38,6,2025-07-04,Claudio Pons Cortina,Asturias
Leche,11.7,9,2026-03-24,Loida Rivera Cerdá,Valladolid
Leche,13.2,10,2025-06-23,José Sierra-Solsona,Córdoba
Azúcar,9.21,6,2025-07-21,Domitila Quintanilla,Teruel
Pollo,13.0,6,2026-01-07,Dominga Amigó Fortuny,Barcelona
Arroz,16.71,5,2025-09-09,Manuela Tudela-Román,León
Carne,15.16,1,2026-03-24,Olivia Otilia Galindo Cózar,Zamora
Pollo,1.5,8,2026-03-08,Nilda Cánovas Reyes,Soria
Pollo,5.25,9,2025-07-27,Sabas Landa Alegria,Soria
Aceite,8.62,8,2026-01-04,Matilde Andrade Gámez,Palencia
Pollo,0.57,10,2025-10-27,Víctor Raimundo Calatayud Lastra,Badajoz
Aceite,1.75,7,2025-07-02,Victorino Ciro Ortuño Cabo,León
Arroz,7.49,8,2026-02-02,Patricia Montalbán Lucena,Tarragona
Queso,11.75,4,2026-01-12,Adalberto Sabater Soler,Huesca
Azúcar,12.5,8,2025-12-28,Toribio Vazquez Lara,Barcelona
Pan,8.19,8,2025-07-31,Martin Heliodoro Acevedo Canales,Teruel
Queso,12.27,4,2025-06-25,Héctor Julio Múgica Alfonso,Burgos
Queso,10.19,5,2025-07-02,Teodora del Araujo,Madrid
Arroz,2.83,4,2025-12-06,Félix Espejo-Arrieta,León
Aceite,1.86,6,2026-02-19,Adelardo Escrivá Briones,Huesca
Aceite,19.11,10,2025-12-23,Jessica Rivas Carpio,Palencia
Leche,18.9,2,2025-10-15,Encarnita Barrio,Guipúzcoa
Leche,18.83,3,2025-09-10,Rosa María Salomé Rosado Morillo,Teruel
Huevos,10.23,9,2025-08-01,Rogelio Vazquez Haro,Lleida
Café,12.36,7,2025-10-18,Candelas Francisco Folch,Ourense
Carne,11.61,1,2026-04-15,Tiburcio del Merino,Guadalajara
Pollo,5.26,1,2025-06-19,Heliodoro Quintanilla,Teruel
Arroz,15.1,8,2026-04-03,Albano Escolano Marí,Palencia
Pan,6.02,7,2026-04-02,Vicente Alba Priego,Murcia
Carne,10.05,2,2025-08-16,Emigdio Agapito Bermudez Alcalá,Soria
Carne,5.75,10,2026-02-05,Nicanor Villegas Baró,Granada
Pollo,8.94,9,2025-11-28,Teobaldo Nicolás Bastida Abascal,Pontevedra
Azúcar,12.4,1,2026-02-20,Feliciana Rocamora Benavente,Pontevedra
Aceite,17.16,7,2026-02-09,Adelardo Ripoll Pastor,Zamora
Leche,9.49,2,2025-07-14,Leonor Alemán Saez,Santa Cruz de Tenerife
Leche,11.27,5,2025-08-24,Albert Requena Sáez,Álava
Leche,10.41,6,2026-02-08,Sebastián Rovira Castelló,Córdoba
Pan,9.89,7,2026-01-26,Gil Macías Montenegro,Lleida
Arroz,14.6,4,2025-09-20,Baudelio Mayol Marquez,Jaén
Pan,16.67,8,2026-05-24,Alejandra Rincón Soriano,Ávila
Pan,14.03,4,2026-02-23,Victor Sierra Vázquez,Teruel
Carne,13.39,2,2026-05-08,Maximiano Palomar Tur,Ciudad
Huevos,15.01,6,2026-03-08,Azahara Lopez,Castellón
Carne,7.78,7,2025-10-03,Alfonso del Paredes,Huelva
Aceite,3.27,6,2026-01-21,Zaira Bonet,Barcelona
Café,4.95,5,2026-03-23,Saturnino Eutropio Ortiz Mayoral,Jaén
Aceite,5.28,1,2025-08-17,Leocadio Solera Castells,Santa Cruz de Tenerife
Pan,10.99,3,2025-09-20,Evita Nieto-Belda,Madrid
Café,12.34,10,2026-04-11,Graciano García,Cantabria
Azúcar,16.44,4,2025-08-28,Carolina Lozano Menendez,Guipúzcoa
Aceite,12.82,5,2026-05-12,Nazario Isidoro Andreu Dávila,Soria
Huevos,8.91,8,2026-03-12,Valerio Sala Sobrino,Álava
Arroz,1.72,10,2025-11-19,Cayetano de Almagro,Huesca
Aceite,13.19,1,2025-09-24,Verónica Puig Priego,Jaén
Aceite,5.3,6,2026-02-01,Tania Almansa Acevedo,Soria
Aceite,1.98,3,2025-07-28,Espiridión Garriga Escamilla,Sevilla
Huevos,16.03,3,2025-07-30,Jaime Águila Landa,Badajoz
Leche,16.27,7,2025-12-23,Santiago Ripoll,Guadalajara
Pan,18.4,4,2025-12-21,Pío Sotelo Pi,Palencia
Arroz,1.42,10,2026-04-03,Consuelo Fanny Donoso Guitart,La Rioja
Queso,8.73,7,2026-05-09,Zaira Pomares Benavente,Burgos
Aceite,18.89,1,2026-01-13,Angelino Parra Ortiz,Ávila
Café,18.92,9,2025-10-24,Segismundo Zamorano Ribes,Valencia
Pan,18.75,8,2025-12-01,Graciela Chacón Nevado,Granada
Aceite,11.66,2,2026-05-10,Jose Luis del Ribera,Guadalajara
Pan,8.83,8,2025-10-12,Angélica de Cuervo,Cuenca
Arroz,8.95,10,2025-08-07,Vinicio Girona Gascón,La Coruña
Azúcar,12.43,8,2025-07-10,Ofelia Aguiló Samper,Pontevedra
Azúcar,14.88,3,2025-11-04,Sandalio Zapata,Cáceres
Huevos,9.86,10,2025-11-04,Fidela Guiomar Guijarro Morán,Alicante
Queso,7.44,2,2026-03-01,Marianela Anita Heras Sedano,Melilla
Café,6.32,8,2025-08-21,Espiridión Bermúdez Chico,Asturias
Carne,3.14,10,2025-12-11,Lucía Espinosa Gámez,Castellón
Carne,15.36,2,2025-08-02,Esteban Barreda-Asensio,Álava
Aceite,0.77,7,2026-03-03,Aristides Terrón Baeza,Barcelona
Leche,5.26,8,2025-11-25,Bernardo Llorente Hoz,Badajoz
Café,1.33,8,2026-05-01,Artemio Cobos Villalobos,Almería
Pollo,7.57,4,2026-04-17,Seve Díaz Escribano,Barcelona
Pollo,9.78,2,2025-08-19,Pío Jose Angel Criado Marín,Zamora
Huevos,13.35,9,2025-09-04,Saturnina Camino Barrios,Palencia
Azúcar,15.36,9,2026-02-05,Xiomara Amador Ayala,Toledo
Huevos,10.0,7,2026-04-28,Eli Pina,Girona
Huevos,1.99,10,2025-06-30,Nacio Moliner Plaza,Teruel
Pan,15.72,9,2026-02-10,Gabriel Nilo Cal Viana,Ávila
Arroz,5.47,3,2025-10-03,Godofredo Almagro Ángel,León
Pollo,14.84,10,2026-05-17,Omar González Acero,Álava
Leche,8.89,1,2026-04-29,Modesta Ureña Feliu,Valencia
Arroz,14.7,10,2025-07-10,Cristóbal Escalona Llopis,Cáceres
Azúcar,7.62,1,2026-04-26,Haydée Colom Velázquez,Cantabria
Azúcar,14.21,10,2025-09-09,Desiderio Expósito Solís,La Coruña
Huevos,18.0,5,2025-07-11,Susanita Cánovas Acevedo,Cantabria
Queso,15.81,6,2026-02-04,Irma Arnaiz,Burgos
Aceite,4.4,10,2025-10-15,Noé Mata-Andrés,Navarra
Azúcar,16.57,3,2026-03-20,Abril de Escudero,Barcelona
Carne,16.73,3,2026-04-19,Aroa Llamas-Vega,Lleida
Azúcar,0.93,7,2026-05-13,Blanca Montesinos Morillo,Las Palmas
Huevos,18.34,1,2025-10-14,Sebastián de Redondo,Jaén
Queso,7.81,2,2025-11-23,Severiano Juárez,La Rioja
Carne,3.83,5,2025-07-20,Manolo Roldán-Gabaldón,Castellón
Azúcar,4.93,9,2025-12-30,Borja Gárate,Asturias
Azúcar,9.74,1,2025-10-09,Serafina Córdoba Coloma,Teruel
Queso,14.34,8,2025-07-12,Remigio Gisbert Alberto,La Rioja
Arroz,19.23,8,2025-11-11,Carmelita Godoy-Andrade,Málaga
Azúcar,7.78,6,2025-08-26,Duilio Zapata Jaume,Murcia
Queso,4.86,7,2025-08-28,Domitila Gámez Godoy,Córdoba
Huevos,6.25,5,2026-05-09,Ibán Abril Jaume,Baleares
Queso,9.34,6,2026-04-12,Andrea Carmen Murillo Baeza,Soria
Queso,19.35,2,2026-03-20,Lina Montes Busquets,Asturias
Arroz,5.71,7,2025-11-28,Eligio Vila Carrasco,Badajoz
Aceite,16.48,10,2025-08-16,Susana Dolores Perelló Leiva,Soria
Leche,2.66,7,2026-04-30,Roque de Alberto,León
Café,14.83,2,2025-09-24,Anselma Bermudez,Córdoba
Huevos,6.47,9,2026-02-22,Geraldo Nicanor Sanmiguel Corominas,Ceuta
Azúcar,12.94,5,2025-06-04,Cristian Solé Rosado,Segovia
Carne,5.98,7,2026-04-08,Albino Cobo Pacheco,Córdoba
Azúcar,8.26,9,2025-12-22,Ariel de Pelayo,Barcelona
Aceite,10.67,8,2026-04-09,Custodio Izquierdo Ayllón,Madrid
Arroz,19.51,4,2026-04-13,Nacho Marcelino Iniesta Castellanos,León
Aceite,17.28,1,2025-09-25,Lourdes de Rivera,Melilla
Azúcar,6.03,3,2026-05-24,Máximo Castilla Estevez,Barcelona
Queso,6.92,3,2025-10-13,Mar del Carrera,Lleida
Huevos,13.07,5,2025-10-07,Clotilde Domingo Catalá,Salamanca
Huevos,8.08,9,2026-01-14,Lourdes Gonzalo Hurtado,Málaga
Café,9.84,6,2026-05-14,Cecilia Espada Parejo,Castellón
Pan,7.59,4,2025-05-28,Cayetano Guerrero,Teruel
Queso,5.9,4,2026-02-03,Maribel Carlota Balaguer Aparicio,Lugo
Carne,17.89,1,2026-03-08,Primitivo de Antúnez,Albacete
Huevos,19.09,10,2026-05-21,Geraldo del Marquez,La Rioja
Azúcar,1.98,1,2025-06-07,Isaías del Naranjo,Ávila
Azúcar,13.92,8,2026-04-30,Vidal Revilla-Fábregas,Melilla
Carne,15.04,5,2026-05-16,Pepita Pavón-Camacho,Cádiz
Leche,2.61,9,2025-09-18,Teodosio Pla Andrade,Murcia
Pollo,2.86,1,2026-04-06,Luis Ángel Eutropio Fuertes Camps,Segovia
Arroz,1.88,9,2026-03-07,Angelina Manjón Miró,Pontevedra
Café,9.98,9,2026-01-04,Anselma Adán Dávila,Huesca
Huevos,10.23,3,2025-10-17,Magdalena de Salas,Castellón
Huevos,5.2,8,2026-05-04,Darío Ildefonso Duarte Bustos,Cuenca
Carne,17.9,7,2026-01-24,Jimena Hernandez González,Teruel
Pollo,18.49,9,2025-09-22,Abigaíl Rivas Bejarano,Cantabria
Queso,15.87,10,2026-05-17,Blanca Girón Moliner,Palencia
Pollo,10.88,6,2025-08-07,Jaime Arrieta Coca,Murcia
Pan,18.72,1,2026-03-09,Martina Irene Blanca Villalobos,Castellón
Azúcar,12.68,4,2025-07-01,Violeta del Morell,Barcelona
Pan,5.01,6,2026-02-17,Flavia Ferrando Salinas,Ourense
Queso,16.7,3,2025-09-24,Candelaria Hernandez Pons,Navarra
Pollo,19.57,8,2025-08-05,Wálter Román Aznar,Navarra
Azúcar,11.32,4,2026-03-25,Yaiza Nuñez Lobo,Pontevedra
Huevos,1.22,6,2026-05-24,Amparo Barbero,Córdoba
Carne,7.27,9,2025-09-02,Hipólito Manuel-Peláez,Barcelona
Pollo,10.57,6,2026-03-14,Tatiana Bernad-Cases,Tarragona
Queso,15.71,4,2025-06-21,Josep de Ferrer,Ourense
Pollo,15.45,3,2025-11-30,Chema Casares Infante,Valladolid
Café,12.71,7,2026-02-06,Natanael Melero-González,Cantabria
Queso,19.79,6,2026-05-20,Hermenegildo Moll Montes,Santa Cruz de Tenerife
Aceite,7.49,9,2025-11-08,Samu Armas-Garrido,Palencia
Queso,11.52,10,2025-07-17,Tiburcio Pedrero Nicolás,Vizcaya
Arroz,14.41,1,2025-06-18,Félix Rodriguez Bayón,Vizcaya
Queso,13.3,8,2025-07-19,José Luis del Fajardo,Baleares
Café,9.64,6,2025-05-30,César Chaparro,Lugo
Azúcar,3.14,5,2025-06-18,Rogelio Carbajo Rosado,Córdoba
Carne,16.44,4,2025-08-17,Emigdio Marin,Teruel
Azúcar,14.45,9,2026-02-01,Nayara del Perales,Huelva
Huevos,15.88,2,2025-07-02,Miguel Ángel Cabezas-Becerra,Granada
Café,17.8,3,2025-07-31,Heraclio Navarro Sabater,Melilla
Queso,18.78,7,2025-09-29,Amado Ballesteros Teruel,Navarra
Aceite,17.0,6,2025-09-02,Cecilia Coca Morell,Soria
Queso,14.97,8,2025-09-25,Carmelo Gomila,Ceuta
Carne,8.43,9,2025-12-13,Josefina Villar Jerez,La Rioja
Pan,0.81,3,2026-03-20,Feliciana de Fuster,Ceuta
Carne,4.84,3,2026-03-22,Marco Julio César Quiroga Mateo,Barcelona
Leche,16.32,2,2025-06-04,Carlos Aguirre Lamas,Jaén
Pollo,7.79,2,2025-09-02,Dora Alberto Barreda,Las Palmas
Pan,9.53,9,2026-05-10,Leonel Benitez Verdú,Baleares
Café,5.77,6,2026-01-26,Adoración Ropero Canals,Las Palmas
Carne,16.61,7,2025-09-06,Sarita Pina-Tur,Navarra
Queso,17.99,2,2025-12-12,Jose Ignacio Jerez Sánchez,Soria
Carne,17.29,3,2026-02-23,Javier Piquer,Cádiz
Carne,11.86,10,2025-12-09,Santiago del Rozas,Cantabria
Queso,13.11,10,2025-06-18,Leonor Ros,Almería
Carne,7.85,9,2026-01-07,Emma Granados-Pulido,La Coruña
Azúcar,19.24,10,2025-12-05,Modesta Campo Valcárcel,Huelva
Carne,8.37,7,2025-08-25,Trinidad Gallart Abella,Guadalajara
Arroz,17.07,4,2025-09-17,Ainara Carrasco Quintanilla,Ceuta
Café,19.93,6,2026-03-14,Angelino de Lobato,Albacete
Café,14.52,5,2025-11-08,Elpidio Roura Cueto,Baleares
Azúcar,2.12,3,2025-11-09,Flora Jordá Marqués,Las Palmas
Aceite,16.04,2,2025-12-14,Rosalina Ligia Iniesta Sánchez,Cádiz
Carne,0.56,3,2025-07-17,Natanael de Duque,Toledo
Azúcar,19.17,4,2025-10-20,Guadalupe Carlito Valderrama Torrens,Cáceres
Leche,3.24,6,2025-08-27,Eli Royo Arnau,Granada
Azúcar,9.98,3,2026-01-21,Fito de Castilla,Ciudad
Café,12.18,3,2025-11-23,Pacífica Gisbert Pinilla,Burgos
Pan,6.97,4,2026-02-15,Clarisa Mata Cabañas,Zaragoza
Queso,4.14,7,2026-03-05,Fanny Echevarría Mendoza,Sevilla
Arroz,6.95,2,2025-12-30,Marcela Arias Fernandez,Ourense
Arroz,15.25,3,2025-08-01,Celia del Mena,Cádiz
Café,3.19,1,2025-08-07,Javier Artigas,Almería
Arroz,4.49,9,2025-07-25,Kike del Bárcena,Albacete
Café,8.84,10,2025-07-10,Aarón Puig Tello,Teruel
Café,13.53,2,2025-12-23,Josefina Ferrero,Cuenca
Azúcar,19.47,1,2025-12-01,Florentina Campoy Echevarría,Ceuta
Aceite,2.56,7,2026-03-08,Rafa Pastor,Almería
Azúcar,13.83,10,2025-11-15,Nazario Diéguez Martin,Huelva
Aceite,17.27,1,2025-10-17,Sergio Carvajal Beltrán,León
Pollo,17.37,8,2025-06-13,Natividad Canales Berrocal,Málaga
Leche,7.39,10,2025-12-22,Chema Ballesteros Díez,Huelva
Pan,4.08,4,2025-10-17,Bienvenida Plaza-Arnau,Huesca
Leche,3.22,3,2026-03-30,Sabina Morell Mas,Burgos
Leche,2.16,3,2025-10-07,Mireia de Ferrández,Córdoba
Aceite,7.63,1,2025-09-20,Águeda Florentina Feliu Grande,Segovia
Azúcar,4.03,5,2026-04-13,Felisa Castelló Novoa,Ávila
Queso,17.94,1,2025-08-31,Paca Aragón Salas,Guipúzcoa
Arroz,11.05,3,2026-03-24,Itziar del Huerta,Murcia
Pollo,12.18,1,2026-05-17,Isabela Rius Diego,Pontevedra
Arroz,2.34,5,2026-04-25,Flavia Montenegro Sanz,Huesca
Huevos,11.51,7,2025-07-17,Julia del Clavero,Asturias
Aceite,13.08,5,2025-06-30,Alfredo Oller Larrea,Guadalajara
Café,10.45,9,2025-08-20,Marcio de Blanch,Badajoz
Queso,0.93,2,2025-06-05,Marianela Amaya-Haro,Zamora
Pan,3.17,5,2025-12-24,Joaquina Salazar-Pérez,Guipúzcoa
Carne,16.2,2,2025-12-07,Olimpia Amaya Quesada,Almería
Pan,7.54,6,2026-03-22,Asdrubal Rios-Jódar,Soria
Pan,10.51,10,2025-07-14,Marcelo Herrero Ramón,Zaragoza
Carne,17.36,5,2026-04-01,Elvira Edelmira Cabo Lumbreras,La Rioja
Azúcar,6.55,6,2025-09-10,Jessica Sosa Diego,Albacete
Pollo,18.91,7,2025-09-26,Casandra Blazquez Torre,Valencia
Pan,15.02,10,2025-11-01,Verónica del Riquelme,Cuenca
Aceite,13.09,10,2025-12-20,Gaspar Ferrández Bellido,Navarra
Huevos,14.37,3,2025-08-28,Darío Mora Cañellas,Huelva
Pollo,19.27,2,2026-03-09,Jose Ignacio Casal Caro,Albacete
Azúcar,8.71,2,2026-04-18,Eliseo Busquets Cordero,Madrid
Leche,13.41,5,2026-01-06,Nacio Castejón Espada,Granada
Azúcar,7.34,5,2025-06-22,Renato Correa Landa,Zamora
Carne,4.67,1,2026-03-22,Angélica Vicens Larrañaga,Ciudad
Carne,15.63,7,2025-07-06,Leonor Abascal,Cuenca
Leche,12.89,10,2026-05-27,Edmundo Macías Manjón,Badajoz
Arroz,12.45,3,2026-04-06,Guadalupe Cobos Beltrán,Soria
Café,1.35,1,2026-05-13,Maxi Velasco Bejarano,Córdoba
Carne,2.45,3,2025-10-31,Aitor Dominguez Estrada,Toledo
Café,15.46,3,2026-04-05,Raimundo Carvajal Catalán,Ávila
Azúcar,4.89,3,2025-07-10,Elena del Llabrés,La Coruña
Carne,10.33,8,2025-08-30,Salomón Figueroa Salas,Ávila
Leche,4.38,8,2026-02-08,Julie Llano-Echevarría,Navarra
Arroz,16.23,8,2025-09-01,Fulgencio Oliveras Enríquez,Jaén
Pan,13.09,4,2026-04-16,Melania Vives Martinez,La Rioja
Huevos,12.04,10,2025-08-03,Santos Llamas Almeida,Murcia
Pollo,6.73,10,2025-08-31,Toni Montaña,Salamanca
Pollo,3.6,8,2025-06-08,Amanda Iñiguez Sans,Jaén
Huevos,14.39,8,2025-12-03,Diana Sáez Duque,Segovia
Arroz,3.44,2,2025-06-06,Amparo Camino Sáenz,Segovia
Aceite,18.45,2,2025-12-13,Saturnino Vázquez Carro,Burgos
Arroz,15.94,9,2025-07-01,Jose Ledesma Agudo,La Rioja
Pollo,14.86,3,2025-08-29,Esther Cadenas Cuadrado,Soria
Carne,4.27,4,2025-11-27,Lorenzo Pla Esteve,Ávila
Café,3.33,6,2025-11-21,Román de Somoza,Palencia
Café,10.36,2,2025-06-23,René del Pedrero,La Coruña
Pan,0.67,8,2026-04-14,Vicente Cándido Cordero Codina,Zamora
Arroz,9.35,6,2026-01-21,Haydée Leal-Alcántara,Albacete
Café,7.85,6,2025-11-14,Luciano de Mármol,Salamanca
Carne,1.22,2,2025-08-18,Adora Agustí Coronado,Palencia
Carne,19.49,8,2026-02-25,Amílcar del Diez,La Coruña
Carne,15.11,5,2025-09-05,Yolanda Julia Cid Cárdenas,Lugo
Huevos,19.92,4,2026-02-19,Remedios Gómez Navarrete,Ourense
Arroz,1.86,8,2026-01-06,Prudencio Elías Duque,Soria
Azúcar,3.38,9,2025-07-18,Hortensia Frutos Ledesma,Barcelona
Azúcar,7.04,6,2026-01-22,Eliana Baena Palacio,Castellón
Carne,6.43,6,2025-10-29,Ulises Eduardo Viña Castro,Baleares
Pollo,8.15,10,2025-12-16,Jovita Leocadia Andrade Doménech,Ávila
Arroz,11.2,10,2025-12-25,Andrea Carretero Flores,Jaén
Café,12.79,4,2025-09-07,Pilar Orozco Posada,Jaén
Azúcar,4.22,7,2026-02-23,César Aguilera Abellán,Asturias
Huevos,8.14,7,2025-11-21,Vilma Reguera Cano,Cádiz
Carne,11.9,1,2025-06-24,Jenny Calvo Montserrat,Toledo
Azúcar,4.84,6,2026-02-07,Jose Ignacio Boada Teruel,Ciudad
Pollo,1.79,5,2026-05-27,Ciriaco Correa Ruiz,Pontevedra
Arroz,15.51,9,2026-04-25,Pía Calderon Fábregas,La Coruña
Queso,3.38,7,2026-02-06,Delia Giner Quesada,Málaga
Queso,12.3,9,2025-09-05,Alcides Gracia Uriarte,Burgos
Café,1.1,6,2025-06-10,Juan José Falcó Cuevas,Navarra
Azúcar,15.42,5,2025-09-12,Lope Sanjuan Pinedo,Álava
Café,13.08,5,2025-10-23,Merche del Roura,Cádiz
Café,17.58,7,2026-04-24,Montserrat Calderón,Zamora
Queso,14.01,2,2026-03-02,Chus Osorio Gonzalez,Vizcaya
Huevos,18.18,3,2026-02-20,Amarilis Peiró Báez,Albacete
Queso,15.87,8,2025-12-19,Sergio Cañellas,Granada
Café,15.18,5,2026-05-19,Tamara Espinosa Olivé,Cuenca
Carne,8.96,7,2026-01-09,Dafne Alvarado Prat,Albacete
Huevos,13.47,7,2025-12-02,Alba del Cobos,Soria
Azúcar,8.36,3,2025-06-04,Dora Garzón Campoy,Huesca
Leche,14.05,1,2026-03-12,Julieta Roselló Agustín,Badajoz
Arroz,1.12,9,2026-02-07,Teresa Aranda-Pol,Málaga
Pan,8.02,9,2026-02-17,Leyre Manzano Sanmiguel,Huelva
Arroz,12.82,10,2026-02-24,Abel Jáuregui,Badajoz
Pollo,8.02,5,2026-04-12,Domitila Azorin Morán,Albacete
Carne,14.23,10,2025-08-04,Amelia Rey Guillén,Vizcaya
Carne,10.81,5,2025-05-31,Nicodemo de Canet,Zaragoza
Aceite,3.13,3,2025-06-19,Elba Ferreras Elías,Guadalajara
Pollo,16.51,6,2025-07-25,Rafaela Escamilla Tomé,La Coruña
Huevos,8.87,1,2025-06-23,Reynaldo de Puga,Jaén
Café,2.95,1,2026-03-14,Julia Verdejo Costa,Ourense
Aceite,11.98,1,2026-01-24,Anabel Pagès Narváez,Huesca
Huevos,9.46,8,2025-11-27,Consuela Bustamante Vázquez,Granada
Café,12.64,5,2025-07-09,Anastasio Zaragoza,Zamora
Arroz,3.82,1,2025-10-29,Malena Río Ángel,Almería
Queso,19.82,9,2025-10-17,Martina del Berrocal,Murcia
Aceite,8.38,3,2025-11-10,Cándido de Marí,Ceuta
Arroz,8.89,5,2026-03-09,Néstor Mayol Beltrán,Burgos
Carne,15.48,8,2026-03-31,Anselmo Cifuentes Miranda,Albacete
Pan,12.55,10,2025-12-15,Clemente Ribas Salazar,Pontevedra
Huevos,10.61,4,2025-06-08,Heliodoro Severiano Casals Velázquez,Huesca
Aceite,8.1,10,2026-02-09,Benjamín Alvarez-Verdejo,Cáceres
Azúcar,13.67,6,2025-12-30,Urbano Mata Palacio,Palencia
Leche,12.83,6,2025-12-05,América Acedo Solsona,Zaragoza
Leche,11.7,8,2025-12-18,Segismundo Fuster Herrero,Guadalajara
Aceite,3.26,2,2025-09-17,María Teresa del Agustín,Sevilla
Carne,16.61,2,2026-03-26,Liliana Fabra Camacho,Cáceres
Café,12.69,2,2025-10-29,Cleto Crespo Sáez,León
Leche,16.77,10,2025-10-15,Rosaura Sánchez Carrasco,Segovia
Arroz,14.4,3,2026-01-25,Roldán Porta Rosell,Ourense
Queso,19.09,7,2025-09-22,Benjamín Ferrando Viñas,Baleares
Arroz,11.71,2,2025-06-01,Remedios Emilia Benítez Pascual,Huelva
Carne,16.16,8,2026-05-20,Nazaret Ayuso Coello,Lugo
Huevos,5.83,10,2026-03-14,Darío Sigfrido Puig Llorente,Guipúzcoa
Café,8.77,7,2026-03-09,Chuy Girona Quesada,Almería
Leche,12.45,1,2025-06-22,Tomasa Cases-Varela,Baleares
Huevos,5.1,7,2026-02-05,Julio Fernandez Huguet,Cantabria
Aceite,2.77,10,2025-09-15,Arturo Lucas,Sevilla
Pollo,1.43,10,2025-08-13,Atilio Gonzalez Benavides,Madrid
Café,16.94,10,2025-09-30,Cristina Doménech,Ciudad
Arroz,17.3,4,2025-06-23,Ofelia Reina Quiroga,Santa Cruz de Tenerife
Huevos,8.35,4,2026-04-27,Irene Guardia,Burgos
Pan,17.26,4,2025-12-21,Inés Busquets Mínguez,Murcia
Azúcar,17.76,9,2026-05-02,Anna Serra Cabello,Huesca
Leche,6.17,6,2026-04-29,Reyes Roldan Cuadrado,Ceuta
Pan,1.52,6,2026-04-17,Feliciano Montenegro Roig,Pontevedra
Pan,14.98,6,2025-06-25,Antonia Enríquez Borja,Melilla
Azúcar,16.22,4,2025-09-25,Haroldo Barros-Trujillo,Navarra
Aceite,8.68,5,2026-02-08,Odalis Blanco Vilanova,Burgos
Arroz,16.11,4,2025-12-12,Raimundo Manrique-Amador,Salamanca
Queso,7.38,6,2025-10-05,Felisa Cantón Recio,La Coruña
Arroz,8.58,3,2026-04-18,Carolina Valera-Sans,Jaén
Queso,8.14,7,2025-11-20,Macaria Mínguez Falcón,Álava
Arroz,3.57,3,2026-05-24,Eric Valdés Rodriguez,Tarragona
Pollo,6.46,3,2026-03-31,Otilia Boix Cazorla,Córdoba
Huevos,17.61,10,2025-10-23,Ángel Roda,Baleares
Azúcar,3.33,9,2025-12-18,América Cózar Peralta,Santa Cruz de Tenerife
Carne,17.38,4,2026-01-10,Gil Sastre Aznar,Córdoba
Leche,3.65,2,2025-12-22,Bibiana del Bilbao,Alicante
Leche,19.1,7,2026-02-10,Hilario Ayllón Grande,Guipúzcoa
Azúcar,16.84,6,2026-04-05,Emma Candelas Simó Pina,Castellón
Azúcar,13.85,6,2025-08-01,Fabricio Tomás Arribas Cornejo,Málaga
Queso,14.81,6,2026-04-11,Maximiano Luís Carrillo,Alicante
Carne,3.28,2,2026-01-28,Baltasar Pareja Jara,Cuenca
Arroz,5.13,9,2025-12-23,Federico Canals Rius,Alicante
Azúcar,13.48,3,2026-04-12,Sergio Fulgencio Cámara Valenzuela,Zamora
Pollo,16.89,6,2025-07-02,Rosa de Toro,Granada
Azúcar,10.93,4,2025-07-05,Marcio Heraclio Tejedor Macias,Segovia
Arroz,13.16,8,2025-09-20,Goyo Andrés,Cádiz
Queso,5.07,9,2025-10-12,Concha Olivares Terrón,La Coruña
Azúcar,7.13,7,2025-07-01,Juan Pablo Valera Quirós,Guadalajara
Arroz,0.79,3,2025-07-17,Estrella del Dávila,Vizcaya
Azúcar,4.48,8,2026-05-04,Brígida Macías Jurado,Melilla
Queso,15.89,9,2026-03-17,Jesús Molina Pazos,Toledo
Pollo,8.29,4,2025-12-17,Elvira de Calzada,Albacete
Huevos,4.3,4,2025-10-20,Eva del Torrent,Lleida
Huevos,15.41,4,2025-12-12,Luis Flor-Bermudez,Ceuta
Azúcar,2.31,1,2025-07-05,Renato Castrillo Caparrós,Soria
Pan,3.61,5,2025-07-07,Samu Cabañas Morera,Ourense
Arroz,15.77,10,2025-05-29,Adán Bonet,Teruel
Azúcar,9.32,4,2025-12-13,Jose Luis Aroca Mancebo,Badajoz
Pollo,6.35,1,2025-11-24,Encarna Bayona Expósito,Murcia
Café,6.98,10,2026-04-23,Ricarda de Tur,La Coruña
Queso,17.42,3,2026-01-07,Guiomar Valbuena,Córdoba
Café,17.76,10,2025-12-20,Benita Escamilla-Somoza,Granada
Carne,11.79,3,2025-07-11,Candelas Cervantes Giralt,Baleares
Queso,17.87,4,2025-10-11,Duilio Leopoldo Barberá Solano,Baleares
Queso,1.29,6,2025-09-25,Marisol Concepción Montalbán Mateos,Tarragona
Pollo,19.43,3,2026-02-17,Silvia Máxima Gómez Cid,Melilla
Azúcar,13.85,9,2025-07-28,Eligia Batlle Morán,Cádiz
Café,5.75,4,2025-08-10,Herminio Serrano Pi,Albacete
Queso,7.16,3,2025-07-05,Vanesa Alemán Marí,Ávila
Pan,14.11,8,2026-03-25,Adelardo Pinilla Barrena,Toledo
Café,10.95,4,2025-12-04,Isaura Ortuño Porta,Lugo
Queso,10.04,4,2025-12-02,Delia Franch Cabrera,Salamanca
Pan,8.85,6,2025-06-16,Maxi Cañete Cantero,Cáceres
Pollo,4.93,3,2025-10-23,Evangelina Crespo Escribano,Madrid
Pollo,13.16,9,2025-12-08,Dorotea de Baquero,Badajoz
Pan,13.64,10,2025-09-23,Isaura Cabello,Alicante
Azúcar,16.49,2,2026-03-24,Eufemia Mena-Silva,Castellón
Queso,15.11,8,2025-06-22,Delfina Estrella Benavent Cid,Barcelona
Azúcar,11.45,4,2025-06-20,Benigno Castro Izquierdo,Cuenca
Azúcar,15.63,8,2025-08-16,Bautista David Carbonell Daza,Granada
Arroz,0.52,8,2025-11-16,Valerio Anglada Matas,Navarra
Carne,7.65,6,2026-01-05,Plinio Muro Sobrino,Badajoz
Queso,15.22,2,2025-08-07,Ciríaco Giménez Jódar,Soria
Aceite,17.34,6,2026-05-18,Rubén Amado Varela Garrido,Guipúzcoa
Azúcar,12.85,5,2026-05-13,Feliciana de Montero,Baleares
Pollo,7.02,9,2026-01-08,Abel Gimeno Fábregas,Cáceres
Arroz,9.32,2,2026-03-22,Dorita Otero Gallego,Badajoz
Aceite,15.39,9,2025-06-17,Joaquina de Cabello,Baleares
Carne,16.48,3,2025-11-22,Prudencio Santiago Belda,Tarragona
Pollo,7.68,4,2026-05-06,Noé Lastra,Valencia
Pollo,15.72,7,2025-06-25,Yéssica Heras,Alicante
Azúcar,12.5,9,2026-02-23,Evita Grande-Morell,Cádiz
Queso,10.33,6,2026-04-05,Reyes Pedrosa-Frutos,Córdoba
Pan,9.02,2,2025-07-05,Ruperto Miranda Mena,Huesca
Queso,0.52,8,2025-10-13,Nicolasa Reguera-Bueno,Cáceres
Aceite,11.53,6,2025-10-24,Nerea Raya Figueras,Toledo
Azúcar,16.42,8,2026-01-13,Ale María Del Carmen Llorens Berrocal,Cádiz
Azúcar,18.22,8,2025-12-24,Natalio Cifuentes Marí,Cuenca
Queso,0.71,4,2025-10-22,Chema Cano Salazar,Toledo
Leche,11.57,4,2025-06-03,Arturo de Prats,Álava
Arroz,13.4,4,2025-08-03,Esperanza Vila Bauzà,Santa Cruz de Tenerife
Queso,15.08,2,2026-05-02,Claudio Puga Cid,Jaén
Leche,15.2,7,2026-04-25,Martirio Cabrera Saez,Córdoba
Arroz,17.74,7,2025-07-23,Raimundo Cuenca Pintor,Cádiz
Aceite,18.41,2,2026-04-20,Roberta Seco,Melilla
Leche,15.41,6,2026-01-15,Nadia Menendez Ponce,Las Palmas
Arroz,6.17,1,2025-12-21,Perlita Almeida Roda,Teruel
Aceite,1.55,3,2025-07-15,Ricarda Elorza Mate,Cádiz
Queso,3.54,4,2026-05-09,Martín del Español,Ávila
Aceite,3.15,9,2025-08-22,Silvestre del Mata,Melilla
Carne,15.57,2,2025-10-14,Vidal de Montaña,Ciudad
Azúcar,12.22,4,2025-12-17,Eugenio Morera Mínguez,Granada
Pan,7.61,1,2025-12-02,Rodolfo Armas Pazos,Málaga
Pan,15.67,2,2026-01-19,Blanca Oliveras Benavente,Ávila
Carne,15.06,2,2025-06-13,Noelia Rius Fábregas,Albacete
Arroz,7.56,7,2026-05-18,Oriana Pujol Molina,Palencia
Leche,13.86,8,2026-01-05,Enrique Conde Sabater,Cuenca
Huevos,15.95,9,2025-08-15,Cristina Bernad Pazos,Cantabria
Carne,12.87,3,2025-06-24,Camilo Mayol Martí,Alicante
Pollo,10.9,6,2025-07-18,Edgardo Baquero Garay,Ciudad
Carne,16.49,6,2026-04-03,Edelmiro Iglesia Moraleda,La Rioja
Café,14.27,6,2025-10-05,Bienvenida Mendoza Pizarro,Lugo
Arroz,16.89,8,2025-08-30,Asunción Cobos Huguet,Las Palmas
Leche,6.66,7,2025-11-24,Violeta Sanchez Cabo,Soria
Carne,10.77,6,2026-05-10,Marcelino Aznar Morell,Santa Cruz de Tenerife
Café,9.66,10,2025-07-22,Ricarda Cerro Cobos,Palencia
Queso,5.92,7,2025-09-03,Osvaldo Alcázar Chaparro,Guadalajara
Carne,18.63,1,2026-03-14,Rocío Jesusa Pinto Patiño,Granada
Pan,17.18,2,2025-11-27,Corona Coloma Barco,Cuenca
Huevos,14.34,5,2026-02-15,Evelia Yaiza Goicoechea Barral,Salamanca
Arroz,4.23,5,2026-03-01,Graciana Pombo,Lleida
Azúcar,7.01,1,2025-07-12,Ceferino Pou Quesada,Valladolid
Aceite,10.62,6,2026-03-09,Marta Armas Lillo,Huelva
Azúcar,6.98,5,2025-05-31,Alondra Larrea Batalla,Cantabria
Queso,4.18,9,2025-09-27,Rafael Rivas Teruel,Almería
Arroz,7.54,6,2025-09-27,Petrona Piquer Batalla,Teruel
Café,2.31,7,2026-05-19,Melisa Perales Moraleda,Valladolid
Leche,9.4,10,2026-05-15,José Caro Alba,Valladolid
Arroz,17.79,10,2025-12-17,Albina del Duque,Soria
Arroz,15.16,8,2026-03-19,Haroldo Marcelino Coloma Aroca,Cantabria
Pan,9.65,5,2026-03-30,Pablo Benavides Abril,Segovia
Pan,12.8,3,2026-01-26,Yolanda Luís Cerdán,Álava
Queso,1.21,10,2026-01-23,Selena Roman Ávila,Salamanca
Leche,14.47,4,2025-11-17,Chus Juan Antonio Tomé Vidal,Teruel
Aceite,4.74,10,2025-06-15,Vanesa Oliva Revilla,Málaga
Aceite,10.85,10,2026-02-12,Edelmira Zamorano,Cuenca
Carne,19.23,1,2026-04-28,Lisandro de Carrillo,Santa Cruz de Tenerife
Pan,6.71,3,2025-08-12,Sebastian Sanmartín Asenjo,Cantabria
Azúcar,17.03,2,2025-08-11,Dorita Heras Catalá,Madrid
Café,19.1,10,2026-04-12,Erasmo Bermúdez Márquez,Cuenca
Leche,5.43,7,2025-06-09,Quique Diaz Carvajal,Las Palmas
Leche,13.92,7,2025-09-18,Angélica de Pazos,Málaga
Carne,17.65,4,2025-11-27,Anastasio Borja Guijarro,Sevilla
Café,0.53,6,2026-01-25,Rubén Curro Segura Figuerola,Álava
Queso,18.89,3,2025-12-17,Ainoa Martí Casanovas,Lugo
Queso,17.98,1,2025-09-21,Luna Verdejo Bonet,La Rioja
Pollo,13.34,4,2026-02-04,Ernesto Fábregas Cardona,Almería
Pollo,0.5,1,2025-06-03,Bartolomé Torralba-Pallarès,Alicante
Aceite,1.45,2,2025-11-13,Victoria Puente-Agustín,Navarra
Café,6.97,7,2025-10-10,Albino Menéndez Dueñas,Burgos
Azúcar,0.79,5,2026-05-24,Clementina del Godoy,Guipúzcoa
Queso,6.57,1,2025-12-23,Teodosio Blanca Casal,Palencia
Aceite,15.85,8,2025-12-01,Toño Amores Olivé,Albacete
Carne,11.11,10,2025-11-03,Germán Noé Company Cortes,León
Aceite,14.98,9,2025-07-13,Claudia Evelia Barrena Infante,Ávila
Pollo,17.89,8,2025-05-31,Gonzalo Rivero Ramírez,Sevilla
Queso,16.05,1,2025-09-03,Eligio Cirino Villar Manuel,Ciudad
Arroz,9.92,6,2025-06-18,Eliana Gisbert,La Rioja
Leche,9.98,3,2026-03-26,Primitivo Tena Donoso,Huesca
Arroz,6.48,4,2026-02-25,Josefa Montserrat Duque,Ourense
Pollo,1.97,6,2026-03-26,Leire Lobato-Mendoza,Vizcaya
Leche,1.24,7,2025-09-29,Milagros del Sáez,Zaragoza
Aceite,14.15,10,2025-10-09,Aristides Gonzalo Palmer Torrent,Guadalajara
Queso,4.15,7,2025-09-10,Demetrio Calzada Mármol,Badajoz
Queso,16.45,3,2026-05-03,Jordán Gascón,Ourense
Pollo,8.6,3,2025-10-20,Ángel Miranda Solé,Baleares
Queso,11.31,1,2025-12-13,Amor Reig Manrique,Álava
Azúcar,10.64,8,2025-07-05,Herberto Lamas,Salamanca
Arroz,14.9,8,2026-05-18,Adrián Vilar Ruano,Córdoba
Queso,17.89,9,2025-08-11,Áurea Tecla Navas Ribas,Zamora
Huevos,1.96,1,2025-06-13,Ángela Quintana Noguera,Cuenca
Arroz,16.19,2,2025-08-15,Gastón Infante Fuentes,Guadalajara
Azúcar,1.17,5,2026-02-03,Gerónimo Mayoral Ferrándiz,Albacete
Pan,15.06,4,2026-04-21,Anna Llabrés-Mir,Las Palmas
Azúcar,15.51,9,2025-06-11,Nilo Murillo Sanjuan,Baleares
Carne,12.77,1,2025-06-11,Nuria Casanovas Gargallo,Valencia
Arroz,2.29,7,2026-04-27,Juan Luis Aller Cases,Cáceres
Arroz,7.5,2,2025-12-13,Mohamed Toro-Romero,Málaga
Arroz,17.41,6,2025-06-22,Gracia de Álamo,Barcelona
Carne,8.6,4,2025-11-07,Paz Priego Manuel,Santa Cruz de Tenerife
Leche,19.61,5,2026-04-11,Glauco Martí Macias,Almería
Leche,14.57,2,2026-03-13,Laura Reina Bas,Zamora
Pan,12.21,9,2025-06-14,Atilio Eligio Palacio Girón,Alicante
Azúcar,18.71,8,2025-09-23,Marcial Castejón Sobrino,Salamanca
Café,3.49,9,2025-10-24,Jose Manuel de Saez,La Rioja
Pan,14.65,5,2026-01-19,Américo Prada,Córdoba
Huevos,19.28,4,2026-05-20,Febe Vizcaíno Palomino,La Coruña
Huevos,1.76,6,2026-03-10,Eugenio Leon Abellán,Santa Cruz de Tenerife
Carne,12.52,9,2025-10-06,Evaristo Aguado Llanos,Soria
Leche,18.66,8,2026-02-18,Florina Calista Leiva Solera,Jaén
Azúcar,17.44,6,2026-04-28,Calixta Osuna,Asturias
Café,16.36,7,2025-07-21,Blanca Antúnez Rocamora,Girona
Café,11.36,10,2025-09-09,Manuelita Arranz,Guipúzcoa
Huevos,18.66,1,2025-08-18,Anna Gimenez Montaña,Soria
Leche,2.72,9,2025-06-27,Yolanda del Vaquero,Lugo
Arroz,16.54,4,2025-09-20,Heraclio Gilabert-Pi,Almería
Huevos,10.74,7,2025-10-28,Cloe Juárez Pedrero,Madrid
Café,1.43,6,2025-10-25,Dafne del Puig,Salamanca
Pollo,16.09,4,2025-10-05,Tomasa Comas-Baeza,Navarra
Azúcar,17.56,3,2025-07-20,Íngrid Lara Uriarte,Zaragoza
Carne,6.18,9,2025-07-16,Juan José Fernandez Pinto,Navarra
Queso,13.19,3,2026-03-17,Juan Luis Mora Hoyos,Córdoba
Huevos,9.66,5,2025-10-02,Elisabet Ballesteros,Toledo
Aceite,19.14,8,2025-08-14,León Márquez Sureda,Barcelona
Aceite,12.12,7,2025-10-31,Roberta Espinosa Cantón,Segovia
Azúcar,15.74,1,2025-11-12,Camila Arellano Zamorano,Girona
Pollo,11.99,5,2025-12-07,Maxi Villanueva-Montero,Pontevedra
Arroz,15.39,1,2026-04-16,Noé Garay España,Castellón
Pan,6.16,4,2025-07-15,Adolfo Hernandez-Martin,Alicante
Huevos,6.35,4,2025-06-04,Calixta Polo,Huelva
Queso,9.98,1,2026-03-19,Marcia Nogués Casares,Santa Cruz de Tenerife
Carne,18.13,4,2025-11-14,Venceslás Andreu-Miralles,Tarragona
Arroz,11.9,1,2026-02-23,Melania Arranz-Botella,Cantabria
Leche,0.73,7,2025-09-26,Cloe del Esteban,Ciudad
Queso,7.47,8,2025-10-27,Olivia Diez Pozo,Valencia
Queso,6.79,2,2025-08-28,Diego Gilabert Calvet,Segovia
Huevos,15.65,5,2025-09-05,Sara Prado-Olivé,Pontevedra
Huevos,15.47,1,2025-10-06,Evangelina Bernat Pastor,Huelva
Pan,9.09,4,2025-09-05,Victorino Gomis Baena,Cáceres
Huevos,3.78,7,2026-01-07,Elisabet Galván Tejada,Huelva
Café,11.23,1,2025-12-17,Azucena del Martí,Sevilla
Arroz,1.61,4,2025-09-07,Sancho Morillo Benítez,Tarragona
Leche,6.25,9,2025-08-23,Amanda Roca Arrieta,Huesca
Carne,5.78,7,2025-08-19,Noé Ramos Sandoval,Vizcaya
Arroz,18.6,8,2025-08-14,Sigfrido Manzanares Salom,Soria
Aceite,1.08,9,2025-09-23,Coral Lourdes Castelló Recio,Málaga
Arroz,10.62,7,2025-07-17,Agapito de Avilés,Salamanca
Azúcar,8.46,4,2026-02-24,Amando Aguiló-Isern,Valencia
Pan,17.51,10,2025-12-03,Santos Jara Álvaro,Tarragona
Queso,14.93,8,2026-04-19,Rodrigo Anguita Grande,Cantabria
Queso,15.72,9,2026-05-13,Benigno Vives Iñiguez,Navarra
Pollo,8.58,7,2025-06-17,Jacobo Huguet-Leon,Alicante
Carne,17.97,5,2026-03-13,Gala Ramón Ramirez,Alicante
Carne,4.14,10,2026-05-15,Zoraida de Carrillo,Valencia
Pan,18.71,2,2025-11-22,Sigfrido Sabas Piñol Sanz,Málaga
Azúcar,1.92,6,2025-06-26,Cipriano Ribes,Almería
Huevos,19.41,8,2026-03-01,Martin Teodoro Priego Cadenas,Jaén
Azúcar,15.51,7,2025-06-21,Teodora de Tirado,Granada
Aceite,18.17,3,2025-09-29,Jennifer Briones Benavides,León
Huevos,19.08,5,2026-04-12,Hugo Barrios,Santa Cruz de Tenerife
Leche,7.46,3,2026-02-09,Anna Doménech Tormo,León
Pollo,10.65,9,2026-01-18,Valerio Torres,Baleares
Arroz,5.0,9,2026-03-21,Teresa Jovita Higueras Aguado,Las Palmas
Pan,17.66,1,2026-03-08,Adriana Galván Piñeiro,Tarragona
Café,10.11,3,2026-01-22,Martín Uría Manzano,Lleida
Carne,10.44,5,2026-05-14,Melisa Ugarte Mayo,Madrid
Pan,18.14,10,2025-10-16,Fidel Yáñez Méndez,Zaragoza
Aceite,7.35,7,2026-01-28,Jose Antonio Olmo Villaverde,Valladolid
Queso,10.64,8,2025-10-06,Manuel Giralt Río,Cantabria
Café,10.9,3,2026-01-07,Miguel Ángel Riquelme Cuéllar,Valencia
Carne,2.94,7,2025-11-26,Xiomara Salazar Piñeiro,Vizcaya
Leche,16.54,7,2025-06-20,Inés Bas Arias,Pontevedra
Pan,3.42,1,2026-01-25,Adrián Cañete Toledo,Girona
Aceite,3.35,7,2026-05-02,Lidia Valero,Sevilla
Arroz,13.32,3,2025-10-19,Lorena Ugarte Diaz,Barcelona
Café,10.41,4,2026-03-21,Viviana Saez Soler,Tarragona
Arroz,8.39,6,2025-07-27,Javi Campoy Bustos,Asturias
Queso,14.24,4,2026-04-23,Esteban Leiva Jara,Cuenca
Carne,9.04,8,2025-11-07,María Dolores Ureña-Serna,Navarra
Café,13.69,2,2025-12-03,Domingo Saavedra Gibert,Valencia
Huevos,10.68,8,2025-09-19,Clarisa Barco Ariño,Ourense
Azúcar,2.06,7,2026-04-21,Godofredo Tejero Rozas,Valladolid
Arroz,5.2,7,2025-06-30,Teo Cárdenas Chico,Toledo
Arroz,10.42,8,2026-05-21,Augusto Bru Córdoba,Cáceres
Café,13.26,8,2025-10-21,Juan Pacheco Pedrero,Las Palmas
Carne,1.5,8,2025-11-12,Belén Falcón Aguiló,Valencia
Café,8.07,3,2026-03-24,Paco Dávila Acosta,Ciudad
Aceite,4.63,4,2025-06-03,Daniela Galván Aguilar,Burgos
Aceite,19.92,8,2026-03-16,Emilia Cueto Arco,Navarra
Café,15.98,7,2026-02-26,Teodoro Arana-Quiroga,Madrid
Carne,12.86,8,2025-12-17,Chucho Vicens Navarrete,León
Café,1.44,7,2026-05-08,Constanza Martí Torrecilla,Cuenca
Aceite,18.1,7,2026-05-03,Fito Cifuentes Pizarro,Ceuta
Azúcar,15.5,9,2025-11-02,Martirio de Guzmán,Guipúzcoa
Carne,10.85,8,2025-10-31,Enrique Salvador Bautista,Guipúzcoa
Huevos,14.69,2,2026-01-27,Pancho Albino Barberá Guardia,Ávila
Pollo,7.94,2,2025-09-03,África Olivera Madrigal,Segovia
Pan,9.39,10,2025-08-16,Nazaret Bernarda Cantón Fábregas,Barcelona
Arroz,1.47,10,2026-04-23,Paloma de Arrieta,Álava
Pollo,15.5,3,2025-07-19,Lupe Valencia Diaz,Toledo
Queso,3.36,9,2025-08-21,Micaela Casanova Piña,Alicante
Pan,11.98,1,2025-07-25,Rosalva Salvador-Mariscal,Las Palmas
Leche,14.6,5,2025-06-04,Pili Morillo Hierro,Toledo
Carne,9.31,4,2026-05-05,Jonatan Ramirez Lillo,Madrid
Arroz,4.68,8,2025-08-24,Eusebio Blazquez Navarrete,Castellón
Arroz,17.92,6,2025-11-24,Amador Vergara Cabo,La Coruña
Carne,7.72,9,2025-06-30,Apolinar del Palomares,Toledo
Aceite,15.45,3,2026-04-09,Máxima Salom,Granada
Queso,9.78,10,2025-09-08,Eligio Valero,Lugo
Carne,4.8,8,2025-10-09,Modesto Llopis Alonso,Madrid
Aceite,2.24,6,2026-01-02,Mayte Comas,Asturias
Azúcar,9.47,4,2026-02-02,Néstor Paz Villanueva,Tarragona
Queso,10.89,10,2025-12-03,Asunción Loreto Sainz Blanca,Navarra
Pan,9.44,9,2025-09-04,Armando de Ros,Ávila
Queso,6.02,3,2026-05-17,Natalio de Fortuny,Huesca
Arroz,2.33,4,2025-09-09,Ignacia Iglesia-Hernández,Las Palmas
Aceite,2.46,7,2025-06-11,Consuela Yuste Fonseca,Córdoba
Café,18.15,5,2026-02-09,Ibán Moya,Navarra
Aceite,14.89,7,2025-06-30,Clemente Herrero Corral,Barcelona
Leche,19.79,4,2026-04-22,Carla Zamorano Heras,Badajoz
Azúcar,18.85,4,2025-09-13,Griselda Vives Arévalo,Málaga
Arroz,3.52,2,2025-07-05,Aarón Ayuso Herrero,Navarra
Carne,17.71,8,2025-07-05,Filomena Solís Niño,Lugo
Pan,2.03,9,2026-01-12,Marc Lucio Mir Agustí,Álava
Leche,16.28,5,2026-01-23,Lilia Sofía Cifuentes Vargas,Burgos
Queso,19.44,10,2025-11-16,María Cristina Gelabert Sanjuan,Ourense
Pan,8.82,3,2026-05-24,José Luis de Pou,Málaga
Carne,2.12,10,2025-11-08,Clementina Infante-Martínez,Albacete
Carne,4.09,8,2025-07-16,Teresita Padilla Ortega,Alicante
Azúcar,8.86,9,2025-11-30,Marta Adriana Velázquez Cabezas,Toledo
Arroz,12.36,5,2026-04-12,Andrea Gálvez Reyes,Toledo
Carne,17.89,5,2026-04-06,Ricarda Pou Blanch,Lleida
Leche,9.47,9,2025-05-31,Cayetano Montes Villaverde,Guadalajara
Pan,10.66,8,2025-10-16,David Cadenas Sevilla,Sevilla
Arroz,4.13,1,2025-10-08,Rosario Brunilda Bello Llano,Sevilla
Azúcar,8.38,10,2025-06-17,Emigdio Peláez Páez,Granada
Arroz,8.76,3,2026-01-05,Hernán Ugarte Bueno,Ourense
Carne,11.72,3,2025-09-05,Evelia de Porcel,Zaragoza
Huevos,4.28,3,2025-08-10,Sabas Santana Camps,Ciudad
Azúcar,18.61,4,2025-07-28,Jorge Vaquero Carretero,Valencia
Pollo,17.66,8,2025-08-15,Tiburcio del Ocaña,Tarragona
Aceite,4.29,9,2026-03-29,Vasco Borrego Higueras,Zamora
Arroz,11.4,2,2026-04-20,Cosme Serna Olivé,Girona
Leche,17.2,7,2025-06-09,Valentín España Cobos,Melilla
Pollo,17.25,10,2026-01-12,Celestino de Villalba,Cuenca
Carne,1.3,3,2025-11-11,Herminia Ochoa Oliver,Ciudad
Pollo,18.13,7,2025-08-18,Ana Belén Bartolomé Vélez,Teruel
Azúcar,8.33,2,2025-11-02,Vasco Infante,Salamanca
Pollo,9.79,2,2025-08-27,Leandra de Alcaraz,Granada
Azúcar,0.51,9,2025-06-29,Elpidio Cortes Esteban,Almería
Huevos,19.91,10,2026-03-18,Herminia Álvarez Larrañaga,Huesca
Leche,12.41,9,2026-04-15,Elena Tomás Cuevas,Lleida
Pan,12.65,4,2025-08-24,Martirio del Sáez,Cuenca
Aceite,7.65,8,2026-03-06,Rosalina Campo Pombo,Las Palmas
Azúcar,15.41,6,2025-07-31,Tristán Marcos Pont,Madrid
Leche,1.14,5,2026-05-01,Gracia Tamara Girón Vilaplana,León
Queso,1.51,5,2025-12-02,Laura Riba-Angulo,Sevilla
Azúcar,5.18,6,2025-06-27,Constanza Ferrán Rozas,Melilla
Café,15.32,6,2025-08-23,Godofredo de Tejada,Palencia
Queso,13.0,5,2026-01-23,Andrés Felipe Salas,Ourense
Leche,17.26,4,2026-02-18,Sara Llorente Quintanilla,Ávila
Pollo,12.97,1,2025-12-24,Paco Cruz Rozas,Valencia
Carne,7.44,6,2025-05-29,Nadia Luisa Mendoza Torre,La Coruña
Leche,1.2,3,2026-04-09,Sol Mendoza Aguilar,Lugo
Huevos,12.2,1,2025-11-25,Pastor Ramirez Espejo,Burgos
Aceite,18.1,7,2025-09-18,Palmira Aznar Vázquez,Girona
Pollo,19.67,1,2025-08-31,Sebastián Pomares Arribas,Cantabria
Pan,17.89,2,2025-06-03,Gustavo de Parra,Alicante
Carne,0.99,9,2025-09-30,Raúl Uribe Pedrosa,Madrid
Leche,1.32,1,2025-07-30,Amado Nieto,Guadalajara
Azúcar,5.35,2,2026-01-16,Maximino Calatayud Ayuso,Ciudad
Queso,16.01,9,2025-12-16,Reina Luque Lerma,Málaga
Carne,8.32,6,2026-01-30,Jacinto Primitivo Salamanca Nadal,Las Palmas
Carne,18.35,10,2026-01-28,Yolanda Terrón Álamo,Córdoba
Queso,12.47,9,2025-09-24,Juan Antonio Francisco Valcárcel,Soria
Azúcar,11.07,7,2025-10-07,José Redondo Almansa,Cádiz
Aceite,17.24,6,2025-12-25,Ciro Suarez-Calvo,Murcia
Queso,1.71,3,2025-11-19,Chucho Villegas Cervera,Palencia
Aceite,5.91,7,2026-01-06,María Manuela Enríquez,Pontevedra
Aceite,5.38,9,2025-11-30,Alejo Catalán-Sandoval,Barcelona
Pan,16.35,4,2026-04-21,Purificación Pareja Sanchez,Zamora
Arroz,11.96,2,2025-11-16,Graciela Rueda,Barcelona
Queso,6.69,5,2025-12-18,Gabriela Fuentes Giner,Salamanca
Café,1.94,4,2026-01-10,Víctor Olmo Vilaplana,Cuenca
Carne,6.27,4,2026-02-06,Calisto Pujol Ferrero,Asturias
Arroz,3.54,2,2025-08-06,Armando de Marquez,Barcelona
Café,11.83,3,2025-10-30,Rebeca Saldaña Abellán,Córdoba
Carne,8.59,8,2026-03-11,Ángela del Caparrós,Teruel
Café,8.59,9,2025-06-12,Elías Rivera-Vázquez,Las Palmas
Pan,1.91,7,2026-02-20,Víctor Corbacho Cervera,Cáceres
Carne,15.44,5,2026-05-09,Dora Molina Garriga,Sevilla
Queso,14.67,6,2025-11-28,Balduino Pelayo Mesa Tirado,Badajoz
Café,13.73,8,2025-11-25,Nacho Sureda Salas,León
Leche,1.57,4,2026-01-06,Ángela Bravo Leiva,Álava
Carne,1.84,3,2025-12-31,Malena Pera Ortega,Jaén
Pollo,2.97,3,2025-07-01,Valentina del Román,Valladolid
Pollo,14.75,5,2025-09-14,Luisa Ayala Pla,Navarra
Leche,3.71,9,2025-09-24,Javi Bauzà Busquets,Huelva
Azúcar,9.95,2,2026-02-28,Flor Lumbreras Donaire,Huesca
Huevos,16.69,10,2025-11-17,Ana Belén del Leon,Soria
Azúcar,3.01,10,2025-11-12,Ángel Morán Cortés,Soria
Huevos,17.99,9,2025-11-04,Tatiana Agustín Bayo,Navarra
Café,2.61,1,2026-03-07,Leocadia Florinda Domínguez Palomar,Granada
Queso,11.53,4,2026-04-13,Macario Duarte Anglada,Sevilla
Arroz,16.81,6,2026-05-13,Aránzazu Leocadia Girón González,Vizcaya
Huevos,9.72,2,2025-11-27,Clotilde de Blazquez,Cádiz
Huevos,4.68,4,2025-09-21,Esperanza de Paniagua,Álava
Leche,2.89,7,2025-07-08,Emma Bas Hervia,Cáceres
Huevos,12.16,10,2025-10-31,Alcides Conesa Ferrera,Alicante
Café,14.96,2,2025-06-02,Ana Sofía de Aramburu,Badajoz
Leche,2.42,3,2026-02-23,Pepe Nacio Porta Belda,Guipúzcoa
Arroz,17.26,8,2026-04-15,Remigio del Baños,Murcia
Arroz,8.62,2,2026-04-05,Ernesto Morante Plana,Álava
Aceite,3.14,8,2026-04-08,Reyes Santana-Santamaría,Melilla
Pan,17.6,7,2025-08-20,Carmen Arellano,Sevilla
Pan,12.9,10,2026-03-31,Cándido Wálter Arellano Chaparro,Zamora
Arroz,7.48,4,2025-07-20,Griselda Ferrer Figuerola,Valencia
Aceite,19.19,8,2025-10-26,Maxi Tejera Alfonso,León
Azúcar,10.26,6,2025-06-07,Ángel Mata Guzman,Ciudad
Aceite,2.64,2,2026-05-16,Valentina Prieto Baena,La Rioja
Queso,5.05,1,2025-10-05,Xiomara Pinilla Pons,Valencia
Queso,10.78,8,2025-06-07,Telmo del Dalmau,Toledo
Pollo,9.75,3,2025-07-23,Rafaela Agustí Coll,Castellón
Aceite,5.23,6,2025-09-30,María Armengol Vazquez,Zaragoza
Leche,4.43,6,2025-08-29,Ezequiel Miranda Segovia,Sevilla
Azúcar,7.42,1,2026-01-25,Dan Bayo Alvarez,Vizcaya
Huevos,7.5,8,2025-10-19,Jorge Crespi Barranco,Ceuta
Arroz,2.71,3,2025-06-08,Sandra Uriarte Bermudez,Pontevedra
Leche,13.23,5,2025-06-13,Eduardo Nevado Peral,Cantabria
Azúcar,16.43,4,2025-11-18,Francisco Bustos Martinez,Segovia
Café,4.51,8,2025-08-03,Micaela Fonseca Guitart,Cuenca
Arroz,17.39,9,2025-07-26,Adolfo del Trujillo,Córdoba
Huevos,8.76,1,2025-09-20,Hermenegildo Sanjuan Casanovas,Ceuta
Queso,9.48,7,2025-10-06,Camila Concha Rius Pla,Lugo
Huevos,17.48,6,2026-02-19,Perla Heredia,Valladolid
Huevos,9.22,3,2025-06-18,Raimundo Rodrigo Codina,Las Palmas
Pan,6.31,5,2026-03-19,Hermenegildo Palomar Estévez,Ávila
Leche,7.68,10,2026-02-21,Chema de Sanz,Santa Cruz de Tenerife
Café,1.38,8,2025-07-13,Maricela Alberto Campoy,Ávila
Pan,7.23,6,2025-09-13,Renato Vázquez Belmonte,Zamora
Queso,12.56,9,2025-06-18,Edmundo Perea Gárate,Jaén
Arroz,9.14,9,2025-08-27,Dionisia Acedo Cruz,Ourense
Leche,4.03,4,2025-09-30,Carla Valderrama,Asturias
Azúcar,13.95,5,2025-07-05,Samu Paniagua Morante,Cantabria
Carne,16.37,5,2026-02-20,Sosimo Priego-Clavero,Huelva
Carne,1.6,1,2025-10-22,Agustín Espada Tamarit,Ciudad
Arroz,9.01,2,2025-07-31,Elías Valcárcel Fortuny,Pontevedra
Pollo,19.0,1,2026-01-25,Paz Calatayud Chamorro,Jaén
Arroz,3.65,4,2026-05-04,Nydia Pellicer Viana,Palencia
Huevos,18.44,5,2026-01-29,Rufina Vara-Jover,Ávila
Carne,10.64,9,2025-10-17,Gala Yuste Granados,Lugo
Pollo,1.3,4,2025-06-08,Marciano Cañellas Oliver,Girona
Arroz,15.34,7,2026-05-22,Jose Angel Royo Sanjuan,Álava
Aceite,5.68,2,2025-12-25,Jesús Menendez Benavent,Alicante
Arroz,0.84,5,2026-03-07,Jeremías Hervás,Almería
Huevos,16.09,1,2025-06-27,Gustavo Uría Domingo,Alicante
Café,18.53,10,2025-06-05,Emperatriz Manola Cases Valderrama,Zaragoza
Pollo,19.24,9,2025-07-20,Lara Tamayo Azcona,Badajoz
Aceite,19.95,7,2025-12-23,Rodrigo Gallo,Lleida
Aceite,8.78,9,2025-11-22,Vanesa Marin-Izaguirre,Badajoz
Azúcar,13.57,9,2026-05-01,Maite Hurtado-Sobrino,Lleida
Leche,13.34,3,2026-03-09,Flavio Pinilla Peña,La Rioja
Leche,15.03,3,2025-09-04,Marino Mata Reguera,Cantabria
Pan,11.9,6,2025-06-18,Pili Lledó-Galván,Valladolid
Carne,8.81,6,2026-01-23,Casandra Blanch Zurita,Asturias
Leche,8.36,1,2025-12-16,Isaías Jimenez Muñoz,Barcelona
Pan,7.5,4,2026-02-26,Raquel Perelló Vaquero,Teruel
Carne,2.24,5,2026-05-13,Chelo Grande Feijoo,Madrid
Queso,7.03,10,2026-03-13,Judith Anglada,Lleida
Aceite,7.07,2,2026-04-27,Martín de Barrena,Guadalajara
Café,16.8,9,2025-09-11,Candelas Peiró Pozuelo,Ceuta
Pollo,17.28,10,2025-08-11,Pepito Pedrosa Gras,Cuenca
Leche,16.99,1,2025-12-04,María Pilar Cerro Gomis,Girona
Pan,9.64,3,2026-04-10,Edgardo Calvet Boada,Almería
Carne,18.53,4,2025-06-07,Luis Ángel Perelló Figueras,Madrid
Café,9.11,8,2025-11-27,Carmina Valle García,Cuenca
Carne,3.24,3,2026-05-07,Apolonia Esteban-Hurtado,Pontevedra
Café,6.11,5,2025-10-26,Jimena de Revilla,Ciudad
Arroz,15.49,1,2025-09-27,Flavio Carnero Pardo,Cádiz
Arroz,3.94,6,2026-04-20,Mireia González Bermúdez,Guipúzcoa
Aceite,11.94,3,2025-11-23,Ruth Río-Lillo,Navarra
Queso,13.37,9,2025-10-21,Cecilia Sanabria,Zaragoza
Azúcar,12.07,8,2025-08-06,Lino Jáuregui,Almería
Pan,5.25,4,2025-09-26,Jordi Mariño Ripoll,Soria
Pollo,1.0,1,2026-03-21,Candelas Español Manjón,Sevilla
Azúcar,17.13,1,2026-04-20,Macarena del Hoyos,Cuenca
Azúcar,19.37,2,2026-05-04,Coral del Francisco,Madrid
Queso,1.87,2,2026-04-22,Álvaro Gomez,Álava
Azúcar,14.85,9,2026-03-04,Alcides Sebastián-Carreras,Palencia
Huevos,19.88,9,2026-05-24,Reyes Requena,La Rioja
Carne,2.87,10,2025-10-12,Chucho Cáceres-López,Baleares
Huevos,17.81,9,2026-01-13,Yéssica Llabrés-Pino,Granada
Arroz,8.39,2,2026-01-28,Delia Castro Alcolea,Soria
Carne,12.51,9,2025-06-28,Débora Cortés Carbonell,Murcia
Huevos,5.63,3,2025-11-11,Tamara Jaume Alvarez,Salamanca
Pollo,6.23,4,2025-09-30,Osvaldo Ródenas Arias,Ceuta
Queso,8.85,9,2025-10-03,Diego Llano Roda,Cantabria
Arroz,5.48,2,2026-04-27,Javiera Carvajal Perea,Zaragoza
Arroz,15.5,10,2026-03-14,Olimpia Naranjo Alemany,Guipúzcoa
Café,1.28,10,2025-07-09,Hernán Diéguez Seco,Albacete
Café,7.49,7,2026-02-11,Lázaro Berrocal Larrea,Pontevedra
Pan,1.58,2,2026-05-05,Constanza del Sanchez,Sevilla
Leche,5.45,7,2025-08-11,Luisa Castellanos Gómez,Valladolid
Arroz,18.81,4,2026-01-25,Florina Reyna Carbó Barco,Teruel
Azúcar,19.1,7,2026-02-24,Belen Pont Santiago,Ourense
Pan,7.02,9,2026-05-19,Tristán Sobrino Arregui,Cáceres
Pollo,6.95,9,2026-03-15,Roque Cuéllar Cuesta,Barcelona
Huevos,2.26,2,2025-11-09,Eligio Manzano-Costa,Albacete
Carne,12.16,1,2025-09-17,Yésica Burgos-Badía,Almería
Azúcar,13.83,2,2026-01-07,Jose Miguel Agustín Galván,Teruel
Pan,10.28,2,2025-09-12,Santos Roda-Ledesma,Sevilla
Pan,2.06,7,2026-03-14,Abril Ayuso Egea,Sevilla
Pan,4.62,9,2025-07-07,Rafa Llabrés Amaya,Castellón
Aceite,8.07,8,2025-09-11,Ariel Conrado Parejo Colom,Las Palmas
Huevos,9.73,8,2025-10-21,Brunilda Viviana Canet Gonzalez,Girona
Huevos,6.01,7,2026-04-10,Samuel Gallego-Riquelme,Barcelona
Arroz,3.16,9,2025-10-18,Fernando Apolinar Burgos Ortega,Madrid
Arroz,0.88,4,2026-01-03,César de Castilla,Ourense
Pollo,4.55,3,2025-12-28,Hortensia Villar Carro,Salamanca
Azúcar,8.01,2,2025-09-13,Bernardita Cepeda Maldonado,Zamora
Café,8.72,9,2026-04-10,Victoria Pelayo,Asturias
Pollo,16.65,9,2025-08-06,Porfirio Aguilera Galvez,Santa Cruz de Tenerife
Aceite,2.45,7,2025-12-02,Encarnita Lloret Villena,Melilla
Carne,9.59,6,2025-10-29,Agapito Salgado Trujillo,Pontevedra
Azúcar,10.86,5,2026-02-10,Toño Maldonado Bárcena,Burgos
Arroz,4.22,10,2025-07-06,Cándido Huguet Verdú,Ceuta
Pollo,9.03,3,2026-05-23,Áurea Nieto,Segovia
Pan,16.43,7,2025-11-06,Adelardo Malo Falcón,Santa Cruz de Tenerife
Café,19.93,10,2025-09-04,Toni Ferrero Aguado,Las Palmas
Pan,6.5,9,2025-12-05,Perlita Castells Palacios,Badajoz
Carne,3.57,10,2025-12-21,Desiderio Mariño Soria,Huelva
Pollo,10.53,6,2025-11-09,Nicolás Buendía,Zamora
Carne,6.61,5,2026-03-01,Oriana Morcillo Carreras,Teruel
Carne,1.8,9,2026-01-18,Isa Margarita Jódar Galván,Las Palmas
Huevos,10.81,1,2025-08-27,Ángela Hierro-Diéguez,Segovia
Aceite,9.99,1,2025-08-05,Diego Llabrés Tomas,Granada
Leche,6.43,3,2026-05-13,Adoración Ramón,Burgos
Pollo,17.98,3,2025-05-28,Adriana Leyre Pastor Comas,Granada
Pollo,3.85,3,2025-06-21,Miguela Serra-Galván,Huelva
Carne,0.93,5,2026-01-19,Chuy Huerta Acero,Álava
Azúcar,18.87,8,2025-12-20,Ruperto Montaña-Plaza,Santa Cruz de Tenerife
Carne,8.94,4,2025-09-15,Sergio de Villaverde,Palencia
Carne,15.23,3,2026-04-29,Guiomar Bermudez,Álava
Huevos,13.28,4,2025-08-30,Iker Sedano-Pérez,Valladolid
Pan,17.26,4,2025-08-21,Custodio Jordá Escribano,Barcelona
Café,10.13,6,2026-03-18,Luciano Busquets Falcón,Álava
Carne,14.59,8,2026-02-07,Leocadia Castelló-Durán,Albacete
Azúcar,4.26,2,2026-04-29,Federico Olmedo Carrión,Albacete
Pollo,1.6,8,2026-04-24,Glauco Carretero,Huesca
Café,15.83,5,2026-02-12,Ciro Criado Escudero,Zamora
Azúcar,19.87,1,2025-07-29,Jenaro Salinas Uría,Sevilla
Arroz,11.64,1,2026-05-10,Fernando Jaén Valbuena,Madrid
Carne,5.51,1,2026-01-12,Edmundo Rodríguez Tovar,Melilla
Aceite,10.33,2,2026-05-18,Estefanía Ortega Canals,Segovia
Pan,16.5,3,2026-05-02,Ariel Yaiza Chamorro Ortuño,Jaén
Azúcar,9.94,7,2025-08-21,Baltasar Duran Pedrosa,Salamanca
Café,18.73,7,2025-09-07,Dan Custodio Valbuena Guillen,Ceuta
Arroz,9.41,6,2026-04-27,Lidia Chico,Cantabria
Café,2.81,6,2026-05-08,Obdulia Manrique Álvarez,Ourense
Café,4.52,5,2025-08-30,Jessica Francisco Fajardo,Tarragona
Arroz,7.23,10,2025-09-09,Teresa Puga Espada,Pontevedra
Pollo,19.68,1,2026-03-06,Lorena Amat Carbajo,Melilla
Café,18.46,3,2025-07-29,Pía Vicens Peral,Zamora
Pollo,19.33,2,2025-12-14,Pancho Pi Arco,Navarra
Pan,4.88,2,2026-04-28,Régulo Abad Mulet,Jaén
Queso,9.09,9,2025-06-22,Rodolfo Asenjo Bermudez,Valladolid
Huevos,8.31,1,2026-04-16,Leocadia de Pinedo,Pontevedra
Pan,5.06,8,2025-08-11,Hernando León Estévez,Baleares
Aceite,4.26,4,2025-11-07,Dani de Olivé,Girona
Azúcar,14.43,10,2025-08-05,Ricardo Fito Fabra Puente,Navarra
Arroz,12.42,5,2025-07-17,Víctor Carballo,Ávila
Aceite,18.13,5,2026-01-06,Alcides Márquez Aramburu,La Coruña
Leche,4.41,1,2026-03-30,Reinaldo Real Giralt,Guadalajara
Huevos,9.76,4,2025-07-10,Rita Garcés Naranjo,Barcelona
Arroz,12.86,7,2026-04-19,Tomasa Silva Angulo,Baleares
Huevos,6.67,3,2026-01-25,Nicolás Bautista Galan,Las Palmas
Pollo,8.97,5,2026-04-18,Íñigo Morán,Valladolid
Aceite,9.15,8,2025-06-27,Loreto Muro Esteban,Barcelona
Queso,12.79,2,2026-01-23,Anna Alba Luís Juan,Málaga
Pollo,2.75,9,2025-10-25,Tamara Gonzalez Narváez,Valladolid
Café,7.33,8,2025-08-20,Josué Contreras Colomer,Tarragona
Huevos,6.5,7,2026-02-01,Olegario Herranz Cañas,Guadalajara
Pan,8.19,7,2025-06-26,Eustaquio Arias Bravo,Málaga
Café,17.86,10,2025-10-20,Pascual de Garcés,Madrid
Queso,16.04,1,2025-11-29,Alejandra Garrido Macías,Murcia
Queso,1.01,8,2026-03-30,Antonia de Cañellas,Badajoz
Arroz,9.48,9,2026-05-01,Roxana del Múgica,Navarra
Queso,1.94,7,2026-01-03,Gabriel Andreu,Ourense
Queso,13.09,10,2025-07-29,Paula Bonet Saura,Huesca
Azúcar,11.18,5,2025-07-03,Noelia Alonso Calvo,Ávila
Queso,19.0,9,2025-07-03,Silvestre Fito Gelabert Costa,Murcia
Pollo,13.56,7,2026-01-08,Lina Pera,Navarra
Huevos,16.29,7,2026-01-02,Juan Pablo de Samper,Las Palmas
Pan,7.53,3,2025-12-01,Cándida Benet Terrón,Madrid
Leche,15.8,6,2025-07-24,Albano Puente-Baró,Álava
Pollo,8.44,6,2025-07-04,Maristela Rico Bermudez,Cuenca
Pan,3.66,5,2025-10-10,Melisa Crespi Vázquez,Asturias
Arroz,2.18,10,2025-11-05,Gloria Boix Torres,Vizcaya
Queso,13.91,4,2025-06-02,Ceferino Rincón Bernad,León
Arroz,8.4,2,2025-08-17,Chema Cabrero Lobo,Las Palmas
Queso,7.3,4,2026-02-07,Cayetana Valero-Pozuelo,Toledo
Queso,5.0,5,2026-04-07,Aitana Anunciación Uribe Sánchez,La Coruña
Pan,3.91,4,2026-04-11,Cayetano Xavier Suárez Pujol,Vizcaya
Café,3.27,10,2025-07-17,José Luis Puerta,Girona
Aceite,7.31,10,2025-08-16,Nuria Molins Herrera,Navarra
Azúcar,13.96,4,2025-06-26,Ana Agustí Pera,Madrid
Leche,7.79,10,2025-06-07,Cristian Aznar Montoya,Zamora
Arroz,5.12,5,2025-07-19,Azahara Paula Cifuentes Collado,Lugo
Arroz,6.77,7,2025-07-02,Mario Camino-Leon,Palencia
Arroz,11.35,5,2025-06-07,Dulce María Ángeles Atienza Bastida,Cáceres
Café,14.3,5,2026-04-12,Benito Blanca Noguera,Guipúzcoa
Pollo,3.98,1,2025-05-28,Calista Sol Solana Codina,Ceuta
Carne,3.84,4,2025-07-20,Salomón Falcó Lucena,Toledo
Pollo,17.32,1,2026-04-13,Clarisa Mármol,Vizcaya
Aceite,19.04,4,2025-08-21,Porfirio Castilla,Barcelona
Queso,3.29,8,2026-01-22,Segismundo Vara Planas,Granada
Pollo,11.12,3,2025-12-15,Roberta Mayo Landa,La Coruña
Aceite,2.91,5,2026-04-12,Danilo Noguera Llamas,Cáceres
Pan,3.63,4,2025-11-20,Marcia Font Tena,Salamanca
Azúcar,5.78,4,2025-06-17,Susana Barco Cases,Barcelona
Carne,9.08,7,2025-09-23,Yaiza Valbuena Taboada,Córdoba
Carne,3.52,10,2025-07-19,Danilo Querol Martín,Málaga
Queso,7.7,1,2026-04-10,Bonifacio Valderrama Lucena,Ourense
Leche,12.3,9,2025-10-22,Susana Gabriela Marqués Roselló,Zamora
Carne,3.01,7,2026-01-16,Magdalena Nieto Solana,Granada
Queso,7.36,10,2025-11-02,Esperanza de Murillo,Sevilla
Café,1.94,8,2025-10-26,Leonel Gabaldón Cáceres,Cádiz
Aceite,19.06,3,2026-01-14,Lucas Maximiliano Pi Almagro,Burgos
Café,15.02,9,2026-03-13,Custodia Varela Vidal,Córdoba
Carne,14.84,2,2025-07-29,Julieta Mateos Ropero,Las Palmas
Carne,14.48,6,2025-09-25,Magdalena Casal,Huesca
Azúcar,19.31,10,2025-12-01,Graciana Llanos Carrillo,Huelva
Queso,10.21,4,2026-04-08,Francisco Javier Pineda Mulet,Madrid
Aceite,11.59,2,2025-09-22,Sandra Nevado,Lleida
Pollo,8.51,8,2026-03-29,Godofredo José María Torralba Cortés,Zamora
Café,3.84,3,2025-07-09,Sofía Rey Tolosa,Segovia
Pollo,19.58,8,2025-07-14,María Carmen Abascal Roda,Jaén
Leche,5.66,8,2025-06-14,Francisco Jose Duran Vives,Jaén
Leche,13.76,1,2026-02-26,Concha del Fábregas,Jaén
Queso,1.46,6,2026-03-30,Reynaldo de Morera,Barcelona
Queso,8.63,9,2026-02-07,Duilio Comas Roselló,Almería
Queso,6.88,2,2025-12-27,Casemiro Frías Busquets,Girona
Arroz,7.41,2,2025-12-04,Esmeralda Feliciana Valverde Acevedo,Granada
Café,8.21,5,2025-11-15,Marita Felicidad Querol Iglesias,Huelva
Queso,13.39,2,2026-02-07,Sandra Alcolea Solís,Álava
Leche,18.06,10,2025-11-09,Isaías Nacio Bellido Rubio,Cádiz
Café,18.07,2,2026-04-19,Lidia Merche Mesa Carpio,Las Palmas
Pollo,7.13,10,2025-12-30,Abel Alfredo Roca Múgica,Guipúzcoa
Leche,0.95,6,2025-06-17,Javi Tejada Avilés,Lugo
Azúcar,3.66,6,2025-09-08,José Manuel Gascón,Ciudad
Pan,2.28,2,2026-02-27,Rosalinda Villena Rozas,León
Aceite,9.61,1,2025-10-15,Juan Pablo Roman Macías,La Coruña
Arroz,17.4,1,2025-10-09,Bárbara Tello-Ribera,Córdoba
Queso,19.7,5,2025-06-21,Primitivo Blazquez-Barrena,Sevilla
Huevos,4.8,3,2026-03-25,Bartolomé Agustí Viñas,Toledo
Huevos,3.07,4,2025-07-01,Bonifacio Estevez Redondo,Castellón
Pollo,3.25,7,2026-01-02,Graciano Catalán Marcos,Guipúzcoa
Aceite,5.23,6,2025-11-29,Bartolomé Joan Larrañaga Clemente,Salamanca
Huevos,9.4,1,2025-08-05,Aarón Sureda Cerezo,Albacete
Queso,2.6,6,2026-04-30,Rufino Ferrera Juárez,León
Aceite,3.96,7,2025-08-22,Gregorio Pintor Verdejo,Albacete
Pollo,5.39,1,2026-03-05,Andrés Parra Conde,Barcelona
Huevos,1.14,3,2025-08-04,Casandra del Villa,Pontevedra
Huevos,3.0,2,2025-07-18,Encarnacion Farré Patiño,Guipúzcoa
Carne,11.02,4,2025-09-21,Salvador del Rosales,Huesca
Pan,15.45,8,2025-09-08,Rodolfo Hoz Ortiz,La Rioja
Huevos,9.27,9,2025-11-11,Custodia Pavón-Zamorano,Jaén
Pollo,15.94,10,2026-05-14,Balduino Solé Fortuny,Ávila
Carne,1.54,3,2025-12-16,Domitila Rosalva Enríquez Juárez,Castellón
Carne,1.6,4,2025-10-12,Sandalio Abella Piñeiro,Soria
Queso,4.09,7,2025-05-30,Ulises Iborra Ortuño,Valencia
Pollo,13.68,2,2026-02-02,Joel Polo Vaquero,Cádiz
Arroz,6.86,10,2025-09-24,Alejandro Pareja Palma,Lugo
Aceite,15.95,3,2025-07-29,Encarnacion del Guillen,Álava
Queso,4.33,6,2026-02-04,Visitación Benitez,Málaga
Huevos,5.03,9,2025-06-14,Josep Juan Bautista Perera Nebot,Guadalajara
Huevos,1.48,6,2025-10-14,Valeria Tormo Neira,Granada
Café,2.23,2,2026-04-28,Severo Ariño Grande,Segovia
Pan,17.78,9,2025-12-10,Renata Guitart Ordóñez,León
Queso,3.37,4,2026-05-02,Nereida Cámara-Arribas,Cádiz
Azúcar,2.1,8,2025-06-23,Pepito Galo Durán Hoyos,Albacete
Pollo,3.08,4,2025-06-08,Palmira Pino Bueno,Segovia
Pan,5.14,6,2025-06-01,Albano Pozuelo-Arias,Castellón
Café,2.75,8,2025-06-06,Evangelina Catalá,Barcelona
Leche,13.67,5,2026-01-29,Daniela Belén Dávila Guijarro,Burgos
Café,17.65,6,2025-10-06,Delfina de Alcázar,Pontevedra
Pollo,5.57,3,2025-10-28,Vilma Alcalá Contreras,La Rioja
Arroz,1.43,5,2025-09-08,Domitila Estefanía Quintero Carrasco,Murcia
Aceite,0.55,9,2026-03-21,Anastasia Corral Rueda,Córdoba
Carne,15.86,6,2025-06-30,Bernabé Amigó Valenzuela,Tarragona
Pollo,5.97,4,2025-08-18,Diana Vives,León
Azúcar,9.86,6,2026-04-26,Máximo Rosado-Pons,Badajoz
Aceite,17.36,9,2026-04-05,Ángela Loreto Orozco Carrera,Sevilla
Pollo,7.6,8,2025-06-09,Alfonso Suárez Bernad,Albacete
Arroz,2.88,1,2026-01-09,Sarita Leal Seco,Tarragona
Pollo,19.33,3,2025-12-25,Isa Pou Abad,Cantabria
Azúcar,7.98,1,2026-05-17,Isa Peiró Portillo,Albacete
Queso,18.07,8,2025-10-10,Alberto Cuenca,Guadalajara
Azúcar,10.66,4,2025-07-21,Leonardo Cruz Laguna,Cáceres
Aceite,12.92,3,2026-02-18,Gustavo de Luna,Granada
Pan,4.19,2,2026-03-22,Victorino Aparicio-Blanch,Toledo
Huevos,17.7,9,2025-11-11,Juan Carlos Guillen-Morera,Vizcaya
Arroz,11.89,7,2025-12-17,Félix de Portero,Burgos
Azúcar,5.06,5,2026-05-22,Julio Palacio Puente,Córdoba
Pan,9.91,3,2025-08-10,Fortunato Gálvez Abad,La Rioja
Huevos,18.19,1,2026-05-13,Fátima Bauzà-Galván,Albacete
Arroz,10.51,7,2026-02-09,Saturnino Cabo Carranza,Sevilla
Aceite,18.26,10,2025-10-30,Felix Olivares Ródenas,Asturias
Pan,18.17,10,2025-11-14,Jose Angel Castro-Zorrilla,Ávila
Leche,17.03,7,2026-05-07,Juana Arregui-Larrañaga,Palencia
Azúcar,6.49,5,2026-04-27,Luisina Vilalta Pizarro,Lleida
Azúcar,9.61,2,2026-02-03,Bienvenida Portero Gimenez,Lleida
Carne,3.47,5,2026-01-08,Azucena Aguilera Puerta,Ciudad
Huevos,10.22,10,2026-04-05,Lara Carro-Gisbert,Tarragona
Huevos,2.36,7,2025-11-20,Jose Francisco Ramiro Juan Albero,Teruel
Huevos,2.21,1,2025-08-06,Amaya Barranco Duque,Valladolid
Leche,19.87,9,2025-09-30,Martina Casal Solé,Asturias
Arroz,19.1,5,2026-04-18,Dafne Ortuño Menéndez,Las Palmas
Queso,3.58,1,2026-02-12,Armida Bernad Boix,Lugo
Pollo,3.14,4,2025-12-18,Mario Catalá-Aroca,Baleares
Café,6.41,6,2025-08-09,Baudelio Bernat-Sánchez,León
Pan,2.47,7,2025-08-23,María Teresa Vanesa Quintanilla Mosquera,Sevilla
Leche,19.68,7,2025-10-06,Paca Castillo Reyes,Palencia
Queso,8.05,4,2026-04-03,Azahar Agudo-Juárez,Valencia
Pan,0.81,2,2025-08-05,Dionisio Solana Méndez,Córdoba
Pollo,8.62,5,2026-04-23,Florina Viana Moya,Álava
Huevos,1.11,10,2025-12-01,Liliana Echevarría Riba,Barcelona
Huevos,10.16,5,2026-05-25,Vicenta Zabaleta-Estrada,Sevilla
Pollo,11.04,3,2026-05-03,Macarena Rueda Borja,Huelva
Carne,8.82,3,2025-11-16,Micaela Mateu Adadia,Madrid
Queso,16.46,1,2026-05-11,Pacífica Baquero Cózar,Ourense
Queso,4.83,5,2025-06-24,Ismael de Gallardo,Cuenca
Pollo,14.81,3,2025-08-07,Nicolás Alemán Cepeda,Castellón
Leche,19.54,5,2025-08-29,Ruy Torrents Briones,Guipúzcoa
Huevos,2.79,7,2025-10-02,Carmelo Carreño Montenegro,Álava
Aceite,15.8,8,2025-08-19,Diana Amigó,Granada
Carne,14.12,7,2026-05-24,María Carmen Porras-Salmerón,Castellón
Queso,13.6,2,2026-04-27,Mireia Benito Becerra,Huesca
Aceite,7.59,4,2026-04-22,Felipa Velázquez-Juárez,Melilla
Pan,19.63,10,2026-01-26,María Jesús del Zamorano,Santa Cruz de Tenerife
Azúcar,4.56,6,2026-01-08,María Del Carmen Cañizares Pujol,Cáceres
Huevos,7.99,4,2026-02-17,Chus Mendizábal Torrent,Tarragona
Huevos,14.77,6,2025-06-26,Rubén Villena Fonseca,Valladolid
Pollo,17.71,3,2025-07-31,Ruben Espiridión Crespi Céspedes,Pontevedra
Pan,10.78,7,2026-05-11,Kike Peláez Pablo,La Coruña
Café,9.35,9,2026-03-08,Celestino Silvio Ortega Montaña,Segovia
Pan,16.33,10,2026-04-03,Olga Burgos Muñoz,Albacete
Huevos,19.97,8,2025-07-07,Liliana Carballo Fuertes,Albacete
Pollo,14.29,5,2026-01-14,Matías Checa Castell,Zaragoza
Azúcar,8.66,2,2025-11-24,Benigno Planas Alemán,Albacete
Pan,6.19,5,2026-02-03,Osvaldo del Sierra,Palencia
Azúcar,14.51,4,2026-04-19,Chus Manuela Pinto Mariscal,Pontevedra
Café,2.42,2,2026-03-24,Cecilia Torre Bauzà,Castellón
Leche,7.66,5,2025-09-07,María Dolores Orozco Leiva,Alicante
Pan,5.27,3,2026-01-06,Úrsula Tolosa Anguita,Segovia
Pollo,3.69,8,2025-07-09,Amando del Chaves,Córdoba
Carne,11.56,7,2025-09-26,Juana Monreal Villalba,Málaga
Carne,13.94,3,2026-02-13,Joaquín Mosquera Aller,Soria
Arroz,3.11,1,2026-01-25,Darío Parejo Gaya,Guadalajara
Café,7.97,10,2026-02-27,Luis Aparicio Álvaro,Lleida
Huevos,1.68,3,2025-09-02,Eliseo del Fernandez,Valladolid
Azúcar,10.2,2,2026-05-14,Antonia Hoz-Llamas,La Coruña
Leche,12.43,5,2025-07-24,Albina Rey Vazquez,Jaén
Leche,12.56,10,2025-10-11,Marcos Báez Soriano,Santa Cruz de Tenerife
Pollo,14.56,10,2026-02-20,Gala Vendrell Torrijos,Valencia
Huevos,15.37,6,2026-03-11,Ricarda Ferrán Carranza,Alicante
Leche,8.88,4,2025-06-25,Aurora Pons,Zamora
Pollo,1.98,4,2025-07-08,Lupe Prada Rosales,Zamora
Arroz,5.44,8,2025-12-17,Cristina Salmerón Espejo,Valladolid
Queso,15.24,8,2025-12-09,Delia Palma Saura,La Coruña
Pollo,2.81,7,2026-01-09,Paca Porta Barón,Salamanca
Arroz,11.22,10,2025-06-13,Manolo Domingo Segarra,Madrid
Pan,13.15,2,2025-08-02,Severiano Haro Pino,Almería
Huevos,11.6,8,2026-02-13,Mauricio Palomo Murcia,Badajoz
Aceite,11.81,9,2025-08-26,Fabián Ferrando Miró,Navarra
Pan,18.54,9,2025-09-15,María Belén Sainz Núñez,Ávila
Queso,0.5,6,2026-02-10,Marco Olivera Sáez,Castellón
Leche,13.75,4,2025-11-27,María Manuela del Sánchez,Badajoz
Pollo,11.57,8,2025-07-14,Alexandra de Armas,Palencia
Queso,13.64,4,2025-09-02,Calista Álvarez Salmerón,Ourense
Huevos,18.94,4,2025-06-17,Olegario Pozo Bonilla,Asturias
Arroz,11.56,2,2025-09-30,Pelayo Ángel Tormo,Guadalajara
Pollo,13.66,4,2026-02-02,Ruperta Robles,Málaga
Carne,6.63,1,2025-07-06,Manuelita del Albero,Cádiz
Azúcar,6.09,8,2025-06-19,Pepita Pallarès Acero,Badajoz
Arroz,3.42,7,2026-03-20,Nazario Calzada-Tamarit,Girona
Queso,4.09,10,2025-12-31,María Teresa del Diaz,Huelva
Queso,9.15,4,2026-01-10,Martina Vigil Vicens,Ávila
Leche,12.07,10,2025-08-20,Mónica Campo Cerro,Valencia
Azúcar,19.26,3,2026-05-23,Ambrosio Barrios Alvarez,Cuenca
Huevos,19.25,6,2025-08-08,José Manuel Escolano,León
Carne,7.15,10,2026-03-13,Macarena Cervantes Oller,Segovia
Pollo,14.65,8,2026-04-05,Máximo de Tolosa,Girona
Azúcar,10.12,1,2025-07-21,Perla Manuela Fiol Segarra,Valencia
Aceite,1.01,3,2026-01-27,Guillermo Barba-Ferrero,Navarra
Queso,0.96,9,2025-10-09,Desiderio Goicoechea Miranda,Sevilla
Carne,8.66,2,2025-11-03,Guadalupe Tejera,Jaén
Aceite,4.24,9,2026-02-03,Aurelio Fernandez Asensio,Zaragoza
Leche,7.5,10,2025-11-21,Mohamed Morcillo-Arnaiz,Burgos
Leche,10.1,9,2026-01-22,Ágata Tello Bou,Almería
Queso,6.9,5,2025-09-29,Adela Carreras Benavides,Santa Cruz de Tenerife
Pollo,8.11,10,2026-04-26,Vilma Torres Cano,Palencia
Pollo,0.78,4,2026-03-27,Valero Amador Villegas Azorin,Ourense
Leche,0.94,6,2025-09-15,Apolonia Méndez-Alemán,Guadalajara
Azúcar,6.65,6,2026-01-22,Alejo Correa Quintanilla,Málaga
Arroz,8.44,6,2025-11-23,Paola Piña Gallego,Almería
Pan,8.79,9,2025-08-25,Angelita Rueda,Barcelona
Huevos,14.68,5,2025-08-18,Esther Sevillano Gisbert,Alicante
Pollo,1.16,6,2025-07-08,Fulgencio Vizcaíno Anguita,Granada
Queso,3.85,2,2026-04-04,Débora Marco Tamayo,Barcelona
Pan,16.81,4,2025-11-13,Venceslás Fabra Orozco,Zamora
Azúcar,14.91,10,2025-07-08,Azeneth del Anguita,Albacete
Arroz,2.11,2,2025-07-05,Isidro Guillen Cisneros,Badajoz
Aceite,12.23,6,2025-07-14,Andrés Felipe Valverde-Mosquera,Baleares
Carne,2.59,6,2026-01-10,Loida Company Jaén,Zamora
Pan,18.44,4,2026-02-16,Rosario Roig Medina,Murcia
Pan,7.84,5,2025-07-09,Nereida Bonilla Velázquez,Madrid
Pan,1.52,5,2025-09-28,Chelo Fernández,León
Carne,14.53,4,2025-11-15,Isidro Tovar Riera,Lugo
Arroz,1.1,10,2025-09-26,Adán Parejo Luna,Guadalajara
Huevos,11.55,5,2026-02-25,Melisa Elba Ribas Montoya,Huelva
Pollo,14.9,2,2026-01-03,Samuel Cerdá-Jordán,Guadalajara
Carne,11.05,1,2026-05-03,Domitila Neira Cid,La Rioja
Pollo,14.26,5,2026-04-25,Dalila Ana Sofía Castelló Anguita,Lugo
Café,13.2,9,2026-01-19,Plinio Chaparro Mora,Alicante
Arroz,2.46,5,2025-08-12,Pascual Barbero Nuñez,Madrid
Queso,11.59,3,2026-03-28,Arcelia Gala Palomo Segovia,Palencia
Azúcar,14.04,7,2026-05-12,Odalis Ferrero Martí,Zamora
Café,16.83,6,2026-01-24,Mireia Roma Perelló,Santa Cruz de Tenerife
Pan,11.68,1,2026-01-26,Esperanza Barrena Pareja,Sevilla
Queso,0.84,4,2025-09-11,Rosenda Castillo Puerta,Ávila
Pan,2.32,1,2025-09-26,Loreto Carreras Benavente,Zaragoza
Café,2.52,4,2025-09-24,Edmundo Acuña Ramis,Navarra
Leche,14.38,1,2025-06-01,Arturo Ortega Casares,Pontevedra
Queso,10.54,9,2026-03-26,Abigaíl Garmendia Rocha,Navarra
Arroz,15.61,1,2026-04-30,Samuel Amat Leon,La Rioja
Carne,6.96,1,2025-11-04,Melisa Paula Báez Andreu,Álava
Leche,7.59,6,2025-10-12,Anselmo Tejada Pinto,Sevilla
Pan,16.72,6,2026-01-24,Guillermo Curro Figuerola Martorell,Cádiz
Café,0.69,7,2025-08-29,Melania Mateo Pinto,Álava
Leche,7.32,6,2025-10-22,Esteban Franco Polo,Salamanca
Carne,5.89,3,2026-03-22,Heriberto Alvarado-Azorin,Valladolid
Arroz,11.63,1,2026-01-03,Julio Tamarit Goñi,Zamora
Azúcar,11.86,9,2025-12-28,Emelina Torralba Jordán,Lleida
Huevos,17.98,6,2025-08-30,Anselmo Tamarit Jiménez,Cáceres
Arroz,11.52,5,2025-10-10,Lourdes Rodriguez Vigil,Lugo
Azúcar,15.65,9,2025-05-27,Beatriz Bonet-Esparza,Cuenca
Queso,8.05,6,2025-07-05,Rómulo Carballo Tejada,Teruel
Pan,9.83,6,2025-08-29,Quique Roma-Conesa,Palencia
Arroz,15.95,6,2026-05-08,Loreto Alfonso-Luque,La Rioja
Queso,16.68,5,2025-08-20,Aroa Franco Abascal,Zaragoza
Aceite,14.93,5,2025-05-29,Loreto Figuerola Uría,Segovia
Azúcar,17.27,3,2026-04-27,Abel Varela-Gaya,Córdoba
Azúcar,15.36,6,2026-01-03,Victor Carrera Cabeza,Madrid
Pan,12.27,3,2025-10-30,Paloma Calatayud Benet,Zaragoza
Arroz,15.74,7,2026-02-26,Paca Mas Marquez,Toledo
Aceite,4.5,3,2026-04-28,Bernardino de Cuadrado,Zaragoza
Pollo,12.88,4,2025-12-23,Esther Crespi Zabala,La Coruña
Huevos,15.99,5,2026-05-23,Perla Briones Gil,Sevilla
Pollo,11.53,5,2025-08-24,Íngrid Huerta Ortega,Castellón
Leche,3.1,10,2025-12-08,María Fernanda de Pont,Huesca
Leche,19.71,7,2025-06-21,Ruperto Adán Acosta,Guadalajara
Pollo,3.01,6,2026-05-01,Lino Bilbao Carrillo,Pontevedra
Aceite,13.74,1,2026-01-11,Rosalinda Linares Casares,Lugo
Café,18.59,5,2025-08-27,Anna Pomares Hierro,Tarragona
Pollo,17.99,5,2025-07-18,Asunción Zamora Gabaldón,Palencia
Pan,9.15,10,2026-03-06,Paca Cazorla Calvo,Castellón
Queso,18.75,10,2025-12-02,Hernando Hoyos Serna,Ourense
Café,1.35,4,2025-08-12,Enrique Trillo Morell,Murcia
Azúcar,3.74,3,2026-04-27,Renato Alberola-Infante,Segovia
Pan,9.0,6,2026-05-13,Silvio Gutiérrez Ferrero,Castellón
Queso,19.21,6,2025-08-12,Lupe Ribas Huerta,Cádiz
Pan,13.59,2,2026-02-19,María Fernanda Quesada,Zamora
Leche,16.18,2,2025-12-05,Jose Manuel Cueto Flor,Soria
Pan,17.98,7,2025-11-03,Adriana del Rivero,Ceuta
Queso,8.81,1,2026-04-03,Cristian de Rios,Barcelona
Café,2.44,10,2025-12-21,María Dolores Tovar-Martín,Barcelona
Pan,16.03,2,2026-02-16,Nieves Benítez Morán,Baleares
Arroz,16.48,8,2026-02-15,Beatriz Rubio Santana,Guipúzcoa
Arroz,3.06,9,2026-02-09,Heriberto Alfredo Barrera Bilbao,Ciudad
Aceite,1.15,5,2025-07-16,Adán Boada Márquez,Valladolid
Carne,19.8,8,2026-02-25,Ángeles Peinado Grau,Santa Cruz de Tenerife
Café,10.75,4,2025-06-10,Leticia Sans Benitez,Zamora
Carne,17.77,2,2025-12-02,Ana Belén Pallarès Gutiérrez,Lleida
Azúcar,4.09,4,2025-11-29,Ciro Julián Requena,Albacete
Carne,0.96,3,2025-10-12,Marcia Duran,Zaragoza
Carne,17.61,3,2026-05-20,Alicia Bas Ros,Huesca
Pollo,7.24,9,2026-02-06,Adelina Barco Vilanova,Salamanca
Aceite,4.24,7,2025-07-13,Úrsula Sancho Sandoval,Soria
Azúcar,18.56,8,2025-10-22,Nerea Cabo-Escobar,Palencia
Carne,8.74,4,2025-09-01,Norberto de Garcia,Soria
Pan,15.6,3,2026-02-08,Iker Aparicio Chico,Teruel
Queso,19.84,7,2025-10-27,Balduino Fiol Pereira,Guipúzcoa
Pollo,10.07,4,2026-01-20,Magdalena Rosales,Cuenca
Aceite,19.26,10,2025-11-25,Carlos Diez-Riba,Segovia
Arroz,16.96,9,2025-07-13,Teresita Milagros Lumbreras Garcia,Lugo
Arroz,1.12,1,2025-10-18,Nicolasa Quirós,Girona
Arroz,18.84,9,2025-11-08,Mauricio Miranda Amorós,Lleida
Café,9.24,7,2025-12-12,Alejandro Balduino Palau Carrión,Cáceres
Pan,17.67,10,2025-11-07,Javi Bejarano Villar,Zaragoza
Carne,7.45,10,2026-03-03,Hermenegildo Espinosa Goicoechea,Melilla
Azúcar,10.74,9,2026-03-17,Daniel Zurita Báez,Las Palmas
Carne,7.76,6,2025-08-02,Ruperto de Lasa,Almería
Pollo,14.24,1,2026-02-17,Encarna Anselma Corral Gargallo,Álava
Huevos,17.6,5,2025-07-24,Edelmiro del Pallarès,Pontevedra
Queso,1.89,3,2026-02-25,Severiano Jurado Valenzuela,Alicante
Carne,12.79,4,2025-08-17,Bruno Losa Alberto,Melilla
Café,19.81,8,2025-08-05,Artemio del Rodrigo,Castellón
Queso,12.91,2,2025-06-03,Marisa Galiano Noriega,Pontevedra
Carne,11.93,4,2026-04-21,Alfonso López Becerra,Málaga
Carne,18.37,8,2025-10-29,Leoncio Landa-Boada,Murcia
Pan,11.94,4,2026-05-12,Nayara Salud Ugarte Cordero,Jaén
Pan,14.4,1,2025-10-05,Gervasio Tello Juan,La Coruña
Queso,12.97,7,2025-06-29,Charo Girón-Baró,Zamora
Pollo,6.63,1,2025-11-20,Carmelita de Jara,Segovia
Azúcar,13.13,7,2026-03-25,Lorenza Toledo Donoso,Cuenca
Queso,4.8,5,2026-01-21,Chucho Artigas Colomer,Salamanca
Huevos,11.29,7,2026-01-13,Fernando Mateo Lopez Rocha,Cuenca
Pollo,11.58,6,2026-05-12,Eric Torrent Moll,Ourense
Aceite,9.77,10,2026-03-08,Jose del Perez,Sevilla
Pollo,2.75,7,2026-04-27,Ramón Cabañas-Ropero,Toledo
Leche,17.36,1,2026-03-20,Rogelio Lastra,Jaén
Carne,5.22,8,2026-04-17,Morena de Enríquez,Navarra
Café,1.97,3,2026-02-09,Juan Manuel de Vives,Guadalajara
Café,4.4,5,2025-09-27,Salomón del Oliva,Ceuta
Arroz,13.21,8,2025-11-15,Noemí Bibiana Guillén Carbajo,Albacete
Huevos,17.15,10,2025-10-23,Juan Francisco Carreras Valbuena,Sevilla
Huevos,10.62,3,2025-07-15,Santiago Mayol,Cáceres
Azúcar,2.58,2,2025-07-27,Ricarda Jiménez Simó,Guipúzcoa
Huevos,6.66,2,2025-09-28,Joel Pagès Manrique,Murcia
Leche,1.59,5,2025-10-18,Ramiro Salvà,Cáceres
Pollo,5.1,9,2025-09-12,Olimpia Guerra,Tarragona
Pan,14.85,6,2025-12-02,Emilia Arregui Jaume,Ciudad
Pan,16.94,4,2026-02-01,Blas del López,Segovia
Aceite,12.53,4,2025-12-02,Rosario Cantero Grande,Barcelona
Café,15.87,6,2026-03-21,Rebeca Constanza Barba Murillo,Pontevedra
Huevos,4.65,7,2025-12-14,Jeremías Ribas Abellán,Lugo
Queso,17.79,5,2026-03-26,Arturo Nadal Codina,Cádiz
Queso,14.46,7,2025-07-10,Ligia Camila Leal Jerez,Lugo
Leche,5.74,3,2025-08-10,Esmeralda del Arce,Murcia
Azúcar,18.62,6,2025-09-13,Ágata Menendez Pou,Melilla
Arroz,4.78,9,2025-11-07,Ramiro Gomis,Castellón
Arroz,17.21,1,2025-10-19,Cayetana Franco Vila,Cádiz
Leche,18.61,5,2025-11-19,Celia Colomer Hervás,Guipúzcoa
Pan,11.75,5,2026-05-04,Abigaíl Roda Parra,Soria
Pan,19.63,9,2025-07-03,Martin Gallardo Campos,Segovia
Pan,13.87,3,2025-11-16,Juan Gomez Simó,Toledo
Leche,17.14,8,2025-09-25,Norberto del Amador,Asturias
Arroz,8.77,8,2026-05-05,Nilda Valenzuela Frías,Lleida
Aceite,12.01,3,2026-02-14,Jaime Vera Cid,Cádiz
Café,4.04,9,2026-05-10,Joaquín Marqués Marti,Guadalajara
Pollo,5.57,6,2025-09-27,Atilio Pelayo Figueras,Pontevedra
Azúcar,3.3,2,2026-05-07,Armida Marcos Molins,Navarra
Pan,7.44,9,2026-05-20,Miguela Roig Alemany,Valencia
Pollo,16.78,9,2026-01-16,Jacinta Arce Estrada,Madrid
Azúcar,7.48,10,2025-07-12,Adelaida Ibáñez Piñeiro,Pontevedra
Queso,2.66,1,2026-01-19,Blas Bayón,Badajoz
Azúcar,3.02,1,2025-11-21,Alba Morell Vara,Tarragona
Queso,7.34,8,2025-11-20,Estrella del Bonilla,Baleares
Carne,15.33,3,2025-12-15,Jafet Chaparro Cerdá,Ourense
Pollo,18.91,6,2025-10-16,Roberta Fuster Escalona,Lleida
Café,13.66,4,2026-01-30,Graciano Roura Casanovas,Segovia
Azúcar,1.04,8,2025-12-17,Valentín Poncio Carreras Terrón,Valladolid
Aceite,6.6,8,2026-05-25,Ana Belén Morales-Serra,Girona
Carne,11.08,7,2025-11-22,Rufino Fonseca Domingo,Valladolid
Pollo,6.24,3,2025-12-17,Azahara Arroyo Fuertes,Zamora
Carne,4.62,10,2026-02-20,Claudia Camps Cañete,Lleida
Leche,1.91,2,2026-04-23,Aitor Esteve-Miralles,Soria
Pollo,6.4,8,2026-01-04,Eva María Javiera Palacio Gárate,Salamanca
Huevos,16.65,10,2025-07-25,Mariano Blanes Pareja,Málaga
Azúcar,19.19,5,2026-03-26,Candela Bermejo León,León
Aceite,11.18,8,2025-11-01,Fernando Paniagua Gual,Ávila
Pollo,6.45,10,2025-12-12,Máximo Pánfilo Losada Giner,Vizcaya
Pan,15.11,6,2026-03-06,José Mari Coll-Acero,Melilla
Leche,11.35,3,2026-01-07,Juliana Sevillano Manso,Córdoba
Aceite,7.51,3,2026-03-01,Salomé Marí Montes,Teruel
Arroz,18.63,4,2026-02-03,Roberta de Estévez,Granada
Queso,18.94,5,2025-08-21,Luís de Ramirez,Barcelona
Azúcar,4.57,5,2025-09-05,Merche de Gibert,Ciudad
Huevos,15.19,3,2025-05-27,Dorita Raya-Palomares,Ciudad
Leche,14.54,4,2025-12-13,Ulises Tormo Mateos,Valladolid
Leche,17.26,6,2025-08-18,Camila Cárdenas-Polo,Vizcaya
Azúcar,4.84,8,2025-09-07,Imelda Luna-Barranco,Soria
Pollo,12.4,7,2025-07-22,Clara Patiño Badía,Álava
Huevos,13.34,9,2025-11-04,Mireia Ropero-Lorenzo,La Coruña
Leche,10.37,1,2025-10-21,Natalia Benita Mendoza Gallo,Segovia
Arroz,4.92,10,2025-10-06,Noemí Noguera-Hervás,La Rioja
Café,3.1,8,2026-04-18,Sofía Bonet Saavedra,Cádiz
Carne,1.47,4,2025-08-20,Estela Pujadas Cornejo,Valladolid
Pan,3.67,3,2025-10-03,Iván Plana Galvez,Barcelona
Aceite,13.65,8,2026-02-12,Juanito Castañeda Olmo,Tarragona
Queso,3.53,1,2025-10-22,Odalis del Arroyo,Ávila
Arroz,0.67,10,2026-01-22,Moreno Frutos Casanovas,León
Arroz,8.96,8,2025-12-22,Francisco Lluch,Pontevedra
Arroz,19.6,1,2025-09-05,Anna Mármol Viana,Guipúzcoa
Pan,11.23,2,2025-11-28,Esther Clemente-Velasco,Jaén
Azúcar,13.08,6,2025-10-25,Laura Santana Murcia,Ceuta
Huevos,4.69,5,2025-12-04,Calixta Carlos-Solano,Córdoba
Azúcar,8.71,6,2026-01-10,Rosalinda Sanchez Anguita,La Rioja
Aceite,3.92,7,2025-12-17,Eva Felicidad Bermúdez Iglesia,Asturias
Pollo,19.19,2,2026-02-24,Manolo Cerro,Palencia
Leche,8.27,10,2025-09-16,Arsenio Dávila,Valladolid
Leche,2.25,1,2025-06-01,Teodoro de Chaves,Guadalajara
Pan,8.03,10,2025-07-15,José Antonio Pallarès Soria,Badajoz
Pan,6.39,9,2025-08-15,Emiliano Miralles-Jaume,Alicante
Café,1.96,2,2026-03-30,Tatiana Bernat Aguilera,Ceuta
Aceite,17.27,2,2025-09-04,Victor Manuel Huertas Barón,Burgos
Queso,1.17,7,2026-03-18,Vanesa Pedrosa Acuña,Murcia
Pan,10.48,8,2026-03-29,Sarita Valls Burgos,Soria
Leche,8.29,10,2025-08-02,Xiomara del Parra,Murcia
Pan,3.93,2,2026-04-16,Corona Perlita Garrido Pinto,Murcia
Arroz,11.81,1,2025-12-22,Florencio del Laguna,Murcia
Queso,1.72,7,2025-06-14,Jose Manzanares,Lleida
Queso,7.66,3,2026-04-08,Juan Manuel de Pedro,Asturias
Pollo,10.4,4,2025-12-24,Guillermo Recio-Coronado,Pontevedra
Azúcar,17.95,4,2025-11-26,Teodora Sierra Roig,Navarra
Leche,2.4,5,2026-01-27,Felicidad del Acuña,Valencia
Queso,19.37,3,2026-04-03,América de Quero,Murcia
Queso,10.42,3,2025-10-28,Ximena Fuente García,Cantabria
Aceite,5.41,6,2026-03-17,Flor Zurita,Álava
Queso,1.44,5,2026-04-28,Chita Juan-Vilanova,Asturias
Aceite,3.21,9,2026-03-24,Lucho Escalona Gascón,Ciudad
Queso,8.41,5,2025-12-07,Roque Piñeiro Salmerón,Sevilla
Carne,8.41,8,2025-11-26,Álvaro Leopoldo Pozo Alemany,Girona
Huevos,4.02,5,2026-04-17,Roberta Pili Lucena García,La Rioja
Pan,11.98,4,2025-12-18,Remedios Adelina Hervia Rios,Guipúzcoa
Arroz,12.56,10,2025-10-30,Celia Guillen Pérez,Guadalajara
Leche,17.81,5,2026-01-09,Jose Miguel Cuéllar Galván,Alicante
Huevos,9.47,5,2025-09-08,Nicolasa Vallés Huertas,Albacete
Arroz,3.04,2,2026-05-27,Isaura Checa Comas,Burgos
Queso,19.67,7,2025-08-17,Micaela del Pavón,Teruel
Pan,2.96,10,2025-11-21,Severino Salgado Orozco,Soria
Café,1.34,7,2025-09-22,Carmelita Pinedo Badía,Álava
Aceite,8.21,10,2026-05-17,Carolina de Palomino,Alicante
Carne,19.19,10,2026-03-08,Benigno de Escrivá,Cádiz
Pollo,18.19,3,2026-02-07,Valerio de Leal,Barcelona
Pan,6.67,1,2025-09-10,Lilia Grande Hidalgo,Ciudad
Aceite,12.01,4,2026-05-20,Chema Aguirre Valderrama,Tarragona
Café,13.33,7,2026-02-15,Emiliana de Cuenca,Cantabria
Café,10.6,4,2025-06-05,Macarena Trujillo,Albacete
Leche,11.9,5,2025-07-20,Teodoro Ramón Alberola,Huelva
Arroz,16.37,3,2026-03-21,Adela Cabañas Feliu,Zamora
Azúcar,3.6,5,2025-08-06,Eliana Lupita Lillo Calvo,La Rioja
Aceite,3.86,3,2026-02-19,Beatriz Aller,Alicante
Carne,18.77,7,2026-02-27,Manuela Santos Pi,Ciudad
Azúcar,5.69,9,2025-06-10,Lourdes Piñol-Figuerola,Lugo
Café,18.5,4,2025-11-17,Candelaria Borrego-Luna,Cuenca
Queso,18.23,6,2025-09-10,Armando Lillo Tolosa,Ourense
Aceite,3.55,2,2025-08-11,Alexandra del Gomez,Córdoba
Leche,1.5,9,2026-05-22,Clemente Valdés-Heredia,Guipúzcoa
Café,11.81,8,2026-05-09,Cristina Cabeza Ayuso,Burgos
Huevos,15.01,9,2025-10-20,Luna Manuel Botella,Badajoz
Aceite,1.8,7,2026-05-22,Priscila Corbacho Portero,Málaga
Pan,10.15,5,2026-03-24,Nico Tenorio Dávila,Cuenca
Leche,12.0,8,2026-02-13,Dafne Villanueva Morales,Córdoba
Aceite,7.08,1,2026-02-18,Álvaro Blazquez Morcillo,Cantabria
Azúcar,8.33,5,2026-03-14,Juan Bautista Montero-Mayol,Huesca
Carne,15.72,5,2026-03-05,Tania Perlita Pujadas Pineda,Guipúzcoa
Arroz,15.16,9,2025-09-03,José Antonio Lasa Gomis,Almería
Café,13.48,2,2025-12-08,Mirta Carmelita Roura Querol,Tarragona
Huevos,3.22,4,2025-10-19,Chucho Tapia-Alcázar,Vizcaya
Queso,4.14,6,2025-06-29,Yésica Sans Belmonte,Salamanca
Leche,19.09,7,2025-10-25,María Teresa Castelló,Jaén
Aceite,15.92,7,2025-09-08,Alfredo Díez Lumbreras,Melilla
Leche,14.59,6,2025-10-08,Jose Miguel Montalbán,Guipúzcoa
Leche,6.14,4,2025-07-17,Ámbar del Cantón,Las Palmas
Queso,1.41,9,2026-01-02,Aurelio Bosch Viana,Pontevedra
Pollo,3.54,1,2025-11-26,Eustaquio Simón Lobato Suarez,Huesca
Carne,3.47,10,2025-11-12,Carlito Blanco Zorrilla,Valladolid
Aceite,1.78,3,2026-02-28,Amando Diez,Cádiz
Huevos,1.35,9,2025-10-16,Gertrudis Díez,Toledo
Azúcar,7.2,5,2026-05-19,Jordán Millán Blasco,Las Palmas
Leche,15.92,7,2026-01-08,Anselmo Fuente Patiño,Lleida
Queso,3.15,4,2025-12-06,Xiomara Cózar,Almería
Café,13.85,5,2026-03-15,Rosalva Javiera Font Marti,Palencia
Arroz,3.1,8,2026-05-11,Wálter de Vicens,Lleida
Arroz,15.07,4,2026-05-10,Jordi Álvarez Belda,Álava
Huevos,3.73,3,2025-06-22,Felix Amor Piquer Valenciano,Lleida
Leche,13.42,2,2026-03-03,Gloria Moliner Becerra,Segovia
Pollo,8.85,1,2025-10-22,Martín del Briones,Barcelona
Carne,11.24,1,2025-08-12,Domingo Cabeza,Cádiz
Pan,14.28,1,2025-08-01,Tatiana Quesada Dávila,Asturias
Arroz,1.21,3,2025-10-14,Leticia Menéndez Mateu,La Rioja
Carne,16.5,8,2025-08-07,Luisina Isabel Ramirez Barrena,Zaragoza
Café,12.89,1,2026-02-27,Arturo Miró Barroso,Badajoz
Arroz,4.8,3,2026-02-19,Manuelita Corral Pozuelo,Huesca
Carne,12.81,3,2025-11-11,Guiomar Román-Medina,Ávila
Café,3.38,2,2025-07-26,Salud Pía Ros Carmona,Huelva
Huevos,1.83,10,2025-11-01,Cayetana Criado Robles,Toledo
Queso,17.65,10,2026-01-13,Chus Tovar Montenegro,Almería
Azúcar,12.5,9,2026-02-01,Paco Soto Canals,Santa Cruz de Tenerife
Pollo,2.15,1,2025-06-27,Prudencio Corominas Cerro,Almería
Leche,5.79,9,2025-07-01,Tomás Angelino Santos Agudo,Guipúzcoa
Pan,3.27,3,2025-05-31,Rodolfo Esteban Mata Mir,Guadalajara
Huevos,14.94,3,2026-04-13,Danilo Palomar Collado,Navarra
Pan,13.63,1,2026-04-29,Ciriaco Raimundo Pomares Ribera,Cantabria
Queso,17.83,5,2026-02-12,Calista Pareja Borja,Ciudad
Café,7.31,6,2025-10-29,Julián Cervera Cortina,Albacete
Aceite,2.67,6,2026-02-18,Miriam Araujo Ramis,Tarragona
Aceite,11.4,3,2026-03-04,Isidoro Tur Sáez,Zaragoza
Queso,16.03,9,2025-09-04,Ovidio Padilla Abellán,Málaga
Queso,5.82,9,2025-12-24,Adora Lillo Patiño,Ciudad
Carne,1.91,2,2026-05-02,Eloy de Caparrós,Palencia
Pan,2.95,4,2026-05-27,Isidro Alcaraz-Aguirre,Guipúzcoa
Azúcar,16.81,3,2025-10-02,Casandra Martínez,León
Aceite,19.61,8,2026-02-07,África Correa Perera,Valencia
Aceite,17.39,8,2026-03-10,Plinio Borrell Falcó,Navarra
Azúcar,10.13,6,2025-06-27,Lisandro Ordóñez Duarte,Zamora
Azúcar,3.57,2,2025-08-24,Felicidad Rosalinda Barrena Izquierdo,Murcia
Carne,7.81,3,2025-07-30,Sofía Benavides Carbonell,Madrid
Arroz,7.93,8,2026-01-19,Susanita Varela-Aparicio,La Rioja
Aceite,7.3,5,2026-01-25,Valentina Ascensión Giménez Villalonga,Ciudad
Huevos,14.02,10,2025-08-22,Ariel Serna Zapata,Sevilla
Aceite,15.49,2,2026-04-30,Alejo Menendez Roig,Vizcaya
Leche,17.12,7,2025-12-18,Charo Santamaría Castell,Lleida
Arroz,1.17,10,2026-01-17,Sonia Velázquez-Urrutia,Ávila
Pollo,1.35,2,2026-02-25,Alexandra Galvez-Ariño,Melilla
Arroz,17.93,1,2025-06-25,Jose Manuel Hernando Conesa Jaume,Córdoba
Pan,4.23,8,2025-10-15,Agustín Amor Sanmiguel Sarabia,Burgos
Azúcar,18.03,7,2025-09-27,René Jose Carlos Cueto Medina,Asturias
Café,3.12,6,2026-03-09,Íngrid Melero Sevilla,Burgos
Pollo,16.03,6,2025-06-12,Tere Álvaro Ávila,Badajoz
Pan,7.59,6,2025-12-29,Maite Arias Palacio,Santa Cruz de Tenerife
Queso,1.27,9,2025-12-09,Luz Flor Cañizares,Zaragoza
Leche,16.52,2,2025-10-23,Rufina Gala Zapata Arnaiz,Tarragona
Carne,3.26,3,2026-03-12,Yéssica Velasco Manjón,Sevilla
Queso,7.42,5,2026-04-12,Gema Soriano Gual,Ourense
Arroz,18.99,6,2026-04-05,Consuela Bermúdez Vélez,Baleares
Pan,4.17,5,2026-05-10,Débora María Teresa Bartolomé Aragonés,Tarragona
Azúcar,8.4,1,2025-10-01,Marcela del Alberola,Huesca
Pan,2.37,8,2025-10-10,Galo Álamo Bueno,Lugo
Pan,13.85,6,2025-08-07,Cornelio Jódar Porras,Zaragoza
Pan,7.22,3,2025-10-10,Celestina Campoy Aranda,Valencia
Pan,12.38,10,2026-05-17,Adelaida Figueras Menendez,Lugo
Café,11.8,10,2025-08-18,Dionisio Daza-Pomares,Guipúzcoa
Café,8.47,4,2025-07-14,Fabián Iñiguez Alonso,Córdoba
Arroz,15.12,6,2025-10-29,Octavia Angélica Reig Campo,Tarragona
Azúcar,9.05,1,2026-05-21,René Villaverde Planas,Toledo
Arroz,11.57,7,2025-07-28,Julie Pina Roura,Segovia
Arroz,19.06,10,2025-08-04,Mariana Sala Duran,Murcia
Aceite,0.68,4,2025-12-31,María Luisa Aguado Arnaiz,Málaga
Huevos,8.95,5,2025-06-30,Estefanía Armida Cortina Ortuño,Málaga
Pan,3.4,9,2025-12-21,Cirino Montserrat Figueroa,Alicante
Queso,4.92,1,2025-10-13,Fátima Lola Cabezas Jordá,Lleida
Leche,2.7,2,2026-04-24,Nadia Olmo Gallart,Zamora
Queso,3.87,10,2025-08-25,Salud Polo Figuerola,Cuenca
Azúcar,1.2,10,2025-11-12,Evaristo Gallart Jáuregui,Ávila
Pollo,19.14,7,2026-01-31,Melchor Córdoba Figueroa,Valladolid
Aceite,4.79,4,2025-08-09,Emiliana Pujol Villalobos,Burgos
Aceite,8.42,10,2025-09-11,Horacio Valverde Lledó,Córdoba
Leche,18.86,6,2025-11-15,Cecilio Pinedo Arnal,Guadalajara
Azúcar,1.85,6,2026-03-05,Candelaria Hernando Tovar,Burgos
Huevos,14.16,1,2026-02-24,Íñigo Mulet Tejero,Lugo
Azúcar,10.84,9,2026-01-11,Sandra Casanova Bautista,Ávila
Pollo,19.03,6,2025-06-01,Pancho Moya Martinez,Segovia
Arroz,15.02,10,2025-06-12,Adolfo Hernandez Cueto,Zaragoza
Azúcar,3.57,7,2025-06-28,Pancho Córdoba,Granada
Azúcar,10.12,8,2026-05-09,Encarnación Alberto-Hernando,Madrid
Queso,9.75,1,2025-10-02,Joel Guillen,Salamanca
Carne,17.06,8,2025-09-27,Aureliano de Gámez,Navarra
Queso,19.13,7,2025-06-01,Remedios Cabanillas Baró,Las Palmas
Aceite,5.93,5,2025-11-15,Morena Manrique Gallart,Murcia
Aceite,17.62,6,2026-03-28,Óscar Acevedo Guzmán,Zaragoza
Pan,14.23,4,2025-11-10,Azahar Colomer Giralt,León
Café,13.47,10,2026-01-20,Olga Torrecilla León,La Rioja
Café,0.73,8,2025-07-16,Reyes Águila Mesa,Badajoz
Aceite,2.34,5,2025-09-12,Jacinta Dalmau Ibañez,Zaragoza
Huevos,19.46,3,2026-04-08,Constanza del Peñas,Ourense
Leche,9.31,9,2026-03-01,Edelmira Canet Gámez,Salamanca
Café,11.99,4,2026-02-28,Andrés Anguita Piña,Cáceres
Café,11.01,1,2025-09-12,Severiano del Franco,Albacete
Huevos,5.79,8,2025-09-09,Mohamed de Oller,Cádiz
Pan,3.95,4,2026-03-28,Jerónimo Botella Samper,Santa Cruz de Tenerife
Café,7.41,10,2025-08-16,David Bernardo Pol Guerra,Segovia
Pan,16.83,2,2026-03-30,Miguela Tamarit Cámara,Málaga
Leche,5.61,6,2025-10-06,Soraya Sureda Carbajo,La Rioja
Pan,6.91,4,2025-08-29,Jerónimo Gonzalez Olivé,Vizcaya
Pan,15.0,8,2025-11-01,Florencia Torrent Espinosa,Badajoz
Pan,16.7,6,2026-03-31,Raquel Armas Benavides,Segovia
Azúcar,17.63,7,2025-05-30,Ale Caro,La Coruña
Pollo,6.74,8,2026-03-30,Anacleto Reig Arellano,Cáceres
Azúcar,16.73,3,2025-08-15,Rafaela Hernando Mur,Castellón
Café,17.38,9,2025-07-09,Sabina Barrera-Bernal,Alicante
Aceite,7.1,3,2025-11-02,Amarilis de Hernández,Melilla
Pan,5.57,8,2026-05-12,Fidela Baeza Bonilla,Cádiz
Café,9.55,6,2026-05-11,Brunilda Benavente Valverde,Ourense
Café,12.43,9,2025-12-12,Azeneth Cuenca,Huesca
Pan,11.27,2,2025-09-10,Claudia Gálvez Molins,Baleares
Carne,6.58,1,2025-12-16,Patricia del Bejarano,Zaragoza
Pollo,11.07,5,2026-05-22,Julián del Amaya,Santa Cruz de Tenerife
Huevos,19.73,6,2025-12-05,Paulina Bayona Roldán,Álava
Azúcar,11.71,8,2025-09-12,Carmelita González Samper,Ávila
Leche,10.84,6,2025-10-11,Chus Lucas Pastor,Cáceres
Leche,14.84,4,2026-05-16,Eligia Figuerola-Blázquez,Cáceres
Arroz,15.54,4,2025-06-09,Nicodemo Mayoral Casanovas,La Rioja
Aceite,2.75,8,2025-12-07,Bernardino de Salvà,Cantabria
Huevos,6.23,5,2026-04-26,Nydia Iglesias Bárcena,León
Azúcar,8.75,10,2026-03-02,Ildefonso Acuña-Alonso,Castellón
Queso,11.16,7,2025-07-11,Rodolfo Viana Herrero,Ciudad
Azúcar,18.02,1,2025-06-01,Ismael Toledo Jove,León
Huevos,8.71,5,2025-08-09,Elisabet López Sola,Ceuta
Arroz,17.38,7,2025-10-19,Aarón Mateos,Huelva
Leche,16.32,2,2026-01-24,Vidal de Vendrell,Granada
Café,8.63,9,2025-07-21,Silvio Toro-Ibañez,Soria
Café,11.21,7,2025-11-18,Amarilis Casanova Vargas,Cádiz
Azúcar,12.67,2,2026-01-10,Margarita Casado-Julián,Huelva
Café,13.62,4,2025-12-29,Rosalía Mayo-Cases,Murcia
Café,11.45,10,2025-08-12,Emiliana Barreda,Valencia
Carne,9.54,4,2025-06-30,Rosalía Lasa Águila,León
Queso,13.15,1,2026-04-12,Genoveva Cecilia Nogués Cañizares,Girona
Aceite,7.95,7,2026-02-04,Pedro Tejedor,Toledo
Leche,0.68,4,2025-07-28,Marc Uriarte-Juárez,Huelva
Carne,19.26,2,2025-07-30,Silvia Frías Clemente,León
Carne,1.46,6,2026-02-28,Curro Hoz Bertrán,Valladolid
Aceite,9.05,2,2026-04-25,Josefa Manuela Arregui Piñol,Tarragona
Pollo,0.87,3,2025-05-28,Lorenza Palacios Uría,La Rioja
Aceite,14.69,3,2026-01-22,Juan Carlos Cózar,Valencia
Carne,15.02,2,2025-09-02,Herberto Diéguez,Álava
Carne,5.85,10,2026-04-18,Jose Simó Campoy,Madrid
Carne,11.43,4,2025-12-25,Juan Francisco Tejero Ballesteros,Cantabria
Carne,11.72,7,2025-11-01,Bautista Manso,Lugo
Leche,15.82,10,2025-09-24,Maxi Rocha Expósito,Segovia
Pollo,19.28,6,2026-03-24,Itziar Lucas Bernad,Huelva
Azúcar,5.94,9,2025-08-14,Leticia Giralt Artigas,Lugo
Pan,11.14,10,2025-08-16,Basilio Rozas,Asturias
Queso,16.33,9,2026-05-13,Paulino Víctor Granados Villalobos,Málaga
Azúcar,19.96,7,2025-09-26,Ana Sofía Cobos,Albacete
Carne,16.04,1,2025-06-14,África Chaparro Salamanca,Valencia
Pollo,2.85,9,2026-02-24,Marisol Galvez,Badajoz
Queso,14.8,3,2026-01-26,Augusto Gallego Arribas,Melilla
Azúcar,17.06,4,2026-05-02,Visitación Villegas Cuesta,Sevilla
Azúcar,2.43,4,2025-07-29,Estela Carlos,Toledo
Pan,9.59,6,2025-10-13,Gervasio Bustos Morell,La Coruña
Huevos,14.45,5,2026-04-08,Alondra Jáuregui Solera,Ourense
Huevos,18.39,1,2026-04-11,Herberto Esparza Garay,Ávila
Azúcar,5.47,1,2025-07-26,Horacio Lucena Vara,Alicante
Leche,11.94,4,2026-05-01,Ignacia Uribe Osuna,Cáceres
Café,7.79,6,2025-09-06,Marcela Benitez-Benito,León
Huevos,8.08,5,2025-09-03,Xiomara Torrent,Málaga
Leche,9.31,8,2025-12-08,Santos Mariano Torrijos Guillén,Lugo
Aceite,19.42,7,2026-01-25,Bartolomé Renato Sanabria Company,Melilla
Pan,5.05,1,2025-10-28,Urbano del Vicente,Navarra
Leche,8.41,4,2025-06-24,Sol Valentina Pera Carballo,Soria
Carne,15.57,3,2025-11-24,Angelina de Cárdenas,Guipúzcoa
Café,4.49,4,2025-06-09,Ruth Alberto,Salamanca
Azúcar,4.34,5,2025-12-02,Miguela Adoración Torres Pérez,Guadalajara
Carne,19.04,6,2025-09-10,Juan José Vasco Zurita Berenguer,Vizcaya
Leche,18.45,4,2026-03-09,África Losada Laguna,Soria
Arroz,10.82,7,2025-06-24,Cipriano Alegria Alba,Ávila
Café,17.86,6,2025-05-29,Celestina Rodrigo Alonso,Madrid
Café,14.86,6,2025-08-08,Emelina Agullo Río,Murcia
Carne,17.72,3,2025-10-31,Ángeles Acosta Aguado,Jaén
Carne,1.39,9,2025-11-28,Plinio Escamilla-Sancho,Ciudad
Leche,3.67,2,2025-12-07,Calixta Alfaro Moles,Melilla
Arroz,3.62,5,2025-08-21,Pedro de Sala,Murcia
Pan,14.08,7,2025-09-11,Alfonso Morell,La Rioja
Carne,18.93,9,2025-08-29,Adela Riba Gisbert,Ourense
Queso,11.01,6,2026-03-01,Máximo Gallo Reig,Valencia
Huevos,7.98,3,2026-02-23,Paulino de Castejón,Málaga
Queso,2.88,8,2026-02-06,Delia Benitez Lluch,Guipúzcoa
Pollo,2.63,5,2026-02-06,Inocencio Heredia-Castejón,Huelva
Carne,16.3,10,2025-10-03,Jonatan Garcés,Lleida
Carne,10.84,5,2025-11-01,Saturnina Iñiguez Godoy,Cuenca
Pan,11.13,10,2026-02-23,Susanita Quesada,Ourense
Café,5.86,5,2025-06-14,José León Arellano,Toledo
Queso,5.55,1,2025-08-18,Cloe Sedano Galan,Sevilla
Azúcar,18.1,5,2025-12-04,Guiomar Ureña Cobos,Tarragona
Queso,5.88,2,2026-03-08,Rosario Galindo-Duran,Burgos
Azúcar,9.51,7,2026-04-02,Heraclio Azcona Guijarro,Navarra
Aceite,19.94,1,2026-04-01,Gisela Ramos-Vallés,Vizcaya
Leche,9.83,6,2025-11-03,Regina del Fuster,Alicante
Carne,16.6,10,2026-02-19,Nico Jove-Cuenca,Soria
Café,11.4,5,2026-01-26,Cecilio Amador-Gibert,Ávila
Pan,1.37,9,2025-12-19,María del Gelabert,León
Huevos,11.63,5,2025-10-02,Horacio Viña-Márquez,Sevilla
Azúcar,3.64,1,2025-07-13,Silvio de Bastida,Albacete
Café,18.53,2,2025-07-06,Humberto Raya Ariño,Badajoz
Leche,12.6,4,2026-02-04,Olegario Carballo Catalá,Asturias
Leche,8.84,2,2026-04-19,Tito Teruel,Santa Cruz de Tenerife
Pan,9.14,7,2025-06-29,Nicolás Abril,Cádiz
Queso,6.39,8,2025-12-15,Jaime Nicolás Tejero,Zaragoza
Carne,19.76,10,2025-06-06,Rodrigo Castrillo Guardia,Albacete
Carne,13.56,4,2026-04-06,Adoración Gallardo Gascón,León
Leche,2.43,5,2026-05-21,Isidro Batlle-Galván,Segovia
Pan,7.74,3,2026-01-10,Cleto Valero Uriarte,Albacete
Pan,14.45,1,2026-04-18,Loreto de Galán,Ciudad
Huevos,11.53,4,2026-05-25,Jacinta Ferreras,Cádiz
Huevos,16.87,2,2026-03-24,Bibiana Almansa,Madrid
Carne,14.61,8,2025-06-20,Natividad Atienza Lumbreras,Soria
Café,3.09,7,2025-10-31,Anacleto Juárez Hernandez,Ceuta
Arroz,19.84,2,2025-06-25,Apolinar de García,Vizcaya
Arroz,0.7,5,2026-05-25,Paula de Iborra,Huesca
Pan,10.68,8,2025-10-21,Che Polo Isern,Segovia
Pollo,2.47,2,2025-09-19,Amelia Pagès Batalla,Albacete
Pollo,1.17,9,2025-08-20,Armando Asensio Taboada,Madrid
Pollo,4.58,4,2025-12-20,Carmina Mariño Fiol,Cádiz
Carne,0.87,6,2025-07-25,Constanza Sáenz Acevedo,Álava
Arroz,13.34,8,2025-11-26,Nando Acuña Roselló,Cantabria
Aceite,10.01,2,2026-05-20,Sofía Asenjo Lozano,Jaén
Huevos,17.1,3,2026-03-07,Tere Palomares-Calatayud,Murcia
Pollo,15.1,4,2025-07-20,Lisandro Barón-Capdevila,Cuenca
Queso,9.56,10,2025-12-30,Aitor Elías Vall,Córdoba
Pollo,18.63,3,2025-12-23,Paulina Andrés Palomino,Zamora
Azúcar,2.14,4,2026-05-04,Chus Oller-Monreal,Segovia
Carne,9.32,5,2025-07-24,Camilo Peláez Salas,Baleares
Pollo,3.22,10,2025-12-22,Curro Fuertes Font,Ávila
Café,16.0,4,2026-01-27,Josefina Diez Sáez,Guipúzcoa
Queso,8.04,8,2025-12-11,Ramiro Gaya Manzanares,Ávila
Pollo,4.18,4,2026-05-11,Adriana de Morcillo,Teruel
Arroz,12.55,8,2026-01-15,Hernán Aitor Gómez Seguí,Cuenca
Pan,10.17,9,2025-09-19,Abel Macías Teruel,Valladolid
Azúcar,14.83,3,2026-03-29,Erasmo Marí Milla,Ourense
Aceite,1.58,1,2025-06-11,Antonia Arnaiz-Carreño,Madrid
Huevos,1.73,4,2026-02-12,Evita Costa-Nieto,Murcia
Carne,13.14,10,2026-01-22,Roldán Galvez Carrasco,León
Azúcar,1.8,8,2025-09-05,Segismundo Castilla Yuste,Córdoba
Aceite,0.99,8,2026-01-18,Ezequiel Joan Villanueva Robledo,Salamanca
Azúcar,7.0,10,2025-06-26,Lupe Bernardino Escalona Lumbreras,Teruel
Café,12.81,8,2026-01-17,Abigaíl del Iñiguez,Valladolid
Aceite,4.08,7,2026-05-21,Leocadia Bayón-Tena,Álava
Azúcar,17.06,9,2026-01-16,Filomena Rosa Fernandez,Cantabria
Café,4.84,8,2026-02-17,Ezequiel Colom Lara,Cádiz
Aceite,19.47,5,2025-07-12,Joaquín Pintor,Sevilla
Pan,13.27,9,2026-02-18,Mariana Arco Perales,Asturias
Leche,8.8,3,2025-11-28,Erasmo Prado Acero,Madrid
Café,18.55,2,2026-02-10,Tere Diego Clemente,Girona
Carne,18.42,2,2026-02-22,Etelvina Arnal Garmendia,Alicante
Carne,18.47,10,2025-12-10,Obdulia Duque Vall,La Rioja
Aceite,5.95,3,2026-05-16,Ernesto Blanes Collado,Segovia
Pan,4.86,3,2025-07-09,Ismael Amo Sanmartín,Pontevedra
Carne,18.09,10,2025-07-25,Nicanor Priego Barros,Valencia
Carne,19.42,5,2025-11-13,Mónica Andrés Ferreras,Vizcaya
Azúcar,1.95,2,2026-05-09,Jacinta de Peinado,Asturias
Queso,0.6,3,2025-11-06,Julieta Rozas-Bertrán,Burgos
Azúcar,14.69,9,2026-02-12,Tamara Bilbao Rovira,Córdoba
Café,1.51,1,2026-03-24,Marisol Real Llorens,Girona
Leche,17.94,4,2025-12-21,Ángela Bueno Acosta,Valencia
Azúcar,4.84,8,2025-10-09,Ana Sofía del Varela,Sevilla
Aceite,7.17,3,2025-11-11,Malena Maite Novoa Reguera,Zamora
Pollo,11.36,3,2025-09-08,Florina Morera Navarrete,Asturias
Café,14.1,7,2025-07-17,Arsenio Aitor Feijoo Campillo,Soria
Carne,0.7,1,2026-03-16,Wilfredo Hernández Llabrés,Castellón
Carne,3.18,3,2026-05-18,Olga Villena Bilbao,La Rioja
Huevos,3.66,7,2025-10-21,Melchor José María Atienza Ocaña,Valencia
Café,18.6,10,2025-10-22,Azahar Claudia Pedrosa Collado,Córdoba
Pan,11.2,9,2026-04-29,Manuel Canet Palma,Soria
Arroz,15.41,6,2026-03-24,Margarita Fernandez,Lugo
Café,5.16,5,2025-11-09,Lilia Zamora Malo,Zamora
Azúcar,10.99,9,2025-12-23,Trinidad Fernández Carrillo,Asturias
Huevos,18.23,8,2026-04-27,Felisa Ríos Amores,Zaragoza
Huevos,18.19,6,2025-10-03,Germán Santos Donoso,Girona
Café,4.62,9,2025-07-01,América de Juárez,Melilla
Leche,16.44,3,2025-10-19,Toni Lladó Zabaleta,Vizcaya
Azúcar,3.66,10,2026-01-22,Eusebio Ferrero-Aguado,Girona
Leche,17.57,8,2026-03-25,Máximo Larrañaga Rosado,Soria
Huevos,11.19,10,2025-12-14,Miguela Chamorro Morell,Barcelona
Leche,15.91,5,2026-03-04,Benito Campillo Batlle,La Coruña
Azúcar,7.54,9,2025-07-26,Chita Prat-Arnal,Murcia
Queso,19.22,4,2025-06-01,Concha Rico,Navarra
Arroz,8.28,3,2025-08-24,Guadalupe Montenegro Rueda,Lleida
Café,8.94,6,2025-09-23,Pablo Valentín Olivares,Badajoz
Queso,4.22,9,2025-07-16,Pascuala Ortiz Giralt,Lleida
Aceite,17.76,8,2025-08-04,Bonifacio Macías Revilla,Ceuta
Azúcar,4.25,9,2026-04-08,Fabio Martin Torres Cantón,Palencia
Leche,18.74,8,2025-09-19,Benigno Tejedor Córdoba,Santa Cruz de Tenerife
Leche,17.08,10,2026-01-10,Conrado del Galván,Zamora
Leche,18.7,5,2026-03-14,Florinda Delgado Prada,Huesca
Aceite,6.39,1,2026-04-10,Isa Palomar Mariño,Álava
Azúcar,12.78,4,2026-03-16,Íngrid Agudo Morales,Albacete
Arroz,17.63,3,2025-12-31,Ciriaco Pacheco Querol,La Coruña
Carne,5.28,1,2025-12-20,Alicia Alfonso Cabezas,Castellón
Café,2.86,2,2025-09-15,Montserrat Riquelme-Cervantes,Lleida
Huevos,2.62,2,2025-11-15,Francisco Jose Jose Ignacio Sans Oliva,Girona
Pollo,1.14,5,2026-03-18,Hermenegildo Ernesto Romero Zamora,Santa Cruz de Tenerife
Pollo,19.23,1,2026-02-02,Eutimio Llopis-Ferrández,Madrid
Queso,10.54,6,2026-05-20,Dora de Salinas,Castellón
Leche,7.19,1,2026-02-07,Ana Franco Román,León
Queso,13.26,10,2025-06-13,Espiridión Berenguer Arribas,Ourense
Leche,18.49,4,2025-09-14,Rosario Sebastián Rodríguez,Vizcaya
Pollo,3.08,8,2025-10-02,Flor Benito Pineda,Valencia
Café,18.15,4,2026-01-09,Úrsula del Moles,Baleares
Huevos,1.49,10,2025-07-27,Clementina Torres Arévalo,Santa Cruz de Tenerife
Huevos,8.01,8,2026-01-02,Odalys Bru Prats,Madrid
Leche,6.5,7,2026-02-06,Elvira Machado Jove,Cuenca
Pollo,2.07,8,2026-02-05,Dolores Antonia Andrés Llobet,Santa Cruz de Tenerife
Pan,19.38,10,2025-11-09,Jordana Caridad Cal Bustamante,Santa Cruz de Tenerife
Azúcar,8.71,9,2025-06-09,Anselma Domínguez Bonet,Guadalajara
Azúcar,15.07,3,2025-09-13,Loreto de Morales,Navarra
Carne,9.56,7,2026-02-10,Amancio Blázquez Valverde,Guadalajara
Café,6.86,1,2025-09-26,Nazaret Villa Barberá,Valladolid
Aceite,11.67,1,2026-03-16,Nacio Blanch Andreu,Zamora
Arroz,7.57,4,2025-10-09,Feliciano del Ríos,Asturias
Huevos,4.42,10,2026-05-19,Virginia Comas Carmona,Navarra
Carne,17.69,9,2026-04-14,Nazario Macías Peralta,Madrid
Leche,14.59,8,2025-09-25,Vito Roselló,Zamora
Azúcar,8.43,6,2025-08-03,Macario Larrea Granados,Almería
Queso,4.35,6,2025-05-29,Donato Soriano Madrid,Jaén
Aceite,3.58,7,2025-12-15,Leonor Mendez,Cáceres
Leche,12.84,1,2025-08-07,Loida Prado Carlos,Vizcaya
Queso,17.65,1,2025-09-25,Jenny de Becerra,La Coruña
Aceite,16.02,10,2026-04-22,Graciana Royo Herrera,Pontevedra
Leche,19.08,8,2025-06-17,Ambrosio Saez Castell,Albacete
Queso,10.97,2,2026-04-26,Gregorio Benítez Sala,Murcia
Leche,17.68,10,2025-12-01,Jose Francisco Gomis Beltrán,Córdoba
Pollo,7.1,6,2025-09-02,Ildefonso Colomer Taboada,Cáceres
Café,18.69,3,2025-10-07,Fernando Solsona Solé,Albacete
Azúcar,16.49,10,2025-06-18,Constanza Escribano Meléndez,Valencia
Arroz,12.63,4,2026-02-18,Ana Salgado Barranco,Zaragoza
Pan,1.74,4,2025-07-29,Candelas Campillo,Navarra
Huevos,10.08,4,2025-09-23,Lázaro Sarmiento Sobrino,Toledo
Queso,4.61,9,2025-08-13,Ceferino Saura-Chico,Ceuta
Leche,17.23,1,2026-01-20,María Luisa Cantón Villena,Las Palmas
Pan,8.21,10,2025-08-25,Fabricio Arana Sureda,Teruel
Arroz,3.65,2,2025-08-13,Silvia Canet Urrutia,Madrid
Pollo,16.34,9,2025-07-20,Conrado Pazos-Barriga,Lugo
Azúcar,14.04,6,2026-03-20,Aurelio Hierro Villalba,Jaén
Leche,4.88,4,2026-02-03,Federico Aguirre-Reina,Cádiz
Café,4.13,9,2025-06-06,Teobaldo Anaya Gaya,Burgos
Huevos,9.12,3,2026-01-10,Maximino Ferrando Ribera,Navarra
Carne,10.85,8,2026-04-14,Camila de Pozo,Asturias
Carne,16.26,9,2026-03-21,Mirta Echeverría Castillo,Palencia
Aceite,9.45,3,2025-08-26,Lorenzo Sebastián Batalla,Granada
Arroz,12.16,3,2025-06-07,Prudencio Máximo Osorio Valbuena,Ceuta
Café,12.62,3,2026-05-06,Wálter Falcó,Huesca
Azúcar,5.43,9,2026-01-13,Pancho Feliciano Arranz Molina,Valencia
Arroz,3.0,1,2026-01-04,Nazaret Abellán Losada,Tarragona
Azúcar,16.16,2,2025-11-27,Pili Almagro Viñas,Albacete
Pollo,4.74,7,2025-08-21,Olegario Cabrera Río,Toledo
Huevos,3.72,7,2026-02-03,Xavier Pujadas Pavón,Castellón
Aceite,1.73,2,2025-08-01,Felicidad Cañas Ribera,Albacete
Carne,17.95,8,2026-02-25,Juan Antonio Verdú Revilla,Albacete
Leche,18.36,2,2026-04-30,Estela Jover-Muro,Ceuta
Carne,4.65,3,2025-10-22,Demetrio Llorens Farré,Huesca
Huevos,3.0,4,2026-04-18,Jacobo Castillo Guillen,Lleida
Café,9.95,7,2026-01-16,Carmen Canales Pagès,Teruel
Pollo,3.11,3,2026-01-29,Eligio Pavón Vilaplana,Ourense
Pan,4.98,1,2026-02-03,René Priego Alcalde,Salamanca
Arroz,8.64,6,2025-07-05,Eutropio Vaquero Navas,Navarra
Café,6.57,9,2025-11-27,Xavier Ordóñez Correa,Santa Cruz de Tenerife
Leche,5.83,8,2026-03-14,Joaquín Armas,Pontevedra
Arroz,6.07,3,2025-12-19,Florencio Chamorro Canet,Toledo
Arroz,18.69,1,2025-09-02,Magdalena Pujol Cardona,Ciudad
Pollo,19.57,3,2026-03-16,Celestina Piña Batalla,Toledo
Queso,5.34,8,2026-03-21,Marcela Tur-Fuster,Salamanca
Queso,16.95,10,2025-08-13,Chita de Agustí,Castellón
Arroz,7.42,3,2025-10-18,Jose Ramón Prado Riera,Soria
Café,9.93,6,2026-02-05,Edelmiro Uribe Gaya,La Coruña
Leche,16.35,1,2026-03-15,Sarita Dionisia Perera Morcillo,Cantabria
Pan,1.22,9,2025-07-01,Carolina Rosado,Burgos
Carne,0.76,6,2025-12-02,Leopoldo Aguilar Soriano,Zamora
Aceite,2.31,10,2025-09-16,Salomé Sacristán Zapata,Tarragona
Pollo,14.0,9,2026-02-08,Artemio Infante-Cáceres,Castellón
Huevos,19.45,3,2026-03-17,Odalis de Carvajal,Tarragona
Café,7.56,10,2026-02-11,Adrián del Prieto,Álava
Pollo,19.66,7,2025-07-09,Kike Epifanio Cornejo Juan,Asturias
Huevos,8.36,6,2025-07-23,Pancho Aguilar Canales,Albacete
Azúcar,15.6,7,2025-12-24,Gilberto Parra Echeverría,Lugo
Azúcar,10.23,6,2026-04-16,Alex del Carrillo,Zamora
Queso,17.47,8,2026-04-19,Mateo Villa-Ramos,Soria
Azúcar,16.76,6,2026-04-25,Genoveva Cano Viana,Las Palmas
Queso,2.6,7,2025-11-11,Josefa Pili Andreu Villanueva,Salamanca
Café,7.52,2,2025-08-26,Vera Estefanía Lorenzo Busquets,Pontevedra
Pollo,9.13,8,2026-04-25,Perlita Bonet-Gibert,Cádiz
Arroz,10.35,6,2025-12-26,Custodia Casas Flor,Huelva
Azúcar,5.04,7,2025-06-22,José María Ripoll-Palmer,Lugo
Arroz,1.7,6,2026-04-28,Pepita del Saez,Málaga
Café,0.85,10,2026-02-16,Jordana Lluch Ferrándiz,Barcelona
Carne,14.12,6,2026-01-08,Marino Benet Flores,Burgos
Carne,18.72,5,2026-03-04,Renata Tejero Castejón,Ávila
Café,6.18,6,2026-05-08,Cruz de Tormo,Almería
Pan,11.29,3,2026-05-17,Venceslás Iñiguez-Pujol,Córdoba
Azúcar,9.56,10,2025-09-19,Primitiva de Salvà,Pontevedra
Carne,11.62,10,2025-09-22,Manola Gimenez Perera,Pontevedra
Carne,3.48,1,2026-04-14,Roque España Llano,Madrid
Pan,1.58,9,2025-08-15,Guadalupe Tolosa Mariscal,Cádiz
Leche,11.03,10,2026-04-30,Valerio Torrens Corominas,Badajoz
Aceite,8.32,3,2025-11-03,Ciríaco Cazorla Rebollo,Asturias
Café,6.22,9,2025-08-01,Eugenio de Guzman,Jaén
Huevos,0.77,4,2026-02-25,Esther Ordóñez Riera,Huelva
Arroz,14.7,2,2026-05-09,Toni Paulino Niño Cadenas,Cádiz
Queso,15.7,3,2025-08-14,Rubén Barroso Julián,Madrid
Carne,10.21,3,2025-12-18,Anastasia de Andreu,Albacete
Huevos,19.09,8,2026-04-22,Camilo Iborra,Cuenca
Queso,10.41,5,2025-12-16,Ainoa Navas Nogués,Córdoba
Leche,10.18,6,2026-01-23,Azucena Rozas Corbacho,Álava
Azúcar,9.69,5,2025-08-31,Paca Aliaga Huerta,Cáceres
Carne,3.27,2,2025-10-22,Natalia Morán Cordero,Almería
Leche,4.61,1,2026-01-06,Onofre Palmer Alemany,Huelva
Carne,9.75,2,2025-07-10,Arsenio Trujillo Bello,Sevilla
Pollo,1.23,2,2025-06-19,Fausto Gallardo Alarcón,Cádiz
Carne,2.14,7,2025-11-12,Cristóbal Sobrino,Cádiz
Carne,14.58,1,2026-03-20,Sonia Jimenez Almansa,Burgos
Carne,9.94,6,2025-11-22,Ruperta Rodríguez Tena,Pontevedra
Queso,12.02,5,2025-06-28,Alexandra Bayón Carranza,Cádiz
Pan,12.81,8,2026-05-02,Máximo Villalobos Sans,Huesca
Carne,5.04,1,2025-11-02,Jafet Font Leiva,La Rioja
Pollo,2.47,2,2026-05-25,Ani Aguiló Bernal,Badajoz
Café,11.54,9,2026-05-06,Luisa Castilla Solsona,Murcia
Huevos,15.32,2,2025-09-20,Vidal Fuster Diez,Soria
Arroz,13.57,9,2025-07-23,Rosario Vélez Azcona,Badajoz
Queso,19.39,4,2026-02-05,Joaquín Nacho Narváez Rincón,Jaén
Azúcar,6.02,6,2026-02-27,Marcela Bernad Somoza,Madrid
Carne,12.97,8,2025-12-27,Julieta Alfaro Vara,Teruel
Café,4.06,8,2025-10-25,Abraham Gascón Madrid,Sevilla
Leche,16.02,6,2025-11-27,Modesto Tejada,Barcelona
Café,0.59,1,2025-08-04,Joan Nogués Pol,Huesca
Café,16.87,8,2026-04-30,Plácido Antúnez Torrens,Vizcaya
Pollo,18.9,5,2026-02-09,Félix Riba-Robledo,Badajoz
Azúcar,15.84,10,2026-03-12,Prudencia Alcántara-Collado,Castellón
Huevos,1.13,2,2025-07-19,Antonio Murcia Guardiola,Pontevedra
Arroz,14.31,2,2026-03-05,Hugo Cózar-Ferrera,Lugo
Aceite,19.93,8,2026-02-17,Rosario Merino Mendez,Cáceres
Pan,5.37,3,2025-09-09,Maite Zapata Arévalo,La Rioja
Café,3.69,7,2026-03-12,Fermín Alegria-Milla,Málaga
Aceite,3.25,9,2025-06-06,Segismundo Norberto Quevedo Macías,Málaga
Aceite,6.36,2,2026-05-11,Delfina Pavón Tamarit,Alicante
Pan,18.15,2,2025-06-27,Renato García Bravo,Murcia
Café,0.74,2,2025-09-02,Ceferino Salinas Diaz,Alicante
Pan,19.38,2,2026-04-27,Espiridión de Batlle,Guipúzcoa
Huevos,9.23,4,2026-05-18,Maxi Andrés Pombo,Salamanca
Huevos,6.83,9,2025-08-23,Vilma de Pi,Vizcaya
Leche,15.14,9,2026-04-01,Gervasio Villar Arco,Valladolid
Arroz,11.44,2,2025-12-22,José Luis Exposito Pizarro,Vizcaya
Azúcar,9.49,6,2025-12-06,Silvio del Ugarte,Melilla
Huevos,2.97,4,2025-06-04,Guadalupe Casals Cantero,Asturias
Carne,11.57,2,2026-04-30,Hipólito de Camps,Almería
Pan,15.6,3,2026-01-05,Joaquina Iniesta Arteaga,Lleida
Azúcar,19.67,10,2026-02-04,Eladio Carbonell Guardiola,Lugo
Arroz,11.65,8,2025-11-22,Quique Amigó Barral,León
Huevos,15.06,5,2026-02-13,Samu Carnero Burgos,Sevilla
Arroz,7.52,8,2025-11-24,Modesto Montserrat,Burgos
Huevos,14.42,4,2026-04-21,Juliana Pozuelo-Galan,Jaén
Carne,8.49,8,2026-03-29,Ámbar de Morante,Ourense
Arroz,17.66,10,2026-04-10,Pastora Barberá Vilanova,Salamanca
Azúcar,15.44,8,2026-01-15,Rosalía Silva,Murcia
Carne,15.81,7,2025-06-28,Marcos Salinas Prat,Girona
Pollo,4.56,3,2026-05-01,Candelaria Barreda Jódar,Girona
Carne,19.71,10,2026-05-04,Haydée Bello Arévalo,Soria
Aceite,4.07,8,2025-09-28,Constanza Marquez,Zaragoza
Azúcar,8.87,6,2025-08-04,Eusebia Uriarte Ballesteros,Las Palmas
Azúcar,19.79,5,2025-08-16,Natanael Ibarra Acosta,Barcelona
Arroz,17.01,7,2026-05-04,Lina Ramírez Barrera,Albacete
Leche,15.17,7,2026-05-07,Heliodoro Angulo Avilés,Málaga
Carne,17.3,7,2026-01-04,Carlos Jordán Blanco,Cáceres
Pollo,2.81,2,2026-04-16,Emelina Rodríguez Fuentes,Cáceres
Carne,10.34,1,2025-10-17,Florentino del Arenas,Burgos
Azúcar,13.81,6,2025-06-01,Marco Fábregas Cisneros,Jaén
Pollo,7.74,1,2026-03-15,Manuela Pino,Murcia
Queso,6.14,6,2026-05-21,Anastasia Milla Carreño,Toledo
Leche,14.68,2,2025-12-23,Cecilia Tejera Terrón,Álava
Pollo,11.16,1,2026-05-04,Félix Gordillo-Anguita,Badajoz
Queso,12.09,5,2026-01-08,Manuelita Hierro Segura,Valladolid
Pan,18.54,8,2025-11-25,Amor Losada,Girona
Carne,1.55,7,2026-01-19,Martina de Lumbreras,Ciudad
Huevos,5.81,2,2025-10-14,Gabriela de Ortuño,Palencia
Café,14.77,8,2025-12-28,Fabiana Priego Martinez,Murcia
Queso,9.2,7,2026-04-04,Leonor Amigó,Santa Cruz de Tenerife
Leche,18.73,6,2025-09-20,Rómulo Requena,Ourense
Leche,10.72,5,2025-11-24,Eustaquio Molins Domínguez,Baleares
Leche,8.76,9,2025-07-28,Carmina Figueroa-Alcalá,Huelva
Pollo,3.8,2,2026-02-22,Germán Pedro Bermejo,Sevilla
Pan,9.95,9,2026-01-15,Lola Zabaleta Guzmán,La Coruña
Café,6.8,2,2026-04-22,Almudena Vergara Casares,Zamora
Café,18.17,5,2025-08-01,Tania del Velasco,Córdoba
Café,5.52,1,2026-01-17,Jesusa Jara Solsona,Ciudad
Leche,14.7,9,2026-02-23,Catalina Cózar Colomer,Sevilla
Pollo,5.6,10,2025-11-01,Chuy Segarra,La Coruña
Huevos,18.34,8,2025-10-06,Sonia Sebastián Almansa,Sevilla
Aceite,14.98,1,2026-01-23,Mohamed Tena,Toledo
Pollo,10.68,7,2025-10-14,Silvia Contreras Gutierrez,Ciudad
Huevos,10.04,10,2025-10-16,María Fernanda Sánchez Tejada,Las Palmas
Pollo,19.51,5,2026-05-16,Isa Uribe Puga,Santa Cruz de Tenerife
Huevos,17.54,6,2026-02-19,Eloy Heredia Quesada,Granada
Pollo,16.08,5,2026-01-02,Pepita Mosquera Rovira,La Rioja
Huevos,5.64,1,2025-07-28,Bernarda Moya Clavero,Huelva
Pollo,11.9,10,2026-03-29,Jose Carlos Sales Grau,La Coruña
Leche,3.67,4,2025-06-30,María Del Carmen del Contreras,Cuenca
Carne,12.5,4,2026-01-15,Prudencio Soria Sebastián,Valladolid
Café,18.08,9,2025-10-05,Gracia Caridad Sancho Arrieta,Madrid
Pan,18.98,10,2025-09-30,Faustino Fortuny Porcel,Madrid
Queso,10.53,1,2025-08-20,Paulina Sara Enríquez Izquierdo,Salamanca
Queso,6.45,3,2026-05-09,Estefanía Maricela Salamanca Sola,Córdoba
Café,18.8,5,2025-09-21,Valero Madrigal Asensio,Pontevedra
Huevos,4.02,8,2026-02-26,Sebastián Tomas Folch,Teruel
Café,15.09,6,2025-09-07,Hugo Morales Casado,Soria
Leche,16.65,4,2026-01-27,Isaura Mena-Menendez,Guipúzcoa
Azúcar,17.15,2,2025-07-11,Tania Amat-Campo,Pontevedra
Aceite,3.45,8,2025-10-18,Remigio Macias Bautista,Cantabria
Queso,18.42,1,2026-03-03,María Teresa Marí Boix,Almería
Azúcar,19.2,4,2026-02-27,Rosalinda Albero-Pizarro,Tarragona
Aceite,17.32,5,2025-07-25,Tere Moya Andres,Girona
Café,18.11,3,2025-07-21,Mirta Oliver Collado,Valencia
Huevos,17.78,9,2026-01-05,Federico Mata Sans,Zamora
Huevos,15.55,10,2026-04-21,Alejo Abel Tur Palacios,Baleares
Café,17.65,10,2026-04-11,Cristian Alfonso,Cantabria
Arroz,6.22,1,2026-02-11,Jacinta Hoyos,León
Pan,8.71,5,2025-07-27,Ainoa González Solé,Cuenca
Pollo,12.21,2,2026-01-03,Sofía Torre Duran,Ceuta
Pan,3.58,7,2026-03-31,Juan Naranjo Cifuentes,Lleida
Pan,1.27,4,2026-02-27,Fidela del Girón,Girona
Pollo,19.43,3,2026-05-26,Ismael Folch-Elías,Cádiz
Leche,16.77,6,2025-08-11,Camilo Ferrando-Vicente,Madrid
Carne,5.44,6,2025-12-27,Lupita Figueroa Exposito,La Rioja
Pan,11.84,4,2026-01-09,Eligio Mayo Sanchez,Toledo
Aceite,6.27,2,2025-11-19,Dan Toni Frutos Carrión,Zamora
Pollo,18.59,5,2025-07-12,Javier Alonso Medina,Lugo
Queso,5.78,8,2025-12-01,Lope Pozuelo-Canet,Badajoz
Café,13.01,4,2026-01-02,Gil Rodrigo Baena,Granada
Queso,13.54,9,2026-05-06,Concepción Nogués Checa,Baleares
Carne,3.49,8,2026-04-23,Luciano Castañeda Porta,Ciudad
Pan,13.56,7,2025-11-10,Candelario Arjona Solé,Soria
Arroz,14.5,1,2025-10-09,Luz Vilar-Guitart,Burgos
Carne,6.69,4,2026-05-08,Albert Maldonado-Tamayo,Badajoz
Carne,19.99,6,2025-10-08,Mirta Santiago,Lleida
Leche,14.22,3,2026-01-23,Rosa María Tirado Barral,La Rioja
Azúcar,9.7,1,2026-04-10,Jose Carlos Alcides Galiano Alcolea,Huesca
Azúcar,11.09,1,2026-05-21,Marisa Salvà-Mayol,Cáceres
Aceite,9.52,4,2026-03-01,Jordi Sánchez Luz,Álava
Pan,0.54,2,2026-01-28,Rufino Peñas Vera,León
Huevos,10.92,8,2026-04-23,Alma Taboada Fernández,Baleares
Arroz,16.94,2,2025-06-18,Adoración del Burgos,Ourense
Azúcar,18.66,2,2026-01-10,Cándida Hoyos,Badajoz
Pan,14.22,5,2025-10-15,Berto Marco Bello,Guipúzcoa
Aceite,13.02,8,2026-02-09,Modesto del Galiano,Zamora
Café,14.06,2,2026-02-04,Odalys Roselló Peñas,Tarragona
Huevos,6.03,2,2025-12-28,Domingo Aguilera Osuna,Las Palmas
Aceite,18.23,3,2025-12-11,Eli Cases Cazorla,Ourense
Leche,8.23,10,2026-02-23,Aníbal del Navas,Burgos
Azúcar,7.64,4,2025-06-20,Fabio Alcalde Isern,Murcia
Arroz,4.96,3,2025-11-14,Candelario Moll Antón,Valencia
Café,10.22,8,2025-08-27,Graciela Nilda Bastida Alcántara,Palencia
Queso,18.84,5,2025-06-07,Clara Villar Sobrino,Lugo
Aceite,2.07,2,2026-01-25,Octavia de Perelló,Ourense
Pan,5.22,6,2025-08-12,Zaira Benítez Miranda,Guipúzcoa
Pollo,6.77,6,2025-10-02,Vilma Fernández Arribas,Valencia
Azúcar,4.47,8,2025-12-21,Ofelia Aitana Ferrer Galván,León
Aceite,10.97,7,2025-09-04,Amando Querol Pascual,Burgos
Aceite,8.27,6,2026-04-14,Flor Gisbert Romeu,Cuenca
Pan,12.93,8,2025-07-20,Maximiano Caballero Carreras,Guipúzcoa
Pollo,12.33,1,2026-03-21,Paco Cadenas Sola,Málaga
Aceite,13.67,6,2026-04-28,Íñigo Gutierrez,Córdoba
Café,16.24,7,2025-11-28,Pepe Abraham Guerra Pardo,Málaga
Pan,2.31,4,2025-08-29,Vidal Cuenca Roma,Santa Cruz de Tenerife
Queso,19.52,10,2025-08-20,Amando de Ramón,Soria
Aceite,10.82,9,2025-07-21,Trini Tudela Bayo,Córdoba
Aceite,10.35,2,2026-01-09,Luis Miguel Gascón Mármol,Ourense
Queso,16.65,8,2025-06-24,Edu Somoza Donaire,Málaga
Queso,19.2,5,2026-04-13,Paula Hernando Rios,Córdoba
Leche,3.41,9,2026-03-18,Gisela Cervera Malo,Albacete
Queso,7.68,3,2026-01-23,Mariana Múgica,Zaragoza
Arroz,9.43,4,2025-06-08,Olga Morell Buendía,Madrid
Leche,1.66,1,2025-10-12,Dorita Durán-Olivares,Ciudad
Arroz,17.39,8,2025-06-19,Nélida Lluch Correa,Huesca
Huevos,6.37,8,2025-08-27,Modesta Zamora Nicolau,Huesca
Pan,19.28,10,2025-12-07,Águeda Buendía Gil,Las Palmas
Pan,18.54,7,2026-02-01,Demetrio Sáenz Morell,Soria
Arroz,2.16,4,2025-12-17,Victor Manuel Cabo Costa,Madrid
Queso,14.6,9,2025-08-07,Bernardino Alarcón Bermudez,Huelva
Arroz,18.62,10,2025-12-13,Gabino Lerma Segarra,Melilla
Aceite,14.29,1,2025-11-29,Crescencia Arcos Escalona,Zaragoza
Pollo,16.08,3,2025-06-04,Pepito Adadia Cobos,Ceuta
Café,15.83,3,2025-05-29,Azeneth Miranda,Huesca
Huevos,11.31,5,2025-12-24,Corona Gómez Coloma,Girona
Queso,6.04,2,2026-02-20,Amílcar Téllez,Barcelona
Carne,8.88,3,2025-07-25,Cándida Correa Jerez,Jaén
Pan,3.61,8,2025-09-27,Bernabé del Segarra,Navarra
Pan,10.2,2,2025-08-08,Nacho Fiol Romero,Albacete
Huevos,6.71,8,2025-11-12,Juan Antonio de Antúnez,Zaragoza
Aceite,8.32,7,2025-08-11,Jordana Ortiz-Morata,Huelva
Aceite,13.96,3,2026-03-21,Nydia Arnal Prieto,Las Palmas
Azúcar,10.91,7,2026-03-21,Lourdes de Codina,Guipúzcoa
Café,9.19,4,2025-07-03,Máxima Sotelo Toro,Lugo
Aceite,6.46,1,2025-11-08,Hilda del Cámara,Segovia
Huevos,12.32,9,2025-09-07,Feliciana Garrido Méndez,Alicante
Pollo,4.23,2,2026-03-30,Alex Bárcena-Domingo,Guipúzcoa
Leche,3.81,1,2025-07-02,Dominga Nuñez Borrás,Málaga
Leche,2.04,3,2026-05-07,Gastón Benavente Bayona,Alicante
Pan,1.24,1,2025-07-30,Sarita de Raya,Cantabria
Arroz,9.91,4,2025-06-28,Nuria Carreño Royo,Córdoba
Aceite,18.51,1,2026-02-03,Jesús Cal Arana,Navarra
Huevos,11.78,7,2025-08-25,Anacleto Peñas Pellicer,Albacete
Azúcar,8.96,7,2025-12-31,Josefina Melero,León
Pollo,10.71,8,2026-01-11,Serafina Puga-Ortiz,Valencia
Huevos,19.96,3,2025-11-13,Macaria Muñoz Cid,Alicante
Huevos,11.93,2,2025-12-23,Alonso Piquer Briones,Granada
Leche,18.24,8,2025-11-27,América Roura Aznar,León
Pan,8.39,4,2025-11-22,Eliseo Iriarte Arnau,Melilla
Aceite,2.95,10,2025-08-14,Fátima Bustos Mateu,Barcelona
Pollo,13.73,1,2026-02-24,Eusebio Torrents Peñas,Ciudad
Arroz,5.25,6,2025-10-29,Bernardino Alcalá Casanova,La Coruña
Azúcar,11.51,3,2025-09-03,Luis Ángel Capdevila Jordán,Alicante
Arroz,3.99,9,2025-06-01,Susanita Barba Cazorla,Madrid
Pollo,14.81,3,2026-03-02,Quirino Narciso Cortes Pla,Murcia
Leche,19.47,9,2025-11-26,Eric Sandalio Rosales Adán,Zaragoza
Arroz,18.49,8,2026-03-16,Augusto Mendez Segovia,León
Pan,12.32,7,2026-04-08,Cebrián Zabala Cobos,León
Pan,6.76,3,2026-03-26,Fito Peñalver-Murcia,Cuenca
Carne,5.91,2,2026-05-04,Felicia Nebot Pedrero,Toledo
Azúcar,13.01,9,2025-10-24,Fabiana Portillo Cortés,Zaragoza
Arroz,4.34,1,2025-12-25,Remedios Rivero Cifuentes,Zaragoza
Queso,4.34,2,2025-06-25,Tomasa Tudela Valderrama,Zaragoza
Pan,19.66,2,2025-05-29,Alfonso Íñigo Mateos Mariscal,Asturias
Leche,6.61,9,2026-02-07,Paulino Zacarías Guardia Segura,Girona
Leche,11.47,3,2025-12-22,Fidela del Vendrell,Badajoz
Pollo,5.73,10,2026-04-04,Graciana Bienvenida Arnaiz Armas,Ávila
Arroz,7.48,2,2025-11-04,Curro Marquez Vara,Girona
Aceite,1.79,1,2025-11-01,Dorotea de Blazquez,Zaragoza
Leche,13.05,7,2025-12-07,Elvira Cervantes-Lobo,Zaragoza
Carne,6.53,8,2026-03-04,Dimas Victorino Bosch Mena,Almería
Huevos,18.43,2,2025-05-31,Otilia Crespi Reguera,Badajoz
Queso,19.29,1,2026-04-10,Narcisa Segovia,Santa Cruz de Tenerife
Arroz,8.91,6,2026-03-22,Agustina Aller Barros,Sevilla
Azúcar,2.23,6,2025-08-09,Violeta Gámez-Oller,Zamora
Queso,17.15,6,2025-07-17,Elías Redondo,Zaragoza
Café,11.23,3,2025-09-23,María Santamaría Miró,Badajoz
Queso,1.7,4,2026-04-28,Sebastian Céspedes Perera,Cuenca
Pan,3.7,8,2025-07-10,Ezequiel Baquero Larrea,Murcia
Huevos,1.22,10,2025-11-01,José Serra Llanos,Guipúzcoa
Pollo,17.88,7,2025-11-25,Juan Carlos Florentino Coll Pavón,Castellón
Café,15.05,4,2026-05-11,Sandra Escobar Valero,Sevilla
Carne,11.35,10,2025-11-28,Maxi Abad Pulido,La Rioja
Pan,0.73,1,2026-03-24,Encarnacion Julieta Nevado Espejo,Cáceres
Queso,15.3,8,2026-03-05,Tecla Elías-Lluch,Castellón
Huevos,9.42,10,2025-08-12,Charo Borrell Román,Segovia
Carne,0.54,6,2026-03-31,Genoveva Frías,Castellón
Carne,11.14,2,2025-12-12,Pío Demetrio Alegria Rivero,Guipúzcoa
Pan,1.42,10,2026-02-09,Chuy Arranz-Parejo,Zamora
Aceite,15.86,2,2025-06-24,Montserrat Landa,Córdoba
Aceite,1.23,7,2025-06-16,Plinio Iglesias Carrera,León
Aceite,3.66,9,2026-03-08,Vicente Prado-Perales,Ourense
Huevos,9.71,4,2026-04-05,Irene Miguel Estevez,Pontevedra
Café,1.37,3,2025-12-19,Luís del Gallego,Melilla
Azúcar,12.52,6,2026-02-25,Josep Carrera,Navarra
Café,11.26,10,2025-09-01,Eleuterio Escobar,Tarragona
Arroz,9.86,4,2025-07-15,Cebrián Arco Gaya,Teruel
Pollo,18.36,3,2025-11-15,Álvaro Leon-Baró,Castellón
Azúcar,7.77,8,2026-04-19,Petrona Peláez Córdoba,Burgos
Huevos,4.6,1,2026-03-30,Cintia Zorrilla Prieto,Toledo
Huevos,8.01,10,2025-06-23,Nicanor Barba Coll,Ciudad
Leche,15.31,1,2025-10-09,Aitor Corbacho Méndez,Palencia
Queso,19.92,8,2025-09-28,Amado Pozuelo-Perez,Cáceres
Queso,5.77,3,2025-07-27,Amor Casals Jiménez,Teruel
Aceite,8.96,3,2026-02-05,Calisto Gabino Belmonte Mendez,Córdoba
Azúcar,3.4,2,2025-06-29,Victoria Díaz Zurita,Granada
Huevos,4.72,6,2026-05-19,Martina Yuste Alemán,Girona
Azúcar,16.01,6,2026-05-09,Ricardo Diéguez Catalá,Salamanca
Pan,19.71,7,2026-03-26,Agustina Llorente Rueda,Zaragoza
Aceite,17.41,9,2025-07-29,Osvaldo Egea Moll,Ceuta
Pollo,12.62,9,2026-03-26,Martín Solsona,Ávila
Pan,10.8,9,2025-08-19,Melisa Rubio Talavera,Valladolid
Huevos,8.72,5,2025-05-31,Montserrat Tolosa,Huelva
Azúcar,3.46,1,2025-05-31,Leandra Selena Cañas Ferrer,Guipúzcoa
Arroz,4.16,2,2025-12-12,Germán Figueras,Navarra
Carne,3.02,1,2026-04-07,Eduardo Jorge Aguado Alberto,Granada
Queso,10.17,6,2026-03-13,Macario del Sáenz,Valladolid
Arroz,6.66,1,2025-08-25,Ana Belén Aragonés-Piña,Ávila
Pan,19.89,6,2025-10-17,Balduino Mora Escalona,Ciudad
Leche,18.39,9,2025-10-17,María Dolores Edelmira Hervia Ibarra,Huesca
Aceite,11.87,8,2025-07-11,María Dolores Quevedo Tejada,Albacete
Café,15.23,10,2026-04-09,Prudencio Bueno Cerro,Baleares
Huevos,3.97,5,2025-07-09,Tiburcio Tamarit Nevado,Segovia
Carne,9.74,10,2026-01-29,Gilberto Caro-Arribas,Sevilla
Azúcar,6.51,2,2026-03-15,Sandalio de Méndez,Málaga
Queso,12.96,3,2026-03-22,Edelmiro Llobet Ramis,Cádiz
Aceite,8.56,7,2026-04-25,Duilio Niño-Bastida,Soria
Pan,16.39,8,2026-04-27,Piedad Reyes Cózar,Cantabria
Aceite,17.27,7,2025-08-31,Agapito Lope Alegria Nicolás,Huelva
Huevos,9.31,8,2026-02-16,Andrés Felipe Campo Elorza,Zaragoza
Huevos,19.49,10,2026-01-19,Ramiro Gil Bayona Hoz,Ciudad
Aceite,13.4,8,2026-01-05,Juan Pablo Viñas Losada,Melilla
Pan,11.8,2,2025-08-21,Caridad Salamanca Gomila,Jaén
Carne,6.37,3,2026-02-05,Zacarías Bertrán Bermejo,Segovia
Queso,8.93,10,2026-04-25,Reynaldo de Zabala,León
Pan,1.57,1,2025-11-23,Cleto de Acevedo,Santa Cruz de Tenerife
Pollo,2.04,5,2025-10-30,Josué Oliveras Rueda,León
Pollo,6.36,2,2026-02-19,Montserrat Paloma Mancebo Torre,Cádiz
Carne,2.77,5,2026-01-09,Baudelio Marti Villalba,Albacete
Café,18.47,8,2026-02-17,Íñigo Verdugo-Nieto,Ciudad
Huevos,16.26,5,2025-10-01,Vidal Yuste Borja,Navarra
Aceite,14.97,9,2025-06-16,Samu Calderon Méndez,La Coruña
Café,5.18,4,2026-05-25,Bárbara Fábregas Almansa,Zaragoza
Queso,14.49,3,2025-12-11,Gregorio Agustí Ávila,Santa Cruz de Tenerife
Huevos,15.35,9,2025-12-04,Gervasio Carballo Plana,Guadalajara
Azúcar,8.09,9,2025-11-13,Ovidio Alejandro Acedo Carbajo,Soria
Aceite,12.36,10,2025-10-20,Carmelo Robles Vendrell,Sevilla
Arroz,10.69,7,2025-06-27,Silvio Cerdá Andreu,Almería
Café,8.28,4,2026-01-20,Gabriela Lola Bonet Clemente,León
Carne,17.35,5,2026-02-08,Patricio del Franch,Salamanca
Leche,1.01,4,2026-02-23,Juan Cerezo Peral,Cuenca
Pan,6.87,7,2025-07-11,Mohamed Abad Riera,Madrid
Aceite,8.01,6,2025-11-27,Feliciano Ulises Báez Miralles,Toledo
Arroz,5.37,10,2025-07-23,Raquel Arnal Jaén,La Coruña
Azúcar,6.25,5,2025-12-21,Lucía Garrido,Alicante
Pan,3.01,2,2026-05-07,Micaela Morena Torre Gomez,Girona
Pan,17.64,7,2026-05-01,Dimas Peláez Blasco,Navarra
Queso,15.26,2,2025-12-06,Carmelo Elías-Santos,Zamora
Pan,16.34,7,2025-05-27,Jenny Ureña Santamaría,Santa Cruz de Tenerife
Pollo,1.28,2,2025-09-26,Jacobo Sacristán Mancebo,Castellón
Aceite,16.71,4,2026-03-19,Gerardo Bello Oller,Santa Cruz de Tenerife
Café,7.6,1,2025-09-07,León de Miralles,Ceuta
Carne,17.48,6,2025-12-13,Godofredo Alemán-Sebastián,Palencia
Azúcar,1.53,5,2025-06-25,Cloe Esteve Lorenzo,Tarragona
Queso,5.46,10,2025-06-22,Dafne Valenzuela Manzanares,Segovia
Pan,10.8,10,2025-12-10,Amada Pont Céspedes,Pontevedra
Aceite,19.24,8,2026-01-08,Virginia Talavera-Benavent,Salamanca
Café,8.15,5,2025-08-13,Borja Pascual Soler,León
Queso,7.27,3,2026-05-18,Fulgencio Gallart Esteban,Sevilla
Queso,3.06,10,2026-01-04,Brunilda Serra,Melilla
Carne,19.92,5,2026-01-05,Soledad Nevado,Valencia
Leche,9.61,7,2026-03-15,Tere Abril,Almería
Leche,13.83,4,2025-09-27,Elba Barón,Cáceres
Queso,6.92,5,2025-10-07,Ricardo Sebastián-Gracia,Ávila
Pan,17.13,3,2025-09-09,Loreto Montalbán,Pontevedra
Huevos,9.84,1,2025-09-12,Nazaret Amorós Aguilar,Ceuta
Azúcar,7.51,9,2025-06-17,Miguel Jimenez Bas,Baleares
Huevos,16.32,6,2025-09-28,Toribio Aguiló Llabrés,Salamanca
Leche,2.7,2,2026-03-27,Edelmiro Baquero Lillo,Huesca
Aceite,16.58,1,2025-07-27,Isaías Sola Cantero,Jaén
Huevos,11.82,3,2025-12-29,Lidia del Gargallo,Santa Cruz de Tenerife
Huevos,7.91,9,2025-11-16,Ramón Nacio Jimenez Ricart,Ávila
Café,6.16,5,2026-03-06,Sabas Salvà Miralles,Huelva
Aceite,19.24,3,2025-11-24,Fabricio del Benet,Castellón
Pollo,18.45,4,2025-11-19,Melania María José Mata Ruiz,Jaén
Café,14.21,7,2026-03-09,Leocadia Martin Soria,Granada
Leche,5.85,6,2025-07-02,Marcos Galvez Montes,Asturias
Aceite,11.8,2,2026-04-08,Olegario Adolfo Oliveras Huguet,Valladolid
Café,3.16,3,2026-04-23,Hernán Coello Marin,Girona
Arroz,11.22,6,2026-01-30,Iván Pérez Alberdi,Navarra
Carne,12.99,5,2025-10-10,Jose Antonio Reina,Málaga
Pollo,10.02,6,2026-03-03,Nereida Miriam Sureda Pons,Segovia
Azúcar,2.63,8,2026-02-03,Noé Vega Reguera,Álava
Queso,11.66,9,2026-02-07,Porfirio Terrón Solsona,Guipúzcoa
Huevos,16.33,3,2026-02-11,Juan Carlos Moliner Acero,Zamora
Huevos,8.55,9,2025-09-29,Jose Luis Dimas Zabaleta Palomar,Málaga
Leche,9.63,1,2025-09-23,Isabel Torrijos Amigó,Castellón
Aceite,4.77,4,2026-01-02,Agustina Toledo Cazorla,Badajoz
Azúcar,1.15,9,2025-06-27,Rosendo Bernal Cáceres,Castellón
Queso,5.6,3,2025-08-24,Obdulia Cabeza-Gilabert,Cuenca
Pollo,17.37,6,2025-07-27,Concha Ayllón,Teruel
Pollo,18.02,1,2026-04-15,Catalina Cabezas Valls,Albacete
Café,3.02,2,2026-01-17,Purificación Vicenta Leiva Lorenzo,Sevilla
Pan,1.49,5,2026-01-20,Alondra Gisbert-Galván,Melilla
Carne,13.22,6,2026-03-23,Jordana Otilia Trujillo Vega,La Rioja
Arroz,19.04,7,2025-12-03,Porfirio Rubio Múgica,Granada
Café,14.85,4,2026-03-29,Melisa de Prats,Segovia
Carne,3.95,1,2025-07-01,Ruperto Jafet Ros Chaves,Cantabria
Queso,19.95,9,2026-01-23,Rolando Urrutia Monreal,Soria
Huevos,16.33,3,2025-06-30,Leonor Villalobos Tejera,Salamanca
Pan,15.54,1,2025-08-11,Ileana Mendoza Rivas,Badajoz
Azúcar,7.34,1,2026-04-02,Isidoro del Esteban,Huesca
Azúcar,5.43,2,2026-05-13,Jacinta Carbó Valverde,Pontevedra
Pollo,12.97,7,2026-01-07,Maximiano Yago Gibert Canals,Cáceres
Pollo,16.9,2,2025-12-06,Jacinto Roman Barrios,Toledo
Pan,3.98,8,2026-01-16,Jessica Melero Ureña,Burgos
Azúcar,12.35,3,2026-04-23,Santos Plana-Montes,Murcia
Leche,8.07,1,2025-06-10,María Luisa Vives Poza,Almería
Pan,14.75,10,2025-05-30,Olegario Casals Mendizábal,Teruel
Leche,6.29,3,2026-02-28,Encarnación Diéguez Crespi,Girona
Leche,17.31,6,2025-07-19,Marcelino Jordá Valverde,Guipúzcoa
Café,5.49,2,2026-02-27,Claudia Castrillo Agustín,Cádiz
Pollo,15.24,3,2026-04-08,Elisabet Gimeno Benitez,Lleida
Huevos,9.51,7,2025-06-29,Chuy Segarra-Gallego,Girona
Arroz,10.98,7,2026-01-16,Marc del Clemente,Jaén
Arroz,8.75,4,2025-09-10,Amílcar Segura Castells,Pontevedra
Aceite,6.67,2,2026-05-24,Jafet Casemiro Cortés Andrés,Alicante
Arroz,3.17,9,2025-09-15,Abril Sevilla Cazorla,Lleida
Café,16.57,6,2025-09-04,Bernardino Jáuregui-Pedrosa,Castellón
Carne,13.26,9,2026-03-01,Clemente Fernández Trujillo,Cantabria
Carne,7.2,2,2025-09-27,Hector Figuerola Melero,Palencia
Huevos,18.09,1,2025-09-01,Teodoro Ruiz-Bastida,Albacete
Pollo,8.46,6,2025-07-05,Abel Cordero Toro,Pontevedra
Leche,14.18,10,2025-07-19,Eloy de Cruz,Huelva
Carne,11.99,4,2025-11-08,Erasmo Alberdi,Vizcaya
Pollo,10.35,3,2025-08-13,Fabiola Seguí Pujadas,Cáceres
Leche,8.0,3,2025-05-30,Inocencio Roig Sanmiguel,Navarra
Azúcar,8.95,4,2025-10-05,Melisa Bautista Salom,Jaén
Café,8.75,8,2026-04-12,Aristides Bernardino Segura Durán,Cádiz
Carne,7.46,7,2025-09-03,Haroldo del Mármol,Ceuta
Aceite,19.37,5,2025-12-16,Silvia Piña-Lasa,Toledo
Leche,2.22,4,2026-04-29,Blanca Arnau Barreda,Álava
Pan,6.43,5,2025-10-22,Martín Manuel Estevez,Baleares
Pollo,1.93,5,2025-06-04,Abigaíl Bertrán Diéguez,Soria
Queso,4.21,9,2025-10-15,Nieves María Jesús Sales Carranza,La Coruña
Arroz,13.55,5,2025-12-06,Concepción de Peiró,Girona
Arroz,9.87,3,2025-12-27,Leandro Galan-Pina,Madrid
Leche,15.9,6,2026-02-01,Amado Tamayo Paz,Murcia
Azúcar,1.3,7,2025-10-08,Morena Huerta Barceló,Zamora
Carne,5.23,1,2026-01-05,Merche Fabregat Figueroa,Guipúzcoa
Huevos,1.0,7,2025-07-30,Alcides Cuenca-Morell,Zaragoza
Leche,4.05,6,2025-09-28,Íñigo Wálter Amador Leal,Segovia
Azúcar,16.29,2,2025-09-17,Itziar Coll-Aragonés,Palencia
Huevos,9.73,2,2025-06-25,Efraín Julián Ayala Montesinos,Las Palmas
Queso,7.32,4,2025-10-17,Paula Aragón Girona,Cuenca
Pan,9.25,5,2025-12-29,Aarón Briones Espada,Melilla
Queso,7.02,3,2025-06-17,Diana Ordóñez Polo,Sevilla
Pan,11.68,8,2025-06-19,Diana Vélez Valenzuela,Valladolid
Aceite,7.09,5,2025-08-14,Armando Salgado Mora,Badajoz
Café,0.58,4,2026-04-04,Clementina Jordán Pujol,Sevilla
Arroz,1.34,2,2025-10-01,Juan del Baños,Cádiz
Leche,2.47,3,2025-10-01,Cruz Taboada Mateo,Valencia
Leche,9.4,4,2026-03-03,Noelia Tello,Valencia
Queso,17.23,3,2025-09-28,Mar del Haro,Badajoz
Pan,1.95,1,2025-07-06,Catalina Ema Roma Palau,Baleares
Pollo,11.77,4,2025-10-22,Nicolasa Ortuño-Osuna,Cuenca
Aceite,5.19,3,2026-01-11,Marisol Consuelo Querol Girón,Pontevedra
Carne,6.61,3,2025-09-30,Malena Suarez Méndez,Melilla
Azúcar,8.34,8,2026-01-25,Patricia Vives Morcillo,Córdoba
Huevos,4.95,6,2026-01-14,Hermenegildo Pedrero Terrón,Granada
Pan,18.15,5,2025-08-19,Carla Cadenas Roldan,Jaén
Aceite,14.76,7,2025-10-11,Matías Armengol Manrique,Burgos
Pan,7.06,8,2025-10-27,Anastasia Juan Pont,Burgos
Carne,4.93,1,2026-03-19,María Carmen de Frutos,Girona
Leche,18.03,4,2025-06-30,Efraín Guitart Jurado,Teruel
Leche,1.45,8,2025-10-03,Amelia Duarte Olivera,Guadalajara
Aceite,4.15,7,2026-01-21,Aránzazu Cornejo Gascón,Santa Cruz de Tenerife
Azúcar,2.16,4,2026-03-18,Remedios Cuevas Crespi,Cádiz
Pollo,11.94,7,2026-02-24,Leonardo Corbacho Angulo,Barcelona
Queso,6.31,3,2025-10-29,Delia Rovira Lillo,Segovia
Huevos,18.06,8,2025-08-10,Marcos Puente Andrés,Barcelona
Arroz,11.52,2,2025-10-29,Rosaura Cerezo Escribano,Almería
Huevos,0.92,2,2025-08-25,Amílcar Iniesta Águila,Burgos
Pan,11.45,1,2025-08-24,Emiliana Llano Lerma,Pontevedra
Pan,14.38,6,2026-03-05,Samu Paz Marqués,Girona
Arroz,8.7,7,2026-04-09,Lola Santamaría Hurtado,Vizcaya
Arroz,0.73,8,2026-01-25,Hernán Marín Canet,Melilla
Leche,1.44,10,2026-03-17,René Gras Cárdenas,Melilla
Pollo,12.53,10,2025-08-17,Raquel Bienvenida Monreal Cabezas,Zaragoza
Azúcar,2.78,1,2025-05-28,Calixta Carina Ferrández Diego,Tarragona
Leche,3.7,8,2025-12-04,Rebeca Llabrés Larrañaga,Alicante
Aceite,2.05,8,2025-07-24,Máximo Acosta Sosa,Ourense
Aceite,2.32,5,2026-01-12,Carlito Águila Terrón,León
Huevos,19.17,10,2025-09-04,Reyna Malo,Córdoba
Azúcar,11.16,3,2026-02-25,Vidal del Alcázar,Valencia
Huevos,18.18,8,2026-02-14,Eligio Coronado-Porcel,Ávila
Huevos,3.89,2,2025-09-11,Edu Huertas-Tena,Lleida
Pollo,15.57,5,2025-12-05,Jennifer Medina Acevedo,Lugo
Arroz,17.81,2,2026-02-05,Luz de Aznar,Badajoz
Pollo,3.78,2,2026-04-13,Abel Alfonso Tena,León
Huevos,8.15,1,2026-03-12,Germán Guardiola Mendizábal,Sevilla
Pollo,13.94,4,2025-08-26,Manolo Pareja,Valladolid
Aceite,9.67,5,2025-11-09,Eleuterio Lluch Bejarano,Segovia
Arroz,6.1,7,2026-02-04,Chuy Alcalde Roldan,Baleares
Huevos,10.28,4,2026-05-14,Gala de Carretero,Ourense
Pan,3.54,9,2026-05-16,Nidia Vidal Mir,Almería
Aceite,10.44,3,2025-12-24,León Jáuregui Esteve,Granada
Huevos,3.04,4,2025-09-09,Ernesto Manjón Recio,Pontevedra
Leche,12.9,10,2025-07-13,José Pascual Hernando,Toledo
Queso,10.63,10,2025-09-10,Raquel Donaire Lloret,Málaga
Huevos,3.7,2,2025-09-19,Rosendo León Tena Colom,La Rioja
Café,5.21,8,2026-03-19,Celestino Villanueva Soria,León
Azúcar,17.38,5,2025-09-25,Emma Amaya Rubio,Soria
Aceite,3.06,6,2026-02-28,Bernardo del Barroso,Las Palmas
Pollo,0.94,1,2025-08-18,Rita de Andrés,Burgos
Carne,13.28,4,2025-06-27,Donato Amaya Colomer,Granada
Huevos,19.07,2,2025-12-09,Ámbar del Ferrándiz,Madrid
Leche,9.34,3,2025-12-30,Herminia Flora Calderón Yuste,Baleares
Pollo,12.35,1,2025-10-17,Rosalina Redondo-Miralles,Vizcaya
Aceite,7.65,3,2025-11-12,Leopoldo Bartolomé Montero,Castellón
Arroz,16.89,6,2025-12-28,Carolina Feijoo Zamorano,La Rioja
Pan,18.83,1,2025-09-11,Cecilio Morillo Alemany,Pontevedra
Huevos,19.69,4,2025-10-08,Reynaldo Sobrino Planas,Segovia
Aceite,14.79,10,2025-08-25,Pepita Gomez Nicolás,Guadalajara
Arroz,7.0,10,2026-01-03,Febe Carbonell Ruiz,Guadalajara
Carne,1.29,2,2025-12-12,Dora Avilés Calleja,León
Arroz,5.56,9,2025-11-01,Isidro Andrade Barbero,Granada
Pollo,0.69,3,2026-01-08,Javiera Leiva-Bustamante,Huesca
Huevos,18.25,9,2025-11-10,Maristela Lamas Marti,Zaragoza
Pan,10.22,3,2026-02-19,Onofre Victoriano Pastor Pons,Segovia
Leche,17.85,3,2025-09-13,Herminia Belmonte Carballo,Castellón
Pan,17.63,5,2025-07-10,Serafina Canals Amigó,Teruel
Huevos,15.84,8,2025-07-27,Pepito Rodriguez-García,Santa Cruz de Tenerife
Carne,9.9,8,2026-05-07,Rosaura Vilalta-Benet,Cantabria
Carne,14.32,5,2026-03-02,Vilma Vilaplana Casado,Málaga
Azúcar,16.05,9,2026-04-21,Alexandra Manuela Ramírez Guillen,Córdoba
Azúcar,19.24,8,2026-03-02,Águeda Lumbreras,La Rioja
Queso,4.41,8,2025-09-25,Ramón Noriega Valenciano,Palencia
Pollo,14.63,10,2025-06-30,Nydia Cabrera,Jaén
Pollo,4.72,4,2026-04-11,Felisa Chaparro Daza,Ávila
Arroz,15.55,9,2025-10-04,Paula Cañete Gomis,Navarra
Leche,10.09,5,2026-02-19,Estela del Carretero,Cádiz
Café,19.41,8,2026-04-15,Fidela Cuéllar-Alba,Badajoz
Pollo,10.6,4,2025-08-10,Elodia Miguel Mate,Alicante
Pan,17.16,3,2025-09-23,Brígida Azcona Andres,Ciudad
Azúcar,2.4,8,2025-06-11,Ascensión Quero-Amat,Zaragoza
Pan,15.86,10,2025-10-26,Encarnación Cuéllar Narváez,Alicante
Leche,18.98,8,2026-01-21,Luís Palacio-Delgado,La Rioja
Leche,18.74,1,2025-11-20,Aníbal Costa Montero,Palencia
Leche,8.2,6,2026-03-27,José Antonio Franco Amorós,Pontevedra
Aceite,5.89,4,2025-09-07,Ruth Vergara Cervera,Ciudad
Pan,12.61,8,2025-05-31,Iván Badía Larrea,Ceuta
Pan,13.45,5,2026-01-31,Juan Antonio Goñi Miguel,Cáceres
Leche,2.06,2,2025-06-09,Ramona Macías Egea,Soria
Huevos,11.48,7,2026-02-09,Concepción Macaria Fernandez Mesa,Santa Cruz de Tenerife
Azúcar,8.14,6,2026-05-04,Leoncio Raimundo Carranza Garriga,La Coruña
Pan,11.29,6,2025-08-05,Jaime Castrillo Calderon,Baleares
Queso,1.48,3,2025-10-06,José Luis Quintanilla-Mínguez,Castellón
Leche,5.6,4,2025-06-26,Juan Carlos Coronado Palomino,Albacete
Pan,16.41,6,2026-03-19,Blas Ramos Figueroa,Almería
Café,3.8,2,2026-01-09,Chus Cerdá Peralta,Palencia
Pan,11.19,5,2025-08-17,Belen Bermudez,Burgos
Arroz,14.03,3,2026-02-18,Octavia Peiró Caro,Lugo
Huevos,6.36,10,2025-12-23,Teófilo del Roman,Castellón
Pollo,19.26,7,2025-06-26,Graciana Martin-Cordero,Asturias
Huevos,5.39,1,2025-06-24,Maricruz Manzano,Las Palmas
Arroz,4.21,1,2025-08-20,Armando Tejada Ropero,La Rioja
Queso,0.87,7,2026-01-05,Kike Pagès-Vallés,Albacete
Pollo,15.63,7,2025-11-22,Marianela Puga,Salamanca
Aceite,0.56,10,2025-12-11,Juliana Jerez-Villegas,Lugo
Arroz,14.41,3,2025-08-14,Fortunato Juan Pablo Barranco Casal,La Coruña
Pollo,18.86,3,2025-07-03,Duilio Rocha Molina,Jaén
Café,11.69,5,2025-06-14,Wilfredo Agustí Peláez,Pontevedra
Huevos,14.19,1,2025-10-16,Bernardita Vallés Jara,Málaga
Leche,3.48,7,2025-06-11,Josep de Álamo,Cádiz
Pollo,18.01,1,2026-04-06,Belén Montenegro-Pont,Pontevedra
Arroz,1.1,6,2026-04-05,Julio Ángel Peláez Pacheco,Cuenca
Queso,19.58,9,2025-06-11,Vicente Arturo Lledó Piña,Soria
Café,11.92,1,2025-06-16,José Antonio Vizcaíno Rojas,Valencia
Pan,10.62,9,2025-11-18,Evelia Gallego Borrego,Cuenca
Pan,9.5,6,2026-01-29,Zaira Aguilera Caballero,Girona
Queso,9.67,2,2025-06-10,Rodolfo Lumbreras Márquez,León
Aceite,3.38,7,2026-02-21,Aránzazu Sevilla-Trillo,León
Aceite,17.57,3,2025-12-27,Mirta Amat Marti,Soria
Pan,2.28,6,2025-12-20,Javiera de Manso,La Rioja
Café,16.08,7,2025-06-21,Nadia Porras Perea,Alicante
Café,13.55,3,2025-06-04,Jordán Menendez Núñez,Cantabria
Carne,19.44,8,2026-02-25,Eva Cortés Rodrigo,Navarra
Leche,9.66,2,2025-10-21,María Jesús Paz Marquez,Almería
Aceite,14.2,8,2025-08-18,Leonardo Leiva Aznar,Palencia
Aceite,9.79,5,2025-08-22,Lino Olmo Gallart,Valladolid
Queso,7.6,9,2026-01-13,Victorino de Ponce,Lugo
Aceite,11.5,9,2025-12-04,Elisabet Castro Mendoza,Navarra
Queso,8.43,3,2025-07-28,Maura Terrón Ribera,Madrid
Azúcar,7.41,10,2025-07-15,Teófila Modesta Gaya Diego,Valladolid
Queso,17.43,10,2025-10-29,Lourdes Vargas Ochoa,Teruel
Café,13.96,7,2025-10-12,Regina Lucila Montero Bilbao,Cuenca
Azúcar,16.2,3,2025-07-23,Constanza Blázquez Manzano,Badajoz
Café,19.87,10,2025-12-15,Asunción Ferrero Antón,Zamora
Huevos,6.76,9,2025-12-20,Luisa Pou Alfonso,La Coruña
Café,11.34,2,2025-06-30,Salvador de Fernandez,Zaragoza
Huevos,3.45,5,2025-07-18,Marisa Baena Tello,Badajoz
Aceite,10.77,9,2025-12-06,Ale Roselló-Casals,Burgos
Pan,5.77,9,2025-05-27,Ruben Nilo Arias Vélez,Vizcaya
Aceite,5.95,4,2025-10-09,Apolonia de Aller,Asturias
Queso,0.72,9,2026-03-12,Nicodemo Palomino Real,Málaga
Azúcar,13.97,4,2026-04-10,Marisela Susana Blanes Moya,La Rioja
Leche,1.53,6,2025-08-08,Pepita Ferrero Cerro,Jaén
Azúcar,2.51,2,2025-10-12,María Busquets-Serrano,Ávila
Queso,18.12,3,2025-12-17,Dulce Catalá Mancebo,Tarragona
Aceite,4.36,5,2025-07-17,Paz Trujillo Bru,Álava
Carne,9.49,9,2026-05-18,Francisca Varela,Girona
Huevos,0.97,7,2026-03-23,Soraya Consuela Ferrán Ribera,Pontevedra
Azúcar,5.46,8,2026-05-17,Silvia Losada Blanes,Ávila
Pan,1.47,1,2026-05-01,Sandra Vazquez Batalla,Alicante
Café,5.56,3,2026-05-04,Graciela Morcillo Vidal,Burgos
Pan,10.2,9,2025-11-01,Elba del Garriga,Valladolid
Huevos,14.66,6,2026-01-01,Calixto Montalbán Tejada,Valladolid
Carne,7.67,10,2025-08-11,Encarnación Río Noriega,León
Queso,10.27,4,2025-09-12,Jesús Maximiliano Almagro Mendoza,Murcia
Huevos,18.01,5,2025-07-10,Donato Llano Herrero,Sevilla
Aceite,3.33,7,2025-10-02,Arcelia Blanch,Cádiz
Pollo,9.43,2,2026-02-08,Ruperto Salvà-Fabra,Baleares
Pollo,8.88,8,2025-06-20,Norberto Galan Beltran,Albacete
Pan,6.48,5,2026-03-29,Pacífica Albero Segarra,Salamanca
Carne,19.05,10,2026-01-08,Buenaventura Ros Nadal,León
Huevos,2.89,1,2026-04-10,Joaquina Marianela Rosselló Donaire,Almería
Aceite,6.13,9,2026-05-27,Anabel Cabrero Bustos,Granada
Pan,4.02,5,2026-05-15,Encarnacion Torrens Vila,Segovia
Café,7.37,3,2026-01-07,Virginia Valcárcel Porta,Córdoba
Café,15.08,7,2026-03-06,Serafina del Guzman,Cádiz
Huevos,18.27,4,2026-03-29,Paloma Santos,Murcia
Queso,19.41,8,2026-02-13,Mariano Falcó Piquer,Álava
Café,19.83,4,2025-11-15,Guadalupe Soto Luján,Melilla
Café,12.16,10,2026-02-09,Trini Alcolea Zapata,Cuenca
Carne,13.26,9,2025-11-13,Maura Correa Gomez,Girona
Azúcar,2.15,2,2025-07-08,Ezequiel Nicolás Escamilla,Murcia
Pollo,8.01,3,2025-06-02,Maribel Matilde Torrents Caro,Murcia
Pollo,4.9,1,2025-10-23,Encarna Chaparro Palacios,Sevilla
Carne,5.97,6,2025-07-29,Cloe Blanca Zaragoza,Jaén
Aceite,18.74,9,2025-07-22,Odalys Palmira Torrens Reina,Salamanca
Leche,0.98,2,2025-09-21,Ovidio Belmonte Sastre,La Rioja
Pan,15.25,5,2025-09-06,Atilio Bárcena Puente,Cáceres
Queso,14.63,4,2026-01-10,Merche Valverde Andrés,Tarragona
Pollo,18.76,6,2025-10-24,Marisol Lamas Ferrán,Segovia
Huevos,5.92,9,2026-01-06,Julie de Cardona,Burgos
Pan,9.67,3,2025-08-22,Encarnita de Moll,Ourense
Pollo,2.58,8,2025-12-02,Ágata Leonor Ibañez Lobato,Almería
Carne,3.82,8,2025-11-27,José Ayuso Herrera,León
Carne,8.28,3,2026-01-16,Eleuterio Acevedo Heras,Melilla
Queso,7.88,10,2025-12-09,Casemiro Salcedo-Carnero,Sevilla
Azúcar,19.49,9,2025-09-13,José Reyes Gordillo,Murcia
Arroz,13.39,4,2026-04-26,Teófila Vazquez,Ceuta
Huevos,18.91,2,2026-05-02,Dominga Rico Castells,Tarragona
Carne,10.46,6,2026-03-29,Rafaela Carro,Tarragona
Huevos,16.78,2,2025-07-20,Irene Marin Aller,Santa Cruz de Tenerife
Pollo,14.27,1,2026-04-06,Sol Rosales-Valcárcel,Madrid
Queso,12.89,5,2025-08-30,Julio César Castañeda Serna,Alicante
Aceite,9.12,2,2026-01-12,Remigio Victorino Heras Camino,Zaragoza
Café,14.72,6,2026-01-09,Loreto Madrid Isern,Vizcaya
Queso,19.49,7,2025-08-01,Catalina Pepita Calderón Galván,Navarra
Aceite,8.84,3,2026-02-10,Isabela Losa Montes,Asturias
Carne,0.74,9,2026-05-07,Bibiana de Porras,Segovia
Leche,17.78,1,2025-06-16,José Manuel Jerónimo Hidalgo Batlle,Ceuta
Pan,18.73,7,2026-03-16,María Dolores Tere Falcó Ros,Guadalajara
Pan,3.18,1,2026-04-29,Jorge de Alberola,Soria
Pollo,3.7,3,2026-05-23,Chuy Ernesto Burgos Ávila,Málaga
Pollo,13.16,7,2026-02-23,Toribio Pedrosa Caballero,Ceuta
Carne,3.64,2,2025-10-09,Maxi Florina Tenorio Anguita,Lugo
Arroz,1.61,10,2025-12-07,Maricruz Pomares Solera,Barcelona
Aceite,4.6,9,2025-09-06,Armando Sola Ferrán,Lugo
Queso,16.8,6,2026-05-05,Eric Cid-Asensio,Granada
Queso,17.7,10,2026-05-04,Cleto Lluch Cervera,Ceuta
Aceite,3.82,3,2026-02-05,Calisto Riquelme Chaves,Barcelona
Azúcar,15.46,2,2025-12-26,Mariano Casas Escribano,Zamora
Pan,19.42,4,2026-01-24,Isaura Santiago Guillen,Toledo
Pollo,9.05,6,2025-08-03,Leonardo Soriano,Valencia
Arroz,10.06,9,2025-07-02,Noé Feliciano Berenguer Silva,Zamora
Pan,7.51,7,2025-12-25,Gertrudis Escribano Daza,Pontevedra
Pan,18.52,4,2025-09-17,Juan Manuel Simón Valencia Lamas,Cuenca
Arroz,5.14,6,2026-04-12,Ágata Tudela Coronado,Asturias
Azúcar,5.93,4,2025-11-13,María Carmen Flor Sans Amigó,Salamanca
Leche,10.36,9,2025-09-01,Lilia Fátima Mariscal Hervás,Huesca
Aceite,16.76,1,2025-07-20,Anunciación Ugarte,Álava
Queso,7.71,3,2025-10-10,Angélica Dominga Sainz Mayol,Santa Cruz de Tenerife
Leche,14.1,5,2025-07-31,Lucho Valero Rueda,Albacete
Huevos,12.11,1,2026-04-22,Charo Ferrera Granados,Pontevedra
Azúcar,15.38,1,2025-09-06,Ernesto Chaparro Casado,Palencia
Azúcar,10.38,9,2025-07-17,Silvestre Coll Jordá,Murcia
Arroz,16.03,5,2025-08-23,Visitación Ileana Heras Losa,Jaén
Leche,1.46,3,2025-12-20,Isabel Cáceres Valentín,Córdoba
Huevos,17.26,5,2026-02-04,Dan Nico Rico Poza,Guadalajara
Café,7.1,2,2026-02-17,Zaida Alemán Soler,Almería
Aceite,10.58,1,2026-03-01,Ofelia Marin Abellán,León
Pan,1.86,5,2025-08-19,Dan Iniesta,Zamora
Queso,19.34,3,2025-09-13,Morena Valdés Morell,Huelva
Arroz,0.7,6,2026-05-18,Gustavo Valencia,Álava
Arroz,12.98,6,2026-05-16,Samuel Bartolomé Lladó,Barcelona
Café,12.78,7,2025-06-12,Perlita Mayte Solís Patiño,Segovia
Carne,5.21,4,2025-08-13,Aitana Quintanilla-Barberá,Las Palmas
Pollo,7.79,6,2025-11-30,Felisa Serrano Blazquez,Vizcaya
Huevos,11.15,2,2026-05-10,Mayte Mateos,Segovia
Huevos,13.28,8,2026-03-09,Victor Emilio Lucena Salvà,Navarra
Huevos,12.28,8,2026-01-23,Encarnación Coca Español,Cuenca
Huevos,9.9,4,2025-09-04,Juan Luis Alcaraz Alcázar,Valencia
Café,4.63,2,2026-01-29,Sandra de Mayoral,Cuenca
Pan,12.69,9,2025-09-23,Abilio Isern Sala,La Coruña
Azúcar,14.15,8,2025-07-06,Ximena Pelayo,La Rioja
Huevos,19.34,3,2026-02-05,Ramona Gras-Segarra,Guipúzcoa
Aceite,15.44,4,2025-11-15,Marisela Castillo Peñas,Burgos
Pan,4.33,2,2026-05-06,Fabio Lucena Santos,Murcia
Pan,3.25,3,2025-07-23,Rufino Sotelo Tomas,Albacete
Carne,6.13,5,2025-11-08,Rosaura Barriga,Barcelona
Azúcar,13.37,7,2025-12-31,Susanita Pascuala Gomila Taboada,Navarra
Aceite,12.42,1,2026-03-16,Ainara Bayón Soriano,La Rioja
Huevos,18.45,5,2025-07-19,Nando Marí-Pomares,Las Palmas
Aceite,19.98,8,2025-12-02,Iker Cordero Arjona,Sevilla
Huevos,17.24,3,2025-05-27,Calisto Méndez Yáñez,La Coruña
Café,17.14,10,2026-02-04,Maxi Zorrilla Mate,La Coruña
Huevos,18.2,2,2025-09-02,Carina Gallego-Larrea,Huelva
Queso,19.17,3,2025-12-14,Zoraida Ochoa Vigil,Tarragona
Azúcar,3.1,3,2026-04-25,Basilio Calzada Alarcón,Murcia
Huevos,16.81,10,2025-09-10,Tamara Nogueira Arcos,Huelva
Azúcar,13.4,6,2026-03-08,Claudia Piñol Calvet,León
Huevos,16.04,3,2026-01-21,María Landa,Albacete
Pan,9.65,2,2026-04-21,Lina Serna Llorente,Córdoba
Queso,7.71,7,2026-04-24,Rufino Chaves,Zaragoza
Azúcar,4.71,7,2026-01-24,Tomás de Vila,Guipúzcoa
Carne,7.51,2,2025-09-14,Camila Concha Cazorla Peralta,Albacete
Huevos,9.69,4,2026-04-21,Anastasia Exposito Bellido,Badajoz
Arroz,5.95,4,2026-01-31,Mamen Francisco Ariño,Asturias
Queso,19.89,10,2026-03-29,Guillermo Gutiérrez,Murcia
Pan,14.09,9,2025-06-04,Belén Carrillo Arco,Madrid
Aceite,7.74,10,2026-03-10,Fidel Múgica Jordá,Burgos
Huevos,9.34,7,2025-11-25,Azahar Toro-Cabanillas,Palencia
Queso,11.33,7,2026-01-11,Reyes Sanz,Zamora
Queso,1.45,4,2026-03-30,Maximiano Ojeda Maestre,La Coruña
Café,16.11,4,2026-03-13,Carlota Hoyos Robledo,Murcia
Pollo,0.71,1,2025-08-21,Carlos Valencia Vilar,Albacete
Pollo,4.53,4,2025-06-21,Ana Belén Soria,Lleida
Pan,6.11,4,2026-02-14,Jose Miguel Pacheco Barragán,Baleares
Azúcar,11.87,9,2026-04-17,Fidela Morcillo-Villalobos,Pontevedra
Pan,15.97,2,2025-06-04,Piedad Ballester Rivas,La Rioja
Carne,11.38,9,2025-10-06,Evita Botella Suárez,Pontevedra
Carne,18.5,7,2025-12-22,Liliana Lago Corbacho,Zaragoza
Azúcar,19.6,10,2025-09-27,Horacio Esparza,Baleares
Leche,11.9,2,2025-08-25,Mateo Benítez,Granada
Pan,0.64,4,2026-03-16,Gregorio Montenegro,Jaén
Leche,6.85,5,2025-05-31,Felicia Gallardo-Báez,Barcelona
Carne,9.68,1,2026-05-25,Victor Manuel Quiroga Aznar,Ciudad
Café,5.05,4,2025-10-19,Matilde Infante Tamayo,Ávila
Azúcar,16.44,10,2025-12-23,Eliana Ramos Belda,Cáceres
Huevos,0.8,4,2025-12-14,Alba de Expósito,Zamora
Pollo,11.96,7,2025-12-25,Teodoro Ballester Diez,Segovia
Leche,6.53,2,2025-11-27,Alejandra Prat Mateu,León
Carne,7.76,1,2026-03-15,Hermenegildo Atienza Peñas,Burgos
Carne,10.55,1,2025-06-14,Beatriz Zaragoza Taboada,Asturias
Carne,15.74,2,2025-08-07,Bárbara Bertrán Tamayo,Ceuta
Queso,3.3,9,2025-05-28,Alondra Jover Colomer,Ceuta
Leche,4.59,5,2026-02-18,Guadalupe del Domingo,León
Azúcar,2.93,4,2026-03-17,Arcelia Guillén Blanes,Alicante
Carne,11.06,1,2025-07-12,Ainoa Montero Ariza,Lleida
Pollo,1.31,8,2026-04-08,Amada Miriam Maza Baró,Tarragona
Leche,5.33,4,2025-12-24,Jose Ramón Riquelme Larrea,Alicante
Queso,5.34,4,2026-01-10,Chucho Ariño Suarez,Albacete
Leche,1.91,7,2025-10-24,Florencio Requena Gonzalo,Valladolid
Azúcar,9.76,4,2025-05-27,Abraham Linares Mancebo,Ciudad
Pan,14.21,10,2026-04-11,Clotilde Sala Chaves,Ceuta
Huevos,5.63,8,2025-07-20,Josep Amador Duque,Navarra
Huevos,6.19,3,2025-12-08,Beatriz Obdulia Anglada Huguet,Navarra
Pollo,3.14,2,2026-01-28,María Polo Vergara,Granada
Carne,10.6,5,2026-05-20,Gaspar Cortina-Almeida,Cádiz
Queso,17.42,4,2026-02-27,Calixto Oliver Mora,Zamora
Pollo,3.87,7,2025-11-21,Manolo Téllez Costa,Alicante
Queso,7.38,5,2026-05-07,Rosendo Blanco,Alicante
Aceite,16.76,4,2026-05-19,Ruperta Fernandez,Tarragona
Huevos,13.64,8,2026-01-20,Primitivo de Alegria,Guadalajara
Aceite,14.29,7,2025-10-03,Guillermo Pavón Aguilera,Guadalajara
Carne,12.22,2,2026-03-30,Mariano Beltran Linares,Málaga
Café,13.95,3,2026-04-17,Lino Casas-Barranco,Málaga
Azúcar,1.61,7,2025-12-08,Juana Segura Viana,Pontevedra
Pollo,9.99,4,2026-03-30,Simón del Real,Álava
Queso,7.01,10,2025-08-03,Macaria Martínez Cortina,Cantabria
Pan,15.04,2,2026-03-04,Bernabé Sans,Cáceres
Azúcar,12.48,10,2025-08-08,Beatriz Guijarro-Pujadas,Navarra
Azúcar,3.25,4,2026-04-16,Maribel Mariño-Lluch,Huesca
Pan,1.23,8,2026-05-20,Amarilis Giménez Melero,Santa Cruz de Tenerife
Aceite,18.07,3,2025-09-22,Débora Garcia Aguiló,Jaén
Huevos,10.29,4,2025-11-05,Elba de Jimenez,Almería
Café,4.09,4,2026-04-20,Ruperto de Suarez,La Rioja
Aceite,8.3,8,2026-05-08,Anastasio Silva Figueras,Cantabria
Café,15.52,8,2025-10-06,Rolando Carballo Río,Girona
Pollo,1.92,6,2025-09-25,Primitivo Planas Casas,Ávila
Carne,11.48,2,2026-04-12,Rosalinda Fernanda Baena Mendoza,Ourense
Huevos,10.01,5,2026-05-04,Julie Gibert,Madrid
Café,6.76,3,2025-12-12,Regina Ponce Nuñez,Segovia
Aceite,5.59,8,2026-02-17,Arcelia del Barberá,Melilla
Huevos,19.43,10,2025-06-11,Reina Blazquez Cárdenas,Guadalajara
Pan,14.33,1,2026-03-09,Humberto Bautista Santana,Las Palmas
Café,3.55,7,2025-08-01,Eloy Querol Arnaiz,Vizcaya
Pan,19.82,9,2025-08-26,Carlito Palomar Pla,La Coruña
Café,8.53,6,2025-11-24,Eloísa Reina,Guipúzcoa
Queso,16.17,1,2026-04-09,Ofelia Recio Barral,Castellón
Pollo,4.44,2,2026-03-11,Simón Pinto Pino,Tarragona
Pollo,15.01,7,2025-11-20,Adelia Fabra Peñas,Melilla
Carne,11.49,2,2026-05-19,Violeta Ortuño Valenzuela,Jaén
Aceite,19.02,6,2025-07-31,Cebrián del Acevedo,Álava
Leche,16.15,3,2026-05-10,Jacinto Piña Lago,Valladolid
Aceite,19.91,10,2026-04-17,Ovidio Aparicio Aguilar,Segovia
Carne,3.5,9,2025-06-23,Emperatriz Barbero Redondo,Santa Cruz de Tenerife
Café,8.77,10,2026-01-23,Estela Elorza Alsina,Cantabria
Pan,10.88,6,2025-09-23,Rebeca Roda-Mariño,Álava
Arroz,10.16,10,2025-08-28,Gerardo Egea Soler,Jaén
Arroz,4.65,8,2025-08-31,Griselda Andreu Escolano,Tarragona
Leche,15.9,1,2025-05-27,Sarita Puga Almagro,Las Palmas
Huevos,14.2,3,2025-06-12,Rosendo Calzada Valderrama,Salamanca
Azúcar,4.8,10,2026-04-17,Cecilio Pancho Ugarte Portillo,Álava
Aceite,18.68,2,2026-04-19,Flora Falcón Benito,Toledo
Pollo,1.18,10,2025-10-20,Jose Antonio del Ayllón,Albacete
Azúcar,18.61,1,2025-10-17,Ovidio Vila Ríos,Alicante
Pan,16.56,1,2025-08-23,Roldán Tirado,Santa Cruz de Tenerife
Arroz,19.68,5,2025-12-24,Jose Ignacio de Gascón,Alicante
Aceite,8.56,2,2026-03-27,Reynaldo Nicodemo Carrera Montes,Salamanca
Queso,15.48,1,2026-03-21,Ángeles Matas Vila,Teruel
Azúcar,15.36,6,2025-11-26,Gema del Abella,Salamanca
Carne,19.69,3,2026-04-17,Cecilio Luján Mur,Segovia
Aceite,17.95,3,2025-07-21,Francisco Javier Sáez Rebollo,Almería
Azúcar,1.48,3,2025-08-09,Anna Saldaña Perales,Guipúzcoa
Queso,18.39,5,2025-09-26,Apolinar Paniagua Llopis,Alicante
Pollo,15.87,6,2025-09-05,Sosimo Rojas Alberola,Madrid
Leche,9.79,9,2026-02-05,Lino Amancio Querol Hervia,Ourense
Arroz,14.2,5,2026-04-08,María José Villalba Villar,Baleares
Huevos,17.02,10,2026-01-04,Eusebio León Solís,Pontevedra
Pollo,15.09,4,2026-05-02,Clarisa Olivares Pozuelo,Huelva
Azúcar,3.13,3,2026-03-03,Florinda Arco Duque,Huelva
Leche,15.93,4,2025-07-04,Dionisia Chacón,Jaén
Pan,6.86,3,2026-05-01,Prudencio Solana Rodrigo,Cádiz
Azúcar,8.94,6,2026-03-06,Candela Coll Pino,Melilla
Azúcar,9.84,7,2025-06-01,Tristán de Ripoll,Baleares
Arroz,4.07,2,2025-09-23,Eduardo Losada,Lugo
Azúcar,19.35,4,2025-09-17,Severino Gomez Manzano,Albacete
Azúcar,12.87,5,2026-05-27,Rufino Aguilera Buendía,Santa Cruz de Tenerife
Pan,9.67,3,2026-01-13,Danilo Carnero-Sanz,Zamora
Café,12.39,7,2026-02-02,Ambrosio Ribes,Murcia
Azúcar,5.87,6,2026-04-28,Mercedes Roura Cuervo,Santa Cruz de Tenerife
Café,0.59,4,2025-10-22,Montserrat Batlle Vázquez,Cádiz
Pan,18.6,9,2026-04-17,Hipólito Cano Solís,Burgos
Pollo,6.13,4,2025-09-29,Rafaela Dávila Salamanca,Ourense
Pollo,17.68,9,2026-01-09,Liliana Roselló Quesada,Málaga
Azúcar,9.94,8,2026-04-12,Victor Villanueva,Valencia
Café,12.41,2,2025-09-02,María José Almeida,Cádiz
Café,3.07,7,2026-05-07,Vicenta Arregui,Jaén
Queso,5.22,1,2026-01-24,Cruz Mate Manzano,Vizcaya
Huevos,7.11,2,2026-04-10,Adrián de Arana,Santa Cruz de Tenerife
Huevos,16.17,5,2026-04-26,Emilio Madrid Gisbert,Álava
Leche,13.86,1,2025-06-25,Evangelina Figueras-Moliner,Castellón
Leche,9.27,1,2025-12-22,Jesús Reina Vaquero,Huesca
Pollo,16.74,2,2026-03-15,Isa Vizcaíno Figuerola,Segovia
Aceite,8.41,10,2025-07-29,Abigaíl Barrera Cabo,Córdoba
Arroz,2.34,10,2026-04-29,Leandra Sarmiento Coca,Tarragona
Carne,19.61,10,2026-03-12,Otilia Naranjo,Toledo
Pollo,0.85,4,2026-04-15,Mamen Busquets Carmona,Soria
Huevos,2.41,7,2025-09-06,Débora del Guillén,Huesca
Queso,5.7,7,2025-10-18,Juan Carlos Alberto Hurtado Puga,Sevilla
Café,19.94,10,2026-05-12,Valero Abascal Tomás,Palencia
Café,4.32,6,2026-01-26,Victor Manuel Elpidio Casanova Larrea,Cádiz
Arroz,1.69,10,2025-08-13,Nicodemo Molins Marcos,Madrid
Arroz,5.09,5,2026-05-04,Luciano Bartolomé Pons Ortiz,Salamanca
Azúcar,5.9,1,2025-11-22,Toño Fajardo Pintor,Palencia
Queso,0.87,4,2026-01-15,Jesusa Cantero Criado,Soria
Aceite,13.48,5,2025-12-12,Domingo Crespo Palacios,Burgos
Queso,14.76,5,2025-10-30,Joel Sevilla Carbajo,Cáceres
Aceite,14.29,10,2026-04-02,Flavio Albero,Granada
Huevos,10.67,6,2025-09-07,Jordi Ferreras Verdugo,Cantabria
Café,2.64,1,2025-06-25,Teodosio Inocencio Barberá Mascaró,Soria
Carne,7.79,9,2025-08-10,Juanita Ibáñez Aranda,Tarragona
Aceite,11.95,8,2025-06-08,Augusto Bertrán Lladó,Zaragoza
Café,13.75,3,2025-12-25,Armida del Burgos,Pontevedra
Arroz,17.72,6,2025-06-21,Aitana Dominguez Pereira,Asturias
Arroz,11.84,6,2025-09-29,Emiliano Tello Cuesta,Soria
Queso,11.21,9,2025-10-22,Maribel Esperanza Rivera Abella,Málaga
Café,10.91,4,2026-05-13,Agustín Eliseo Vizcaíno Frías,León
Arroz,6.07,8,2026-04-15,Sarita Múñiz Torrens,Ceuta
Huevos,7.46,10,2025-12-03,Ismael Aramburu,Salamanca
Café,3.01,8,2026-02-17,Verónica Quero Coll,Guadalajara
Carne,19.23,6,2025-08-13,Cándida Font Morales,Palencia
Azúcar,1.43,9,2026-02-27,Rebeca Robles Bernad,Cuenca
Café,7.83,10,2025-12-11,Joaquín Lerma Egea,Jaén
Café,7.31,4,2026-02-16,Ainara Gilabert Colomer,Jaén
Pan,12.83,7,2025-10-29,Lilia Rius Hervia,Salamanca
Café,17.06,1,2025-11-23,Iván Gisbert Jordán,Cádiz
Pan,0.91,7,2026-01-15,Isaac Dominguez Giner,Albacete
Aceite,19.84,8,2026-01-25,Manuel del Sanchez,Guipúzcoa
Pollo,11.91,4,2026-01-14,Graciana Cayetana Llorente Castilla,Huesca
Aceite,12.4,3,2026-01-22,Alejandra Bueno Rosa,Valencia
Arroz,4.31,3,2026-05-12,Antonia Cano Quirós,Toledo
Pollo,13.37,5,2025-06-11,Amor Victor Ortuño Vall,Vizcaya
Carne,5.44,2,2026-05-09,Domingo Campoy Escribano,La Rioja
Aceite,5.2,7,2025-11-12,Leonel Pablo Armengol Rocha,Ciudad
Leche,11.25,8,2025-07-05,Salud Báez-Fonseca,Albacete
Pan,6.27,6,2025-07-11,Piedad Feijoo Espada,Málaga
Pollo,11.48,9,2025-08-19,Gastón Mayol Mate,Asturias
Pollo,13.16,2,2025-06-10,Micaela Palomares Salmerón,Albacete
Pan,5.31,5,2025-07-12,María Dolores de Tomas,Valencia
Carne,18.64,10,2026-03-13,Quirino Agudo,Zamora
Café,7.03,6,2026-05-19,Candelaria Téllez Leon,Asturias
Café,5.9,2,2025-11-07,Violeta Rafaela Murillo Saez,Lleida
Pollo,16.77,3,2025-06-18,Rafa del Fortuny,Guadalajara
Huevos,15.31,2,2025-10-26,Jenny Moraleda Calvo,León
Huevos,9.82,4,2026-02-06,Guiomar Lerma Sáenz,Castellón
Huevos,7.6,5,2025-07-26,Arturo Ponce-Alfaro,Las Palmas
Leche,13.5,3,2026-04-18,Paloma del Aguilar,Albacete
Aceite,2.83,2,2025-09-05,Fortunata Carranza-Larrea,Huesca
Arroz,1.88,2,2025-06-18,Zacarías Leonel Río Córdoba,La Rioja
Leche,19.03,2,2025-10-29,Arcelia Barros Requena,Pontevedra
Leche,1.41,1,2025-08-27,Benjamín Santana Barral,Palencia
Pan,7.83,5,2025-11-03,Clarisa Encarnita Riba Fortuny,Ciudad
Aceite,15.68,1,2026-03-24,María Cristina Ángel Castell,Cantabria
Pan,18.93,9,2025-06-18,Luz Nogués Ferrero,Cáceres
Pan,18.69,3,2025-06-24,Reinaldo del Lobato,Alicante
Azúcar,12.48,1,2026-01-15,Marciano Abellán Rico,Pontevedra
Arroz,16.16,2,2026-03-07,Virginia Guzman-Abellán,Valladolid
Arroz,11.25,7,2025-10-12,Emiliana Brígida Gibert Andres,Granada
Queso,3.07,9,2026-04-22,Benigna Valdés Zamora,Palencia
Azúcar,3.92,9,2025-08-27,Jonatan Campillo Querol,Huesca
Azúcar,19.62,1,2025-07-04,Carolina Carretero,Huesca
Carne,9.24,1,2025-10-19,Maricela Carpio Cases,Girona
Pollo,3.53,10,2025-11-23,Chus del Sabater,Baleares
Carne,8.64,6,2025-09-06,Virginia Mateu Vilanova,Ávila
Carne,13.07,3,2026-05-02,Ana Alcántara-Mosquera,Guipúzcoa
Azúcar,16.57,3,2026-04-24,Dalila Palomino Fuster,Toledo
Carne,13.61,6,2025-11-15,Miguel Samper Martí,Cádiz
Huevos,12.3,6,2026-01-04,Cecilia Luján Alcalde,Palencia
Leche,18.42,5,2025-08-05,Jose Antonio Francisco Manzanares,Santa Cruz de Tenerife
Queso,16.1,9,2025-08-05,Borja Vara Guerra,Ceuta
Carne,13.45,2,2025-08-27,Poncio Ortiz Valderrama,Álava
Queso,18.43,8,2025-09-08,Prudencia Navas Fernandez,Cádiz
Leche,15.28,2,2026-04-06,Anunciación Celestina Parejo Asenjo,Guipúzcoa
Pan,18.82,4,2025-12-13,Sofía Julián Galvez,Cáceres
Pollo,2.91,9,2025-09-02,Lourdes Amo-Francisco,Girona
Leche,6.3,6,2026-04-25,Eutropio Pol Vera,Ávila
Carne,4.44,10,2026-05-17,Celestina Asenjo Aranda,Badajoz
Huevos,0.68,9,2025-07-21,Ainara Guerra Seguí,Valladolid
Queso,14.16,2,2025-11-23,Adelina León Barriga,Ciudad
Pollo,18.53,7,2026-05-07,Cosme del Benítez,Albacete
Azúcar,15.12,10,2026-04-07,Aníbal García Molins,Córdoba
Pan,2.83,8,2025-10-02,Sosimo Mariscal Tolosa,Cantabria
Aceite,8.24,10,2025-12-21,Herminia Rocha Rico,Huelva
Azúcar,0.85,10,2025-08-04,Espiridión Gisbert,Burgos
Azúcar,14.37,3,2026-02-21,Leyre Bayona Mateos,Zamora
Pollo,12.6,9,2026-02-09,Daniela Tolosa Cerdá,Huesca
Aceite,5.54,9,2026-04-19,Gema Lastra Terrón,Segovia
Café,2.39,2,2026-04-11,Martina Hurtado-Lobo,Cádiz
Leche,9.25,5,2025-12-28,Artemio Jáuregui Rius,Segovia
Aceite,15.79,9,2025-10-15,Berto Garcés-Ramis,León
Arroz,19.57,8,2026-01-06,Tito Quiroga,Tarragona
Pan,15.93,4,2025-10-23,Aránzazu Roda Pastor,Cantabria
Azúcar,14.59,7,2025-09-02,Toribio Baldomero Piquer Perera,Baleares
Queso,10.57,5,2026-02-23,Sigfrido del Moliner,Santa Cruz de Tenerife
Aceite,12.89,3,2025-11-16,Julio César Pallarès Piñeiro,Cáceres
Carne,17.69,6,2025-12-28,Ainara Puente Agustín,Cuenca
Pollo,12.37,9,2026-01-24,Edgardo Cámara Solsona,León
Aceite,1.1,10,2026-05-01,Cintia de Juliá,Málaga
Huevos,3.91,2,2025-08-06,Catalina González,Zamora
Pan,11.0,9,2026-02-24,Sonia Cepeda,Ourense
Queso,16.3,6,2026-04-21,Amor Escolano Ortuño,Asturias
Pollo,14.79,4,2025-09-12,Alejo Verdugo Escribano,La Rioja
Huevos,12.22,4,2025-11-27,José de Pellicer,Cáceres
Pollo,14.88,7,2026-02-06,Sebastian Plaza Luís,Lleida
Azúcar,2.54,9,2026-04-15,Chema Lluch Marquez,Barcelona
Pollo,1.16,5,2025-06-13,Amparo Vives Bello,Santa Cruz de Tenerife
Azúcar,19.17,4,2026-05-05,Luciano Sacristán Marqués,Zaragoza
Arroz,14.26,1,2026-04-30,Amarilis Solana-Medina,Huelva
Café,7.23,8,2025-09-23,Lope Isaías Zabala Gonzalez,Cádiz
Leche,9.13,3,2026-05-21,Modesto Amaya-Sans,Zaragoza
Café,6.77,3,2026-05-21,Eloísa Bou Leiva,Lleida
Huevos,18.18,2,2025-07-30,Iris Viñas Álamo,Murcia
Aceite,16.62,7,2026-04-20,Malena Cabrera Zabaleta,Palencia
Café,17.89,9,2026-02-17,Flora Gallego Rius,Toledo
Pollo,15.11,1,2025-11-15,Jesús Fábregas Pérez,Ávila
Leche,4.2,2,2026-05-02,Eva María Sanmartín Criado,Santa Cruz de Tenerife
Leche,3.12,3,2025-09-02,Graciano Tejera Reina,Albacete
Aceite,0.58,7,2026-05-19,Maximiliano Terrón Ruano,Castellón
Queso,8.19,10,2025-07-10,José Ángel Rocha Serna,Madrid
Huevos,1.38,3,2026-04-20,Delfina Mosquera Uribe,Barcelona
Pollo,10.94,2,2025-10-19,Lalo Reig,Castellón
Pollo,4.16,9,2025-10-10,Milagros Palmira Blanco Aguilera,Barcelona
Café,4.86,9,2026-05-27,Celestina Celia Aller Vicente,Cantabria
Pollo,12.79,8,2025-12-14,Anastasia Hernando Quintanilla,Asturias
Pan,4.82,1,2025-09-26,Macario Valverde Roma,Córdoba
Pan,18.34,3,2026-01-29,Mireia del Montenegro,Soria
Leche,2.14,2,2026-01-30,Carmina Tormo Vera,Salamanca
Aceite,19.48,4,2025-06-08,Fátima Atienza Sanz,Madrid
Leche,2.11,9,2026-03-04,Nilda Zabaleta Fuster,Guadalajara
Pollo,10.18,10,2025-08-19,María Fernanda Rojas Infante,Málaga
Aceite,15.06,2,2025-07-04,Horacio Mascaró Echeverría,Lleida
Pan,2.16,1,2025-08-22,Nilda del Bellido,Huesca
Pollo,9.56,10,2025-07-06,Toño Borrás,Barcelona
Aceite,2.9,10,2025-10-17,Nazario Anselmo Andreu Sosa,Jaén
Arroz,2.28,6,2025-07-03,Benito Calderon-Castro,Huelva
Azúcar,3.74,5,2025-09-28,Juan Francisco Gabaldón Vara,Soria
Pan,1.5,9,2026-03-15,Evangelina Blasco Gabaldón,Las Palmas
Azúcar,0.74,1,2025-09-16,Isidoro Borrego,Pontevedra
Pan,18.61,2,2025-08-04,Graciela Rojas Ros,La Coruña
Pollo,2.6,4,2026-01-04,Encarnacion Calderon Mármol,Palencia
Carne,19.29,7,2025-11-20,Guiomar Buendía,Sevilla
Leche,6.39,8,2025-12-16,Severo Rivera Bauzà,Ourense
Leche,15.05,3,2026-05-21,Dominga Paz Agustín,La Coruña
Leche,6.49,6,2025-11-05,Javi Vargas Estrada,Tarragona
Pollo,12.44,10,2025-11-02,Nélida Álamo Sandoval,Albacete
Leche,0.62,10,2025-07-29,Saturnina Rovira Larrea,Las Palmas
Queso,12.85,5,2025-10-30,Ruperta Leonor Vilaplana Pla,Asturias
Azúcar,0.88,1,2025-08-14,Abraham Lalo Madrigal Zurita,Ciudad
Leche,6.67,8,2025-12-08,Pascual Canals Pizarro,La Rioja
Azúcar,6.77,9,2026-05-05,Albert Cerro,Guadalajara
Aceite,18.23,6,2025-08-29,Paulina Catalá-Ballesteros,Ceuta
Carne,5.78,1,2025-06-08,Cruz Estevez Mas,Cantabria
Pollo,8.11,10,2026-04-11,Olga Mur Beltran,Baleares
Azúcar,8.83,5,2025-07-25,Candelario Santamaria Marquez,Segovia
Aceite,5.51,9,2026-05-18,Carmen Gutiérrez Díez,Segovia
Pollo,12.05,2,2026-01-20,Esperanza Macias Falcó,Ciudad
Queso,12.5,3,2026-04-17,Anunciación Coll,Álava
Café,3.38,9,2026-02-18,Miguel Ángel Quintanilla Bru,Palencia
Azúcar,15.45,7,2026-05-27,Delia Carreras Jiménez,Tarragona
Café,6.63,2,2025-08-06,Pío Múñiz Quintero,Ávila
Azúcar,13.61,10,2026-03-25,Amaya Rosell Salvador,La Coruña
Arroz,12.82,2,2025-06-18,Luis Ángel Timoteo Bartolomé Ferrando,Cuenca
Pan,4.28,2,2026-04-18,Aurelia Felisa Villaverde Coll,Albacete
Queso,17.85,1,2025-07-22,Juan Manuel Millán-Garriga,Sevilla
Leche,1.72,4,2026-05-11,Remedios Uría Perez,Segovia
Huevos,18.09,10,2026-01-06,Filomena Mayoral Mínguez,Tarragona
Huevos,3.71,10,2026-02-13,Curro Haro Serra,Melilla
Café,12.57,4,2025-06-01,Candelario Abad Patiño,Málaga
Azúcar,13.61,3,2026-03-09,Augusto Mármol-Sedano,Jaén
Arroz,1.11,6,2026-01-01,Lorenza del Castellanos,Toledo
Queso,15.61,4,2026-01-28,Rosalía Carrillo Franch,Madrid
Café,18.96,4,2025-06-26,Irma Eva Iglesias Vera,Lleida
Pollo,8.64,9,2025-06-06,Ciriaco del Marín,Valencia
Carne,17.63,2,2025-12-02,Octavio Ripoll Posada,Toledo
Aceite,7.46,10,2025-06-29,Eusebio Torrijos Julián,Zaragoza
Pollo,3.62,10,2025-10-14,Ruben Álvarez,Almería
Café,7.26,8,2025-09-22,Marcio Puga Gargallo,Álava
Pollo,15.21,9,2025-09-25,Andrea Coca Pont,Asturias
Huevos,15.41,9,2025-09-01,Isabela Luque Capdevila,Lugo
Pan,8.13,9,2025-07-24,Gabriela Morata,Valencia
Huevos,10.98,8,2026-04-19,Rosa María Pascual,Zamora
Café,3.92,5,2025-08-18,Amancio Manjón Godoy,Albacete
Arroz,13.83,5,2025-12-11,Alexandra Amador,Cantabria
Huevos,15.04,2,2026-05-17,Guadalupe Fuster Nieto,Zaragoza
Azúcar,9.3,7,2025-10-14,Eloy Huguet-Valencia,Lugo
Pollo,17.78,8,2025-11-23,Aura del Donoso,La Rioja
Café,1.27,5,2025-08-27,Pepito Gomila Figueroa,León
Queso,9.14,1,2026-04-06,María Ángeles Crespi Rosselló,Pontevedra
Pollo,19.12,8,2026-03-30,Águeda Ródenas Carmona,Salamanca
Leche,0.87,7,2026-05-21,Bernardino Iborra,Álava
Pollo,11.95,1,2026-05-27,Ximena del Carmona,Pontevedra
Café,12.52,9,2025-08-11,Josué Hernández,Tarragona
Arroz,9.66,10,2025-09-21,Clemente Andrés,Girona
Aceite,16.95,8,2025-05-27,Reynaldo Tena Cifuentes,Pontevedra
Queso,12.64,1,2026-01-26,Trinidad Villaverde,Pontevedra
Pan,14.67,1,2025-06-12,Angelita de Canals,Barcelona
Pollo,16.19,7,2025-11-01,Pilar Carrión Pineda,Cuenca
Huevos,6.9,2,2025-12-10,Vanesa Galván,Badajoz
Pollo,17.55,2,2026-03-23,Pelayo de Matas,Palencia
Queso,15.17,6,2025-12-23,Maribel Peinado Moreno,Palencia
Café,2.83,3,2025-08-21,Abel Tomas,Lleida
Arroz,1.1,4,2025-11-26,Laura Díez Jordán,Valladolid
Queso,4.73,4,2025-11-14,Berto Frías Nevado,Cádiz
Café,11.82,3,2026-02-12,Cleto Herranz-Aguirre,Almería
Carne,18.59,7,2025-11-01,Sergio de Bonet,La Rioja
Pollo,11.01,10,2026-01-09,Virgilio Uría Herrera,Melilla
Café,1.3,1,2025-12-07,María Fernanda Galiano Marquez,Málaga
Leche,5.34,5,2026-05-08,Lope Revilla Llano,Valencia
Huevos,9.2,3,2025-06-25,Jordana Gracia Frutos,Ávila
Carne,1.82,2,2025-09-17,Eufemia Hierro Caparrós,Guipúzcoa
Arroz,15.52,1,2025-11-06,Azeneth Jáuregui Atienza,Teruel
Pan,9.2,9,2025-11-22,Hugo Mosquera,Ourense
Pan,4.96,7,2025-08-09,Jenaro Leiva Manjón,Jaén
Queso,13.23,4,2026-03-14,Azeneth Gallo Uría,Ceuta
Arroz,1.82,7,2026-03-25,Faustino Ciro Barroso Márquez,Cádiz
Aceite,9.03,6,2025-08-16,Cándida Romero Niño,Madrid
Leche,11.38,1,2026-03-05,Eugenio Ferrando Conesa,La Rioja
Huevos,13.06,5,2025-07-22,Guillermo Caparrós Cózar,Ceuta
Café,8.55,3,2025-06-02,Eustaquio de Martí,Cuenca
Pollo,13.57,4,2026-01-03,Luciana Casanova Nicolau,Valencia
Queso,6.46,4,2025-12-05,Melania Pou Aliaga,Burgos
Queso,12.87,2,2025-11-11,Angelina Falcón,Asturias
Leche,7.76,1,2026-05-15,Danilo Alegria Porras,Valladolid
Arroz,9.08,10,2025-11-04,Abel Calderon-Rueda,Burgos
Azúcar,8.55,2,2025-09-19,Lupita López-Sarmiento,Navarra
Carne,7.64,10,2026-03-22,Miguel Ángel Villaverde-Baquero,Soria
Café,11.31,6,2025-11-26,Noé Lucena Carballo,Castellón
Leche,3.39,8,2026-05-01,Cruz Tena Aragón,Albacete
Carne,8.77,5,2025-12-13,Joan Berrocal Mosquera,Toledo
Pollo,6.67,10,2026-03-06,Silvio de Castañeda,Zamora
Queso,12.26,9,2026-01-21,Laura Oliver Vaquero,Cantabria
Pollo,13.75,7,2025-12-12,Fito Amores Moraleda,Granada
Leche,7.79,5,2026-02-12,Agustín Bautista Saez,Pontevedra
Café,15.07,7,2025-10-09,Marisa Galiano,Álava
Azúcar,18.47,2,2026-05-24,Saturnina Ferrándiz,Madrid
Carne,19.72,7,2025-12-10,Lupe Revilla Velasco,Ciudad
Pollo,1.23,4,2025-07-17,Brígida Miranda Torres,Burgos
Queso,5.26,8,2025-12-26,Adán Marcelo Andreu Campillo,Valencia
Aceite,10.09,8,2026-04-21,Rosalina Pareja Porcel,Cádiz
Pollo,13.34,8,2025-12-30,Manuela Cabeza Flor,Girona
Leche,12.02,7,2026-03-12,Bonifacio Morcillo Calzada,Lugo
Azúcar,14.85,4,2026-03-13,Espiridión Acedo Roldan,Teruel
Queso,19.4,10,2026-03-19,Juanita Jordán-Guerra,Sevilla
Arroz,10.69,6,2025-12-28,Chus Briones Padilla,Cádiz
Leche,4.2,5,2025-07-07,Ismael Molina Armas,Madrid
Leche,1.91,2,2025-09-28,Amada del Guerra,Baleares
Aceite,3.63,4,2026-02-22,Tiburcio Lopez-Niño,Sevilla
Aceite,17.21,4,2025-11-03,Octavio de Mesa,Zamora
Azúcar,1.11,7,2025-10-30,Dani Checa Vall,Murcia
Leche,2.23,1,2026-04-02,Iker Andres Gonzalo,Burgos
Pan,15.03,10,2026-02-07,Maristela Gelabert Pérez,Cáceres
Arroz,16.13,8,2025-07-30,Remedios Rosales Jaén,Asturias
Huevos,19.45,8,2026-03-28,Belén Suarez Esteban,Santa Cruz de Tenerife
Leche,19.26,2,2025-07-12,María Jesús Badía,Zamora
Arroz,3.02,1,2025-09-11,Teodosio Eutimio Mayoral Téllez,Sevilla
Pan,16.7,10,2025-07-27,Samuel Domínguez Feijoo,Girona
Café,16.28,6,2026-04-08,Domingo Samper Campillo,Las Palmas
Café,16.85,3,2026-03-20,Horacio Duque Llano,Pontevedra
Queso,14.06,8,2025-08-18,Paola Jaén-Soler,Las Palmas
Huevos,9.44,4,2026-02-02,Salvador Ricardo Torrent Santana,Zamora
Queso,12.46,2,2026-05-16,Calisto Santana,Santa Cruz de Tenerife
Café,13.7,3,2025-11-27,Marco Rico Cañete,Córdoba
Pan,10.49,7,2026-03-08,Fulgencio Palma,Cuenca
Leche,8.11,1,2026-03-04,Ruth Cabeza Pol,Guipúzcoa
Azúcar,10.63,9,2025-08-14,Erasmo Calderon Iglesias,Cáceres
Aceite,16.64,6,2025-11-18,Inocencio de Sabater,Santa Cruz de Tenerife
Aceite,5.08,4,2026-05-23,Desiderio Ribera Esparza,Zaragoza
Aceite,19.43,2,2025-12-18,Sergio Pellicer Rodríguez,Cádiz
Azúcar,8.47,4,2026-05-07,Aránzazu de Vaquero,Tarragona
Pan,6.42,1,2025-10-12,Jose Angel Santos Sedano Lobato,Guadalajara
Carne,15.31,7,2025-07-24,Laura Barbero Palacios,León
Café,17.05,2,2025-11-15,Albina del Arce,Salamanca
Huevos,11.83,10,2026-04-12,Pepito Izquierdo Aguado,Segovia
Pollo,0.68,2,2026-01-07,Julián Hidalgo Ayuso,Palencia
Leche,2.42,3,2026-04-19,Moreno Yáñez,Jaén
Pan,2.17,3,2025-10-09,Malena Leon-Arroyo,La Coruña
Leche,10.96,1,2026-04-23,María Cristina Palmer Pelayo,Valencia
Pollo,17.58,2,2025-06-08,Ildefonso Moisés Baró Villaverde,Murcia
Arroz,5.39,5,2025-11-25,Felicia Ochoa Castañeda,Cádiz
Arroz,6.49,5,2026-03-30,Valero del Cózar,Palencia
Pollo,2.31,10,2026-02-21,Melania Rosell Guardia,Lleida
Pan,3.53,6,2026-05-18,Sandra del Tamarit,Valencia
Queso,10.94,3,2025-07-19,Fidela Reina Cepeda Franco,Valencia
Pollo,9.63,2,2025-09-21,Adora Heras Bonilla,Álava
Aceite,1.46,7,2025-11-30,Marcelino de Tomas,Jaén
Aceite,12.34,1,2025-06-10,Marcia Caro,Santa Cruz de Tenerife
Carne,12.22,6,2025-08-28,Pilar Bermúdez Sanabria,Álava
Carne,5.04,6,2025-12-28,Manu Aragón Ferrera,Burgos
Carne,0.93,3,2025-08-14,Silvio Oliva,Ourense
Pan,0.66,10,2025-07-21,Azahar Llanos Morata,Cantabria
Queso,16.57,6,2026-03-18,Sara Gallart Bayo,Cádiz
Pan,19.79,8,2025-06-07,Gerónimo Palomares-Tejera,Navarra
Arroz,13.4,9,2025-08-01,Modesto Alarcón Roselló,Córdoba
Pan,1.57,2,2025-08-11,Máxima Garay-Mayol,Álava
Pan,1.37,5,2025-12-27,Vicente Granados Acevedo,Toledo
Arroz,8.14,4,2026-03-15,Nydia Zapata Perera,Cáceres
Azúcar,5.23,6,2025-10-29,Feliciana Morcillo Marqués,Ávila
Arroz,0.83,2,2025-09-18,Zaira Daza,Santa Cruz de Tenerife
Pan,15.02,4,2025-08-05,Amor de Méndez,Guipúzcoa
Pollo,12.03,10,2025-07-06,Ernesto Delgado Duarte,Jaén
Carne,7.23,4,2026-01-24,Osvaldo del Almagro,Las Palmas
Azúcar,9.13,8,2025-09-13,Rosalía Carrasco Catalá,León
Pollo,4.64,2,2026-02-10,Mario Rivero Rincón,Navarra
Aceite,12.82,10,2025-06-12,Manola Girón-Puerta,Sevilla
Huevos,12.15,7,2025-08-30,Paco Matas Alegria,Barcelona
Queso,14.92,8,2025-09-24,Juanita Valdés,Soria
Huevos,3.21,6,2025-09-05,Raúl Peñalver Vila,Teruel
Huevos,4.05,5,2025-10-22,Candelario Guzmán Font,Jaén
Huevos,8.06,5,2025-11-16,Alejandra Gallo Arévalo,Pontevedra
Queso,9.57,3,2025-08-22,Lope Ibarra Pol,La Rioja
Queso,17.44,2,2025-09-23,Isaac Pardo Garzón,Zaragoza
Azúcar,13.19,8,2025-12-25,Calixto Jordá Lago,Badajoz
Huevos,7.27,1,2025-12-25,Adriana Cantón Donaire,Córdoba
Aceite,3.09,9,2025-09-27,Pedro Martín Hernando,Salamanca
Azúcar,8.62,3,2026-02-18,Alfredo Pereira,Cuenca
Huevos,6.85,6,2025-12-15,Nicolás Bermudez Ureña,Ceuta
Aceite,10.15,8,2026-02-22,Aroa de Robles,Palencia
Café,2.24,1,2025-07-17,Dorotea Marin Arnaiz,Ávila
Huevos,1.82,1,2025-07-04,Miriam Arranz Yáñez,León
Arroz,18.24,9,2025-10-24,Rosaura Murillo,Guipúzcoa
Queso,14.02,6,2025-08-19,Morena Peral Enríquez,Murcia
Queso,7.06,9,2025-11-10,Asdrubal Carrillo Garzón,Badajoz
Arroz,18.13,7,2025-06-29,Eli Marianela Pinedo Martín,Toledo
Aceite,1.73,8,2026-04-11,Rubén Uribe Guardiola,Pontevedra
Carne,9.49,10,2026-03-23,Yaiza del Arce,Huesca
Azúcar,11.73,1,2025-09-22,Vicente Acosta Villaverde,Girona
Pollo,2.46,5,2026-04-20,Nicanor Sáez Barrios,Teruel
Pan,16.2,5,2025-09-20,Josep Casas Alcázar,Guipúzcoa
Pan,4.95,8,2025-11-05,José Manuel Piñeiro Anaya,León
Aceite,15.12,9,2025-08-26,Javiera Maristela Cobo Pagès,Castellón
Leche,14.99,8,2026-05-21,Baudelio Fuster,Huelva
Café,11.36,7,2025-06-23,Pascuala Domingo Alarcón,Guadalajara
Café,18.29,9,2026-05-10,Luna Jaume Bernad,Castellón
Pan,3.01,4,2026-01-01,Lidia del Puga,Vizcaya
Azúcar,3.72,4,2026-04-17,Álvaro Asensio Cortes,Teruel
Azúcar,3.77,1,2026-05-25,Rosalina del Aramburu,Jaén
Pollo,15.59,8,2026-01-19,Ruben Gomis,Guadalajara
Pollo,9.98,4,2025-10-23,Ana Belén Baquero,Granada
Leche,17.15,9,2026-04-03,María Dolores Pereira Lledó,Zamora
Huevos,19.2,6,2025-12-08,Adora Mir Leal,Córdoba
Leche,16.44,9,2025-06-16,Federico Acedo Zabala,Ciudad
Carne,2.92,3,2026-04-26,Conrado Izquierdo Serra,Ciudad
Pan,14.06,2,2025-07-25,Rita Azorin Cerdán,Barcelona
Huevos,15.18,10,2025-05-28,Bautista Villaverde Ribes,Málaga
Aceite,9.98,10,2025-06-26,Edu Gracia Nebot,Valencia
Pollo,8.43,7,2026-03-04,Anselma de Abril,Ciudad
Café,5.05,6,2026-05-18,Haroldo Peñalver-Palmer,Ourense
Azúcar,15.07,5,2026-02-25,Ramiro Roldán Mariscal,Ceuta
Queso,15.95,8,2025-08-13,Amador González Verdugo,Ciudad
Café,3.4,2,2025-10-12,Benigno Uribe-Checa,Huelva
Queso,1.41,6,2026-03-01,Gerardo Escalona Calatayud,Álava
Arroz,19.65,1,2025-10-31,Ambrosio Escribano Arteaga,Asturias
Azúcar,16.35,2,2026-05-07,Matilde Amores Agustí,Murcia
Huevos,16.58,1,2026-02-03,Plácido Benet Rojas,Barcelona
Pan,10.6,1,2026-02-21,Asdrubal Girón Farré,Baleares
Café,11.71,7,2026-05-01,Aristides Cortés Bueno,Córdoba
Queso,7.83,5,2026-02-17,Úrsula del Cantón,Barcelona
Huevos,15.13,3,2025-08-30,Salud Arteaga-Bonilla,Soria
Pollo,18.41,2,2025-12-13,Noa Dávila,Álava
Leche,7.07,6,2025-12-06,Claudio Castro Carmona,Palencia
Arroz,0.9,9,2026-02-02,Damián España,Málaga
Café,15.79,1,2026-02-22,Dolores Bernal Cerdá,Badajoz
Carne,7.88,2,2026-03-09,Nazaret Querol-Robledo,Vizcaya
Carne,15.9,9,2025-06-21,Geraldo Tudela Gárate,Málaga
Arroz,12.11,1,2026-05-15,Silvia Solé Pascual,Jaén
Huevos,9.58,5,2026-01-08,Federico Valera Mora,Baleares
Arroz,11.27,1,2025-10-18,Fausto del Murillo,Madrid
Pan,6.36,3,2025-08-01,Cebrián Losada Villa,Baleares
Leche,17.58,8,2026-05-05,Lidia Vicenta Arenas Acero,Baleares
Huevos,16.4,9,2025-12-06,Gloria Arnal Osuna,Salamanca
Pollo,8.12,6,2025-11-18,Reyes Segarra Córdoba,Teruel
Queso,0.89,10,2025-09-07,Máximo Cuéllar Huerta,Salamanca
Arroz,8.47,4,2026-03-09,Baudelio Molins Fernández,Murcia
Arroz,10.23,2,2025-06-13,Gloria Amo Sans,Las Palmas
Leche,10.28,6,2026-03-03,Antonia Jerez Pedrosa,Lugo
Azúcar,1.49,10,2026-05-15,Sosimo Larrea Ferrández,Albacete
Azúcar,5.18,6,2026-04-16,Felisa Esmeralda Francisco Rius,Ávila
Huevos,3.16,5,2026-04-04,Gertrudis Jiménez Serrano,Baleares
Arroz,8.11,10,2025-12-08,Elisa Barragán-Zabala,Vizcaya
Café,0.77,1,2026-04-28,Rómulo Álvarez Ojeda,Castellón
Leche,9.2,4,2025-10-22,Juan Carlos Quirós Pagès,Huelva
Aceite,15.72,3,2025-10-09,Rodolfo Capdevila Carrasco,Jaén
Pollo,5.28,7,2025-12-13,Américo Vidal Cabello Bertrán,Baleares
Leche,8.53,6,2025-10-19,Pía Rodrigo Juárez,Teruel
Leche,14.65,3,2026-01-17,Clemente Millán Badía,Alicante
Café,12.77,9,2025-12-10,Marisela Castell Olivé,Cáceres
Pollo,2.32,5,2026-01-05,Fermín Pascual Barragán Barroso,Murcia
Pollo,16.53,9,2026-02-02,José Antonio Soria-Niño,Salamanca
Aceite,5.07,8,2025-07-19,Vilma Villar Cortes,Soria
Aceite,14.89,10,2026-01-21,Diana Alfaro,Toledo
Pan,1.88,2,2025-11-22,Timoteo Manuel Lloret Izaguirre,Albacete
Arroz,14.58,8,2025-07-25,Edu Valle Rosales,Cádiz
Leche,6.3,7,2025-11-18,José María de Vendrell,Teruel
Café,13.61,9,2025-10-11,Sergio Nicodemo Ojeda Coloma,Alicante
Pollo,17.33,8,2026-03-08,Juan Francisco Barón Frutos,Las Palmas
Aceite,3.27,7,2026-01-31,Hector del Gallo,Castellón
Huevos,16.51,9,2026-01-02,Violeta Hierro González,Ciudad
Carne,11.77,9,2026-01-31,Cruz del Pablo,Valladolid
Aceite,13.79,5,2025-10-28,Paula Cuervo Redondo,Jaén
Pollo,19.59,5,2026-05-15,Consuelo Padilla Torrecilla,Zamora
Aceite,10.55,2,2026-04-13,Ariel Barba Ríos,Huelva
Carne,9.41,6,2025-12-31,Paulina Marisol Alegre Paz,Córdoba
Queso,13.73,10,2025-07-26,Ruperto Cabanillas Monreal,Castellón
Café,16.62,3,2025-12-09,Epifanio Acevedo Casanovas,Lleida
Arroz,10.81,7,2025-07-31,Bonifacio Narváez Llorens,Sevilla
Huevos,14.49,3,2025-08-02,Violeta Andrade Morell,Salamanca
Carne,5.17,2,2025-09-01,Domitila Elorza,Murcia
Arroz,7.81,6,2025-10-02,Valero Carrasco-Montesinos,Alicante
Arroz,7.66,2,2026-02-11,Heliodoro Losada Vilaplana,La Coruña
Pollo,14.25,3,2025-10-12,Paulino Llamas Rodriguez,Álava
Queso,17.8,2,2026-04-24,Ema del Román,Madrid
Pan,17.74,6,2025-11-12,Dionisia Vara-Uría,Girona
Azúcar,12.29,3,2026-01-07,Clara Otero Arenas,Salamanca
Carne,17.69,7,2025-10-23,Régulo Cabrero-Cifuentes,Melilla
Arroz,14.43,1,2025-07-25,Rico de Cifuentes,Soria
Pollo,6.39,2,2025-08-10,Fabiana Arroyo Rivero,Melilla
Carne,12.15,2,2026-01-28,Susanita Yáñez Miguel,Álava
Arroz,1.31,1,2025-12-17,Juana Montalbán Zamora,Asturias
Azúcar,19.4,10,2025-08-14,Bernardita Aguilar Iriarte,Ávila
Café,4.85,10,2026-02-05,Eva Santana Moreno,Barcelona
Carne,7.72,5,2026-03-24,Elisabet Alcántara Vicente,Las Palmas
Azúcar,2.68,1,2025-09-18,Octavio Fernando Crespi Poza,Albacete
Arroz,4.17,1,2025-12-07,Jessica Cabañas,Lugo
Leche,2.56,5,2025-11-22,Vasco Vaquero Pérez,Zamora
Carne,11.8,10,2025-12-13,Regina Bustamante Soria,Cuenca
Arroz,8.23,3,2025-12-05,Ani de Sevilla,Huesca
Queso,3.89,7,2025-06-07,Maricela Zabala Medina,Córdoba
Arroz,13.3,4,2025-09-20,Aníbal Trillo-Izaguirre,Soria
Carne,18.61,4,2026-04-08,Moisés Herranz Palmer,Tarragona
Café,9.87,7,2025-09-23,Arturo Guillen Falcó,León
Pollo,4.43,5,2026-01-01,Teresita Cabrero Berrocal,Vizcaya
Pan,4.52,1,2025-12-25,Gerónimo Zamora,Granada
Pollo,14.65,3,2026-04-15,Carlito Girona Raya,Zamora
Huevos,6.67,4,2025-06-09,Camilo Egea Sureda,Álava
Carne,11.08,1,2026-01-21,Moreno Borrell Bermejo,Soria
Huevos,6.4,10,2025-11-14,Pepita Josefina Amores Paredes,Pontevedra
Queso,3.12,6,2025-08-30,Mayte Ramos-Aliaga,Vizcaya
Café,16.34,1,2026-04-22,Fanny Colomer Canals,Huesca
Huevos,1.9,5,2025-12-23,Reyes Alemany Hernández,Álava
Aceite,9.01,10,2026-03-11,Anselmo Aguilera-Tenorio,Álava
Queso,1.2,7,2025-06-03,Olimpia Cornejo Ibáñez,Ávila
Arroz,10.4,3,2025-12-12,Leandra Pardo,Zamora
Carne,5.82,3,2025-10-23,Sofía Abella-Saldaña,Valencia
Queso,18.94,3,2025-09-05,Nereida Corominas Gelabert,Alicante
Azúcar,10.2,10,2025-10-18,Ovidio Diéguez Ugarte,Granada
Arroz,13.68,9,2026-04-25,Viviana Abascal,Lugo
Azúcar,2.73,4,2025-08-13,Vasco Alberola-Arnaiz,Jaén
Café,14.87,8,2025-07-05,Ámbar Céspedes Navas,Albacete
Café,7.37,6,2025-10-05,Rocío Hidalgo-Flores,Almería
Azúcar,11.16,1,2025-11-20,Javier de Ortiz,Santa Cruz de Tenerife
Azúcar,17.87,10,2025-05-31,Reyes Olivera Lluch,Huesca
Café,17.76,7,2025-09-24,Toni Boix Castro,Las Palmas
Leche,1.3,6,2025-05-27,Amparo del Múgica,Soria
Café,15.12,6,2025-11-29,Ulises Rebollo-Niño,La Rioja
Queso,7.79,9,2025-08-17,Lázaro Díez Fuster,Tarragona
Huevos,4.32,10,2025-08-31,Martin Haroldo Gracia Ureña,Segovia
Pan,12.87,8,2025-09-05,Erasmo Rubio,Ávila
Café,7.22,10,2025-12-09,Héctor Fernandez Fiol,León
Arroz,1.3,1,2026-03-05,Lucho Agudo Diego,Las Palmas
Arroz,3.96,9,2025-07-22,Sancho Ariza Olivé,Barcelona
Carne,8.01,8,2025-08-21,Pastora Capdevila Grau,Toledo
Azúcar,4.24,8,2026-05-01,Francisca Iniesta,Málaga
Arroz,7.16,8,2025-11-18,Consuelo Abellán Palacios,Castellón
Queso,9.92,9,2025-10-29,Eustaquio del Ledesma,Córdoba
Huevos,17.75,6,2025-10-17,Roque Conrado Cal Belmonte,La Rioja
Azúcar,6.9,8,2025-08-23,Benigna del Cortina,Santa Cruz de Tenerife
Carne,1.26,2,2026-04-10,Gregorio Barral,Tarragona
Huevos,8.24,4,2025-10-28,Susanita Real,Alicante
Pan,14.65,4,2025-06-08,Ricardo Almansa Botella,Huesca
Huevos,2.83,2,2025-06-03,Jose Miguel Sebastián Prada,Melilla
Huevos,4.94,2,2026-05-07,Gervasio Pinto Mateos,Ourense
Queso,2.67,3,2025-11-14,Nacio Morera Lozano,Córdoba
Café,8.82,2,2026-01-14,Salvador Iriarte Mariscal,Palencia
Azúcar,1.75,2,2026-03-02,Pilar Sierra,Ourense
Aceite,12.67,7,2026-03-23,Nilda Rivas-Pagès,Badajoz
Arroz,12.89,5,2026-02-13,Sabas Valbuena,Zaragoza
Arroz,5.8,8,2026-03-15,Gerónimo Agudo Arteaga,Zamora
Azúcar,18.94,9,2025-11-06,Reinaldo Puga Estévez,Navarra
Café,11.66,2,2026-05-02,Sebastián Coloma Ríos,Palencia
Pan,8.08,8,2025-07-09,Venceslás Benitez Manrique,Albacete
Azúcar,6.78,7,2025-10-29,Andrés Felipe Polo Noriega,Santa Cruz de Tenerife
Leche,2.7,5,2026-03-13,Yéssica Briones-Gual,Vizcaya
Carne,12.87,5,2025-08-25,Hernán Maestre Vicente,Cuenca
Queso,8.22,7,2026-01-11,Primitivo Mesa-Priego,Álava
Pan,15.09,8,2026-01-30,Isidro Alvarez Morell,Madrid
Café,6.13,8,2025-08-28,Pánfilo Cristian Tovar Fernández,Almería
Arroz,13.18,8,2025-09-15,Eloísa Piquer Durán,Valencia
Pan,12.09,7,2025-08-07,Cándida Hidalgo-Carrión,Granada
Pan,10.61,7,2025-11-20,Juan Carlos Cruz-Abellán,Cantabria
Arroz,4.99,6,2025-09-13,Jacinto Suárez Acero,Vizcaya
Queso,6.71,3,2026-05-17,Alejandro Alba-Bauzà,Cantabria
Arroz,19.42,3,2025-07-25,Ariel Cabeza,Lleida
Pan,13.54,7,2026-02-09,Aroa del Roselló,Ciudad
Pollo,11.07,9,2025-11-12,Renata Bárcena Lledó,Ciudad
Café,17.8,8,2026-01-30,Dominga Viñas-Corbacho,Tarragona
Queso,12.88,1,2026-02-28,Leandra Milla Márquez,Almería
Huevos,11.32,10,2025-11-16,Cecilio de Adán,Zaragoza
Azúcar,2.54,10,2025-07-15,Roberta Menendez Adán,Ourense
Aceite,1.5,9,2026-01-09,Julián Mesa García,Soria
Aceite,7.55,3,2026-03-20,Fermín Toribio Tena Santamaría,Valencia
Pan,1.3,7,2025-08-06,Ani Bernat Rosales,Barcelona
Queso,3.16,1,2026-03-07,Rubén Sevilla Fernández,Valencia
Arroz,1.58,5,2026-01-23,Vasco Pascual-Bueno,Girona
Queso,12.66,6,2025-11-14,Ainoa Montenegro Carranza,Burgos
Pan,19.59,6,2026-01-11,Gerardo Bernardo Benavente Estrada,Huesca
Queso,3.29,9,2025-07-27,Antonio Iñiguez-Barrios,Álava
Pollo,6.97,8,2026-02-06,Delia Estrada Jara,Girona
Queso,19.9,4,2025-06-12,Tomás Caparrós Tamayo,Murcia
Pan,4.22,4,2025-10-03,Edmundo Comas-Mate,Guadalajara
Pan,7.8,8,2025-07-09,Jesusa Maldonado Ibáñez,Asturias
Pan,1.44,7,2025-10-15,Rico Calixto Solís Bonilla,Almería
Carne,15.07,1,2026-05-06,Concepción Gimeno Vázquez,Almería
Tupper,21.5,16,2026-04-11 00:00:00,Calixto Posada Velázquez,Murcia
Utensilio de cocina plástico,43.05,7,2025-06-19 00:00:00,Tomás Amo Armengol,Toledo
Cubo organizador,44.12,14,2025-12-10 00:00:00,Fernanda Pizarro Rueda,Valladolid
Cubo de basura plástico,17.43,4,2025-08-29 00:00:00,Duilio Hernandez-Bosch,Baleares
Silla plástica,30.2,5,2026-05-18 00:00:00,Mireia Solé Hidalgo,Burgos
Botella PET,16.8,6,2025-09-19 00:00:00,Gisela Ferrer,Segovia
Utensilio de cocina plástico,19.06,13,2025-12-28 00:00:00,Valerio Hervás,Segovia
Cubo organizador,46.68,9,2026-01-21 00:00:00,Toribio de Monreal,Cuenca
Cubo organizador,26.62,2,2026-04-14 00:00:00,Joan Pellicer-Huguet,Navarra
Cubo de basura plástico,30.27,17,2026-01-28 00:00:00,Beatriz Saavedra Piñeiro,Valladolid
Envase plástico,22.92,7,2025-08-22 00:00:00,Azeneth de Estrada,Málaga
Botella PET,29.14,15,2025-11-02 00:00:00,Abigaíl Sobrino Pina,Barcelona
Botella PET,45.48,13,2026-04-07 00:00:00,Claudio Egea Cerdán,Baleares
Envase plástico,25.83,6,2025-10-17 00:00:00,Horacio Uribe Salinas,Navarra
Cubo de basura plástico,44.23,8,2025-06-06 00:00:00,Marisol Julie Macias Fuertes,Guipúzcoa
Botella PET,25.76,5,2025-06-21 00:00:00,Martín Benitez Somoza,Ciudad
Pelota plástica,2.2,6,2026-02-15 00:00:00,Javiera Adadia Robles,Murcia
Tupper,4.49,19,2025-08-21 00:00:00,Evelia Checa,Pontevedra
Tupper,34.52,12,2026-04-02 00:00:00,Osvaldo Mercader Macías,Ciudad
Tupper,12.5,16,2025-08-18 00:00:00,Samu Cuervo Azcona,Castellón
Botella PET,35.64,9,2025-07-08 00:00:00,Luciano Mur Nadal,Soria
Pelota plástica,49.74,6,2025-08-14 00:00:00,Manuela Paola Bosch Cuevas,Burgos
Cubo organizador,30.57,5,2026-03-04 00:00:00,Silvio Rosell Cuesta,Madrid
Muñeco de plástico,3.96,1,2026-02-18 00:00:00,Sosimo Jerez Alba,Badajoz
Botella PET,11.38,16,2025-06-24 00:00:00,Gisela Ariño,Lleida
Muñeco de plástico,34.0,3,2025-11-24 00:00:00,Pío Delgado,Álava
Cubo organizador,14.94,14,2026-02-08 00:00:00,Berto Gargallo Rocamora,Ávila
Tupper,32.01,4,2025-09-28 00:00:00,Melchor Tomé-Palacio,Murcia
Tupper,44.89,12,2026-02-24 00:00:00,Bienvenida Gelabert Capdevila,Alicante
Envase plástico,15.51,11,2026-01-10 00:00:00,Encarna Aznar Sanz,Huelva
Juguete de plástico,44.59,10,2025-12-09 00:00:00,Violeta Ferreras Vigil,Guipúzcoa
Cubo de basura plástico,25.81,20,2025-09-15 00:00:00,Loreto Prats,Huelva
Botella PET,42.76,11,2026-03-27 00:00:00,Victoriano Pulido Cardona,La Rioja
Cubo organizador,24.22,1,2025-09-29 00:00:00,Toribio Barrio,Ciudad
Cubo organizador,30.67,7,2025-10-25 00:00:00,Gema Nieto Agudo,Guadalajara
Muñeco de plástico,41.61,6,2026-01-16 00:00:00,Candela Arteaga Crespi,Huelva
Pelota plástica,35.25,11,2026-03-03 00:00:00,Evita Pulido-Lillo,Huelva
Envase plástico,30.68,3,2026-02-17 00:00:00,Teófila Dorita Anaya Trillo,Vizcaya
Silla plástica,16.06,6,2026-03-29 00:00:00,Adoración Iniesta Cal,Ourense
Muñeco de plástico,18.25,17,2026-05-20 00:00:00,Brunilda Mascaró,Valencia
Silla plástica,41.27,10,2025-09-21 00:00:00,Matilde del Anguita,Salamanca
Botella PET,38.28,10,2025-09-23 00:00:00,Georgina Montoya Salazar,Jaén
Cubo organizador,5.52,14,2025-11-22 00:00:00,Alejandro Puente Rosselló,Cádiz
Envase plástico,45.02,20,2026-03-16 00:00:00,Eugenia Dolores Gisbert Alberola,Guipúzcoa
Silla plástica,10.22,19,2025-12-19 00:00:00,Gervasio Alvarado Márquez,Murcia
Muñeco de plástico,18.07,13,2025-06-05 00:00:00,Ruy Jacinto Ávila Barroso,Zamora
Cubo de basura plástico,20.13,14,2026-05-07 00:00:00,Jovita Bermejo Alfonso,Pontevedra
Tupper,49.76,20,2026-02-06 00:00:00,Manu del Carvajal,León
Silla plástica,37.84,20,2025-11-16 00:00:00,Edelmira Miranda,Guipúzcoa
Envase plástico,14.39,1,2025-11-10 00:00:00,Valero Cordero Agullo,Salamanca
Tupper,42.28,17,2025-09-07 00:00:00,Urbano Téllez Barco,Cádiz
Cubo organizador,22.37,10,2026-01-10 00:00:00,Mirta Batalla Cazorla,Málaga
Utensilio de cocina plástico,17.7,5,2025-06-01 00:00:00,Nazario Costa Mármol,Lugo
Juguete de plástico,6.78,18,2025-07-01 00:00:00,Isaura Domingo,Asturias
Botella PET,15.52,10,2026-04-25 00:00:00,Irma Caparrós Lasa,Baleares
Pelota plástica,47.53,17,2025-07-04 00:00:00,Rosaura Ileana Sola Solsona,Las Palmas
Cubo de basura plástico,12.46,19,2025-08-30 00:00:00,Clementina Zamora Girón,Pontevedra
Juguete de plástico,23.14,20,2025-09-23 00:00:00,Regina Tormo Catalá,Santa Cruz de Tenerife
Cubo de basura plástico,45.43,9,2025-10-11 00:00:00,Adolfo del Rosales,Ceuta
Pelota plástica,16.79,12,2026-05-02 00:00:00,Paula Olivé-Menéndez,Cáceres
Silla plástica,34.84,7,2026-02-12 00:00:00,Mariano Grande-Feliu,Pontevedra
Utensilio de cocina plástico,10.35,2,2026-03-22 00:00:00,Nacio Ayuso,Ávila
Cubo de basura plástico,46.22,20,2025-12-21 00:00:00,Alondra Martorell Cabeza,Navarra
Cubo organizador,6.66,18,2025-09-29 00:00:00,Elisa Porras,Ourense
Cubo de basura plástico,42.1,17,2025-11-26 00:00:00,Quirino Cózar Borrell,Melilla
Botella PET,7.94,12,2025-12-24 00:00:00,Hernando Salmerón Asenjo,Jaén
Silla plástica,46.44,10,2026-05-02 00:00:00,Felipe Zamora Molina,Salamanca
Utensilio de cocina plástico,5.2,4,2025-07-08 00:00:00,María Cristina de Ávila,Ceuta
Botella PET,34.32,3,2025-08-26 00:00:00,Rosenda Lamas Baena,Murcia
Pelota plástica,48.96,19,2025-10-31 00:00:00,Elpidio Requena Bolaños,Palencia
Pelota plástica,9.28,12,2026-03-24 00:00:00,Sancho Alberdi Bernad,Toledo
Muñeco de plástico,47.35,16,2025-12-17 00:00:00,Maristela Mendoza Cózar,Lleida
Cubo organizador,12.45,13,2026-04-11 00:00:00,Luz Noguera-Anaya,Ávila
Tupper,18.07,18,2025-07-30 00:00:00,Rogelio Plana Amorós,Córdoba
Cubo de basura plástico,7.52,10,2025-11-08 00:00:00,Marciano Pozuelo Quero,Córdoba
Tupper,12.74,11,2026-02-02 00:00:00,Ignacia Jáuregui Soler,Huesca
Juguete de plástico,26.43,11,2026-05-04 00:00:00,Enrique Cobos Arregui,Castellón
Cubo organizador,33.62,12,2026-03-18 00:00:00,Lorenza de Olivé,Santa Cruz de Tenerife
Juguete de plástico,27.56,12,2026-02-08 00:00:00,Angelita Pardo Luna,Burgos
Pelota plástica,42.82,10,2025-09-07 00:00:00,Casandra Alarcón Landa,Valladolid
Botella PET,24.8,20,2025-09-19 00:00:00,María Luisa Encarnacion Echevarría Torre,La Coruña
Envase plástico,18.23,17,2026-03-19 00:00:00,Sabas Herrera-Montoya,Soria
Pelota plástica,27.93,10,2026-04-30 00:00:00,Herberto Aguiló Mata,Valencia
Tupper,36.26,17,2026-04-08 00:00:00,Clotilde Gras Cuesta,Toledo
Utensilio de cocina plástico,24.88,11,2026-03-06 00:00:00,Ezequiel Marí Quintana,La Rioja
Botella PET,4.96,1,2025-09-23 00:00:00,Albano Rueda Barrena,Pontevedra
Tupper,19.02,19,2026-01-16 00:00:00,Luisa Gomila Bertrán,Murcia
Cubo organizador,38.78,4,2026-01-02 00:00:00,Balduino Tamayo-Iñiguez,Lleida
Utensilio de cocina plástico,21.22,3,2025-06-10 00:00:00,Rogelio Guillén Rodríguez,Ciudad
Pelota plástica,5.46,12,2025-10-19 00:00:00,Lorena Marina Aguirre Antón,Zaragoza
Cubo organizador,31.86,3,2026-02-27 00:00:00,Abigaíl Jara Ferrer,Badajoz
Muñeco de plástico,37.4,5,2025-11-26 00:00:00,Donato Piña-Recio,Lleida
Tupper,48.64,20,2026-03-06 00:00:00,Crescencia del Seco,Ourense
Silla plástica,47.81,13,2025-09-24 00:00:00,Rufina Anglada Cánovas,Barcelona
Utensilio de cocina plástico,21.55,8,2025-12-07 00:00:00,Inés Balaguer-Grande,Murcia
Silla plástica,16.73,12,2026-03-10 00:00:00,Natalia Solé Figueroa,Pontevedra
Tupper,34.0,2,2025-07-13 00:00:00,Eusebia Jaén Barreda,Cáceres
Utensilio de cocina plástico,2.05,1,2026-01-06 00:00:00,Adora Garmendia Elorza,Sevilla
Envase plástico,22.61,20,2025-11-06 00:00:00,Renata Bonilla Arranz,Guipúzcoa
Juguete de plástico,21.26,17,2025-10-02 00:00:00,Lourdes Vara Céspedes,Cuenca
Cubo organizador,39.2,8,2025-07-20 00:00:00,Tania Rosenda Pujol Fuster,Burgos
Juguete de plástico,4.95,17,2026-03-09 00:00:00,Telmo de Andrés,Vizcaya
Botella PET,34.83,7,2025-11-22 00:00:00,Cayetano Mena Cortes,Cantabria
Juguete de plástico,14.13,16,2025-11-10 00:00:00,Virgilio Frutos Daza,Melilla
Botella PET,38.41,20,2025-09-26 00:00:00,Severo Enrique Villar Hernando,Guipúzcoa
Juguete de plástico,25.15,17,2026-03-19 00:00:00,Damián Diego-Canet,Soria
Utensilio de cocina plástico,6.05,19,2026-03-02 00:00:00,Marcial Mur Cabanillas,Las Palmas
Envase plástico,7.18,4,2025-09-03 00:00:00,Lupe Daza Ramis,Guipúzcoa
Muñeco de plástico,14.65,19,2026-03-07 00:00:00,Salvador Serrano Chaparro,Almería
Pelota plástica,1.02,6,2025-10-30 00:00:00,Sol Lucas Reguera,Barcelona
Cubo organizador,5.44,2,2025-06-18 00:00:00,Alicia Canales Pastor,Barcelona
Cubo de basura plástico,29.85,18,2026-03-10 00:00:00,Teo del Torrents,Zaragoza
Tupper,42.2,11,2026-05-22 00:00:00,Eduardo Raya Goicoechea,Almería
Botella PET,36.52,12,2025-10-18 00:00:00,Elena Falcón,Barcelona
Muñeco de plástico,34.19,4,2025-12-06 00:00:00,Mariano Guzman Barrios,León
Silla plástica,29.55,3,2026-03-17 00:00:00,Isaías Campillo Vilanova,Ceuta
Tupper,42.11,6,2025-10-04 00:00:00,Emilia Miranda Guijarro,Álava
Muñeco de plástico,14.51,14,2025-08-20 00:00:00,Celestino Cordero Pedro,Ávila
Juguete de plástico,1.36,7,2025-10-04 00:00:00,Bruno Santana Garmendia,Albacete
Muñeco de plástico,26.78,14,2025-10-08 00:00:00,Encarnita Carreño Baró,Ceuta
Silla plástica,20.93,18,2026-01-11 00:00:00,Yésica Amorós Cañas,Cantabria
Botella PET,38.87,19,2025-09-03 00:00:00,Sol Espada Hervás,Ciudad
Envase plástico,30.87,16,2025-12-31 00:00:00,Máxima Rosell-Jover,Guadalajara
Muñeco de plástico,21.64,13,2026-02-13 00:00:00,Aránzazu Perales Torralba,Almería
Tupper,41.32,3,2026-02-19 00:00:00,José Antonio de Salgado,Barcelona
Envase plástico,38.07,10,2025-10-16 00:00:00,Marcelino Marino Ortega Ayllón,Valladolid
Tupper,15.37,18,2026-04-15 00:00:00,Ruben Coronado Goicoechea,Zaragoza
Tupper,29.53,10,2026-05-02 00:00:00,Vinicio Carrión Casanova,Valencia
Pelota plástica,33.55,12,2026-01-08 00:00:00,Apolinar Artigas Bejarano,Zamora
Cubo de basura plástico,29.32,11,2026-01-31 00:00:00,Ruben Guitart Mayoral,Navarra
Envase plástico,25.19,3,2025-09-25 00:00:00,Dimas Telmo Benitez Ibañez,Almería
Cubo de basura plástico,22.33,3,2026-04-04 00:00:00,Camila Castellanos,Vizcaya
Juguete de plástico,5.29,1,2025-06-02 00:00:00,Nicolás del Pedraza,Burgos
Muñeco de plástico,25.92,8,2026-05-16 00:00:00,Jesusa Madrigal Rey,Zaragoza
Botella PET,13.32,1,2025-07-09 00:00:00,Alfredo Nogueira Ricart,Murcia
Utensilio de cocina plástico,26.28,6,2026-01-31 00:00:00,Pastora Ricart Palacios,Badajoz
Utensilio de cocina plástico,27.91,13,2025-06-21 00:00:00,Charo Quintanilla Rojas,Lleida
Utensilio de cocina plástico,46.66,5,2025-12-29 00:00:00,Saturnino de Peinado,Asturias
Juguete de plástico,38.33,2,2026-04-22 00:00:00,Flavia del Amat,Sevilla
Utensilio de cocina plástico,2.31,9,2026-03-19 00:00:00,Jaime Falcón Cámara,Huelva
Utensilio de cocina plástico,30.48,15,2026-04-06 00:00:00,Goyo Ropero Pujol,Guadalajara
Utensilio de cocina plástico,24.31,3,2025-10-23 00:00:00,Quique Heredia-Tena,Baleares
Envase plástico,48.68,3,2026-01-20 00:00:00,Delia Figuerola Jaén,Santa Cruz de Tenerife
Cubo organizador,26.61,2,2026-03-21 00:00:00,Julia Irene Andreu Roda,Albacete
Juguete de plástico,45.42,15,2026-04-21 00:00:00,Aura Torrecilla Mena,Segovia
Cubo organizador,28.36,11,2025-07-04 00:00:00,Benigna Moya,Castellón
Cubo de basura plástico,2.65,18,2026-01-03 00:00:00,Magdalena Raquel Baños Águila,Valladolid
Pelota plástica,31.22,2,2025-08-31 00:00:00,Nayara Marqués Valls,León
Envase plástico,15.66,2,2025-12-15 00:00:00,Juana Coll Exposito,Huelva
Utensilio de cocina plástico,26.34,6,2025-10-07 00:00:00,Abilio Chuy Rey Marín,Badajoz
Juguete de plástico,19.96,3,2025-09-17 00:00:00,Oriana Vicens Cabañas,Madrid
Silla plástica,32.47,18,2025-08-16 00:00:00,Modesta Torrents Lucena,Segovia
Botella PET,47.69,2,2026-03-03 00:00:00,Agustín Herrero,Zamora
Pelota plástica,32.39,18,2026-01-01 00:00:00,Bartolomé Segura Palma,Girona
Botella PET,5.91,4,2026-01-17 00:00:00,Elías Robledo Olivé,Córdoba
Pelota plástica,16.1,16,2026-03-15 00:00:00,Remigio Duque Clavero,Huesca
Muñeco de plástico,33.04,10,2025-09-12 00:00:00,Anastasio Soler Solera,Almería
Cubo de basura plástico,34.81,3,2025-12-21 00:00:00,Vera de Quesada,Ourense
Botella PET,35.18,17,2025-06-07 00:00:00,Bernardo Pedro Larrea,Ávila
Cubo organizador,9.14,13,2026-03-01 00:00:00,Loida González-Diego,Melilla
Cubo de basura plástico,47.62,18,2026-01-07 00:00:00,Geraldo Noriega Solé,Castellón
Juguete de plástico,8.68,2,2026-02-14 00:00:00,Iker Poza Dominguez,Soria
Botella PET,8.05,14,2025-10-25 00:00:00,Amaya Hierro Goicoechea,Córdoba
Pelota plástica,39.14,4,2025-06-04 00:00:00,Evaristo Ponce Almansa,Badajoz
Envase plástico,37.67,2,2026-03-11 00:00:00,Espiridión Ortiz-Molina,Ceuta
Pelota plástica,31.69,20,2025-11-13 00:00:00,Inés Melero Grande,Madrid
Botella PET,25.4,14,2025-11-19 00:00:00,Donato de Chamorro,Girona
Muñeco de plástico,41.2,16,2025-12-28 00:00:00,Leonor Teruel-Martinez,Alicante
Utensilio de cocina plástico,37.42,8,2025-09-03 00:00:00,Plinio de Quevedo,La Rioja
Cubo organizador,45.25,7,2025-07-12 00:00:00,Timoteo Neira Fernandez,Valladolid
Muñeco de plástico,24.05,9,2025-08-11 00:00:00,Leoncio Guillén Valverde,Almería
Envase plástico,13.4,20,2025-07-22 00:00:00,Lara Laguna,La Coruña
Pelota plástica,31.16,11,2025-10-26 00:00:00,Andrés Felipe Roldan Ugarte,Huelva
Silla plástica,5.57,18,2026-01-10 00:00:00,Lázaro Pons Calatayud,Las Palmas
Botella PET,38.62,10,2025-10-18 00:00:00,Luisina Echevarría Pinto,Almería
Botella PET,30.84,17,2025-10-02 00:00:00,Alexandra del Baró,Murcia
Muñeco de plástico,38.65,6,2025-08-04 00:00:00,Marisol Dávila Uribe,Pontevedra
Botella PET,31.94,9,2026-02-02 00:00:00,Piedad Sanz Gargallo,Cantabria
Cubo de basura plástico,39.04,7,2026-05-11 00:00:00,Narcisa Malo Higueras,Asturias
Muñeco de plástico,10.73,11,2025-06-17 00:00:00,Urbano Jódar Bayo,La Rioja
Tupper,33.53,15,2025-09-24 00:00:00,Maura Mirta Mayol Anglada,Valladolid
Juguete de plástico,49.14,15,2026-05-19 00:00:00,Armando Elpidio Torres Boada,Madrid
Utensilio de cocina plástico,3.1,2,2026-01-23 00:00:00,Iris Cid Estevez,León
Utensilio de cocina plástico,3.07,6,2025-07-13 00:00:00,Omar del Correa,Pontevedra
Pelota plástica,40.16,5,2025-07-10 00:00:00,Rafaela Navas-Bustos,La Coruña
Silla plástica,17.91,5,2026-04-11 00:00:00,Heliodoro López,Las Palmas
Botella PET,41.49,5,2025-10-23 00:00:00,Hilario Coll,Ciudad
Envase plástico,24.96,3,2025-09-23 00:00:00,Tecla Esmeralda Hurtado Peiró,Toledo
Muñeco de plástico,3.87,17,2025-09-28 00:00:00,Dulce Donoso Llobet,Teruel
Cubo de basura plástico,49.3,9,2025-08-30 00:00:00,Concepción Matilde Vera Fábregas,Alicante
Muñeco de plástico,20.82,13,2025-08-06 00:00:00,Celestina Amo Abella,Albacete
Utensilio de cocina plástico,48.31,17,2025-10-27 00:00:00,Primitiva Tamayo Salazar,La Rioja
Silla plástica,17.03,9,2026-03-02 00:00:00,Juan Carlos Jódar-Jerez,Ceuta
Utensilio de cocina plástico,35.96,2,2025-09-07 00:00:00,Piedad Higueras,Toledo
Botella PET,24.46,16,2026-02-12 00:00:00,Lupita Frutos,Santa Cruz de Tenerife
Muñeco de plástico,34.93,19,2026-04-13 00:00:00,Mirta Riquelme Belda,Zamora
Pelota plástica,33.03,17,2025-06-30 00:00:00,Tamara Garcia Vila,Cuenca
Tupper,7.34,14,2025-06-09 00:00:00,Teresa Marin-Olivares,Soria
Envase plástico,19.48,19,2025-09-22 00:00:00,Clara Vives Quiroga,Vizcaya
Envase plástico,13.11,5,2026-05-23 00:00:00,Noelia Campillo,Alicante
Envase plástico,36.25,14,2025-10-04 00:00:00,Federico Macario Campos Villar,La Coruña
Utensilio de cocina plástico,43.6,8,2025-09-28 00:00:00,Julieta Salvà Juárez,Vizcaya
Envase plástico,13.55,11,2026-03-28 00:00:00,Florentino de Fabra,Guadalajara
Silla plástica,46.85,20,2026-03-25 00:00:00,Demetrio Aller Avilés,Jaén
Cubo de basura plástico,12.51,10,2025-12-29 00:00:00,Sara Lourdes Zaragoza Olivares,Albacete
Pelota plástica,16.78,17,2025-08-29 00:00:00,Adelia Mateos-Rojas,Málaga
Tupper,39.02,14,2026-05-19 00:00:00,Susana Sanabria,Cantabria
Cubo de basura plástico,47.18,18,2025-06-08 00:00:00,Nereida Garmendia Fabra,Tarragona
Cubo organizador,28.32,2,2025-11-07 00:00:00,Alexandra Hurtado España,Teruel
Cubo de basura plástico,29.9,8,2025-10-07 00:00:00,Patricio Vidal Camino Barroso,Tarragona
Envase plástico,9.94,14,2026-03-24 00:00:00,Almudena Belda,Santa Cruz de Tenerife
Muñeco de plástico,22.84,19,2025-08-30 00:00:00,Macarena de Álamo,Tarragona
Botella PET,21.94,4,2025-06-25 00:00:00,Ismael de Lopez,La Coruña
Cubo organizador,29.57,8,2025-06-01 00:00:00,Petrona Maza Ródenas,Alicante
Envase plástico,33.91,3,2026-01-24 00:00:00,Obdulia del López,Girona
Pelota plástica,23.06,19,2026-03-01 00:00:00,Óscar Orozco,Castellón
Utensilio de cocina plástico,39.68,15,2026-03-09 00:00:00,Albert Gómez Vilaplana,Madrid
Tupper,42.48,20,2026-03-11 00:00:00,Jonatan Tejedor-Valero,Santa Cruz de Tenerife
Envase plástico,17.03,1,2026-05-03 00:00:00,Lorenzo Granados,Melilla
Utensilio de cocina plástico,6.28,19,2026-02-19 00:00:00,Claudia Hidalgo Fabregat,Melilla
Pelota plástica,42.41,14,2026-02-15 00:00:00,Andrea Villena Valls,Huelva
Cubo organizador,6.43,4,2025-09-29 00:00:00,Victor Manuel Larrañaga,Granada
Muñeco de plástico,13.9,18,2025-06-06 00:00:00,Mayte Narcisa Querol Vicens,Salamanca
Utensilio de cocina plástico,9.61,15,2026-04-02 00:00:00,Lisandro Pedrosa Fajardo,Huesca
Pelota plástica,46.23,20,2026-04-23 00:00:00,Marciano Ferrándiz,Almería
Muñeco de plástico,38.64,10,2026-03-22 00:00:00,Antonio Cabeza,Melilla
Silla plástica,6.32,4,2026-01-28 00:00:00,Amaro Isidoro España Diéguez,Baleares
Silla plástica,49.45,4,2025-11-18 00:00:00,Agapito Anglada Segarra,Burgos
Botella PET,5.94,11,2025-11-19 00:00:00,Albino Ferrer-Almagro,Guadalajara
Envase plástico,49.49,7,2025-09-21 00:00:00,Rubén Cifuentes Oller,Zaragoza
Utensilio de cocina plástico,17.48,15,2025-07-02 00:00:00,Toño Antón Terrón,Lleida
Cubo de basura plástico,2.57,12,2025-12-01 00:00:00,Maximino Palau Vilaplana,Ceuta
Cubo organizador,16.1,20,2026-04-28 00:00:00,María Cristina Domínguez,Burgos
Silla plástica,8.96,18,2025-07-07 00:00:00,Ariel Segura Antón,Toledo
Juguete de plástico,4.49,14,2026-04-30 00:00:00,Héctor Contreras Verdugo,Albacete
Tupper,48.74,3,2025-08-30 00:00:00,Reyna de Talavera,Lleida
Envase plástico,24.45,1,2026-01-19 00:00:00,Pascuala Marti-Gallart,Baleares
Utensilio de cocina plástico,3.14,14,2026-02-21 00:00:00,Cristian Rueda,Salamanca
Cubo de basura plástico,37.32,8,2025-09-08 00:00:00,Primitivo Cobos Bautista,Soria
Pelota plástica,9.9,2,2026-01-31 00:00:00,Juan Francisco Clavero Santiago,Guipúzcoa
Cubo de basura plástico,6.64,9,2025-08-08 00:00:00,Almudena Reig Font,Girona
Envase plástico,2.77,3,2026-03-10 00:00:00,Julie Belén Galindo Carnero,Almería
Cubo de basura plástico,20.68,8,2026-02-23 00:00:00,Matías de Plaza,Castellón
Cubo organizador,24.17,11,2025-09-05 00:00:00,Telmo Frutos Ríos,Santa Cruz de Tenerife
Muñeco de plástico,10.17,10,2025-08-07 00:00:00,Bernarda Camino,Girona
Tupper,18.84,12,2026-05-11 00:00:00,Luis Ángel Ricart Alcolea,Zaragoza
Botella PET,42.76,16,2025-12-29 00:00:00,Eugenia Zaragoza Martorell,Tarragona
Utensilio de cocina plástico,23.32,11,2026-04-09 00:00:00,Juan Nuñez,La Rioja
Muñeco de plástico,45.91,9,2025-09-27 00:00:00,Hugo Manzanares Blazquez,Tarragona
Cubo de basura plástico,25.33,16,2025-11-07 00:00:00,Lucho Salas Márquez,Lugo
Juguete de plástico,20.96,3,2026-04-29 00:00:00,Quirino Galvez Carreras,Ceuta
Muñeco de plástico,46.74,2,2026-01-25 00:00:00,Tatiana Fernández Amigó,Las Palmas
Juguete de plástico,26.32,2,2025-07-21 00:00:00,Loida del Atienza,Jaén
Silla plástica,2.19,1,2026-01-27 00:00:00,América Ferreras Estévez,Alicante
Cubo de basura plástico,35.64,12,2025-06-12 00:00:00,Moisés Matas Guerrero,Málaga
Cubo de basura plástico,17.67,19,2026-03-22 00:00:00,Juan Manuel Vidal Benavente Iriarte,Ávila
Utensilio de cocina plástico,27.7,7,2025-07-16 00:00:00,Almudena Barral Galiano,Álava
Utensilio de cocina plástico,15.04,10,2025-12-07 00:00:00,Adelia Guerra Mancebo,Soria
Utensilio de cocina plástico,32.17,9,2025-10-14 00:00:00,Abril de Cabrero,Madrid
Envase plástico,8.04,1,2025-08-07 00:00:00,Maxi Fabregat Paniagua,Pontevedra
Tupper,9.1,12,2025-10-17 00:00:00,Miriam Alcalá Diego,Salamanca
Juguete de plástico,12.47,20,2025-06-23 00:00:00,Liliana Jordán-Mora,Álava
Envase plástico,43.84,17,2026-03-29 00:00:00,Carolina Carrillo,Granada
Tupper,37.01,2,2025-08-27 00:00:00,Macaria de Barriga,La Coruña
Cubo de basura plástico,5.63,6,2025-07-04 00:00:00,Inocencio Amando Cózar Iniesta,Córdoba
Juguete de plástico,35.01,4,2025-05-29 00:00:00,Marcio Rufino Contreras Martín,Almería
Utensilio de cocina plástico,43.5,9,2025-09-15 00:00:00,Clímaco Montoya Morell,Soria
Pelota plástica,41.66,2,2026-01-03 00:00:00,Fulgencio Barco Gonzalo,Baleares
Cubo de basura plástico,33.36,8,2025-06-13 00:00:00,Manola Manuel Vilar,Ourense
Muñeco de plástico,41.7,1,2026-05-11 00:00:00,Noa Amor Tomás Alcántara,Jaén
Silla plástica,18.01,20,2025-10-30 00:00:00,Celestino Pinilla,Burgos
Silla plástica,42.01,7,2026-02-09 00:00:00,Amancio Menendez Goñi,Jaén
Utensilio de cocina plástico,26.59,18,2026-01-19 00:00:00,Rosalina Cepeda-Arjona,Asturias
Envase plástico,8.69,2,2026-05-15 00:00:00,Atilio Bello Camacho,Santa Cruz de Tenerife
Cubo organizador,9.92,3,2025-07-30 00:00:00,Fermín Villaverde Zapata,León
Cubo de basura plástico,47.04,15,2025-07-01 00:00:00,Rafa Cáceres Zaragoza,Madrid
Envase plástico,27.98,20,2025-05-30 00:00:00,Merche Huguet Peinado,Cáceres
Envase plástico,26.78,9,2025-07-28 00:00:00,Florencio Felipe Blázquez Blázquez,Valladolid
Pelota plástica,19.73,3,2025-07-24 00:00:00,Susana Pinilla-Aller,Salamanca
Juguete de plástico,18.46,20,2025-09-21 00:00:00,Virginia Lina Hernando Morillo,Navarra
Cubo organizador,6.55,19,2025-09-02 00:00:00,Martín Estévez Clavero,Zaragoza
Muñeco de plástico,42.35,1,2026-05-03 00:00:00,Juan Luis Nogués Galán,Girona
Cubo de basura plástico,39.67,4,2026-04-26 00:00:00,Gracia Aramburu Agustí,Baleares
Pelota plástica,49.43,14,2025-09-30 00:00:00,Marino Ordóñez Escolano,Málaga
Utensilio de cocina plástico,1.34,9,2026-05-20 00:00:00,Isidro Palacios Egea,Valladolid
Utensilio de cocina plástico,14.56,12,2025-10-08 00:00:00,Gaspar Olmedo Carbó,Cuenca
Cubo de basura plástico,27.41,10,2025-10-07 00:00:00,Mateo Terrón Robles,Palencia
Botella PET,48.72,19,2025-10-28 00:00:00,Cándida Crespi Vendrell,Pontevedra
Silla plástica,8.25,18,2025-08-15 00:00:00,Wálter Almagro Solsona,Cádiz
Silla plástica,23.09,2,2025-08-24 00:00:00,Nacio Raúl Sanz Bello,Girona
Envase plástico,25.06,19,2025-06-09 00:00:00,Delfina Prudencia Soria Casas,Málaga
Juguete de plástico,23.33,5,2025-09-09 00:00:00,Angelino Collado Estevez,Málaga
Tupper,16.73,17,2025-10-28 00:00:00,Nuria Pozuelo Azcona,Valencia
Botella PET,40.98,10,2025-08-21 00:00:00,Santos del Figuerola,La Coruña
Pelota plástica,43.18,13,2025-11-22 00:00:00,Goyo Jover Atienza,Álava
Botella PET,38.16,9,2025-12-10 00:00:00,Samanta Sáenz,Santa Cruz de Tenerife
Envase plástico,11.22,4,2026-05-13 00:00:00,Palmira Peña Ferrándiz,Baleares
Botella PET,24.7,3,2025-06-23 00:00:00,Leopoldo Nieto Castellanos,Barcelona
Cubo de basura plástico,36.97,1,2025-08-14 00:00:00,Cloe Luque Lloret,Badajoz
Silla plástica,31.99,17,2025-10-16 00:00:00,Ramiro Tejedor Tur,Segovia
Silla plástica,22.67,6,2025-07-20 00:00:00,Olivia Tejera Castañeda,Valencia
Silla plástica,15.33,13,2026-05-19 00:00:00,Nazario Reig Company,Burgos
Muñeco de plástico,40.64,5,2026-05-02 00:00:00,Evita Palomar Barco,Valencia
Silla plástica,19.35,9,2025-08-29 00:00:00,Carlos Zamorano Carvajal,Pontevedra
Envase plástico,37.73,16,2026-02-08 00:00:00,Roldán Alegre Cuevas,Tarragona
Utensilio de cocina plástico,30.16,13,2026-01-27 00:00:00,Rufino Guardia Jaume,Ciudad
Utensilio de cocina plástico,44.49,18,2025-12-19 00:00:00,Eloy Marquez Sanz,Castellón
Botella PET,26.99,4,2026-04-28 00:00:00,Jeremías Blázquez Atienza,Ciudad
Cubo de basura plástico,23.15,8,2026-02-03 00:00:00,Benjamín Capdevila Yuste,Sevilla
Cubo organizador,30.68,19,2025-11-09 00:00:00,Julián Doménech-Castilla,Madrid
Envase plástico,6.01,20,2026-01-01 00:00:00,Lara Checa Lloret,Lleida
Tupper,40.58,20,2025-09-11 00:00:00,Vasco Dimas Galindo Monreal,Lugo
Utensilio de cocina plástico,42.19,20,2025-11-16 00:00:00,Mariano Baeza Alcántara,Guadalajara
Muñeco de plástico,49.52,17,2026-02-22 00:00:00,Nando del Canals,Navarra
Juguete de plástico,22.1,15,2025-11-21 00:00:00,Ramón Palomares Casals,Vizcaya
Utensilio de cocina plástico,3.82,1,2026-05-21 00:00:00,Selena Gargallo Dávila,Málaga
Cubo organizador,14.9,1,2025-09-29 00:00:00,Sosimo Blázquez,Cádiz
Botella PET,44.74,10,2025-10-17 00:00:00,Candelario Torrents Puerta,Asturias
Tupper,1.81,19,2025-07-09 00:00:00,Cloe Méndez Vendrell,Lleida
Muñeco de plástico,15.85,19,2026-05-17 00:00:00,Trinidad Ambrosio Pedro Bárcena,Albacete
Tupper,10.16,18,2025-10-10 00:00:00,Yolanda Alejandra Báez Puerta,Lugo
Envase plástico,48.25,2,2026-05-10 00:00:00,María Jesús Osuna Osuna,Tarragona
Pelota plástica,36.5,13,2025-11-28 00:00:00,César del Bas,Cuenca
Juguete de plástico,41.21,10,2026-02-11 00:00:00,Palmira Calzada Sánchez,Ourense
Tupper,1.8,10,2026-05-08 00:00:00,Matilde Jurado Casares,Segovia
Tupper,41.84,14,2025-11-06 00:00:00,Toribio Carnero Sandoval,Teruel
Tupper,22.36,18,2025-07-04 00:00:00,Julián del Valls,Segovia
Tupper,12.79,13,2026-03-15 00:00:00,Encarnacion Martinez Manjón,Toledo
Cubo de basura plástico,19.51,14,2026-01-18 00:00:00,Toni Rufino Terrón Agudo,Castellón
Muñeco de plástico,30.77,17,2025-09-29 00:00:00,Encarna Llamas Guzman,Baleares
Muñeco de plástico,6.03,17,2025-12-05 00:00:00,Juan Francisco Costa Aliaga,Girona
Cubo organizador,34.6,7,2026-01-20 00:00:00,Edmundo Gonzalo Capdevila,Córdoba
Envase plástico,9.34,19,2025-12-12 00:00:00,José Ferrán Torralba,Almería
Botella PET,8.52,17,2026-05-16 00:00:00,Wálter Aguado Pereira,Ciudad
Pelota plástica,9.27,16,2025-11-11 00:00:00,Régulo Blazquez Estrada,Lugo
Silla plástica,30.7,14,2026-03-30 00:00:00,Abilio Carmona Ruano,Ciudad
Tupper,21.32,12,2025-08-22 00:00:00,Ariel Morales Bernat,Melilla
Juguete de plástico,13.9,16,2025-10-26 00:00:00,Rodrigo Agustí Jover,Zaragoza
Muñeco de plástico,49.19,14,2026-05-15 00:00:00,Mamen Aparicio Peralta,Ourense
Envase plástico,2.96,11,2025-07-09 00:00:00,Manuel Omar Mendizábal Canales,Toledo
Pelota plástica,9.11,6,2026-03-21 00:00:00,Evita Capdevila Arce,León
Envase plástico,7.15,18,2026-01-29 00:00:00,Nélida Ribes-Trillo,Soria
Cubo de basura plástico,20.44,1,2025-06-18 00:00:00,Alexandra Frutos Chamorro,Valencia
Botella PET,28.41,7,2025-09-19 00:00:00,Aránzazu Quesada Maza,Alicante
Cubo organizador,38.91,15,2026-03-10 00:00:00,Jaime Calderón Sastre,Salamanca
Botella PET,12.38,4,2025-06-15 00:00:00,Soledad Uriarte Vera,Baleares
Envase plástico,35.31,1,2026-05-08 00:00:00,Jacobo Tejedor Ruiz,Pontevedra
Botella PET,10.02,3,2026-03-13 00:00:00,Esperanza Arroyo Madrid,Pontevedra
Tupper,11.62,1,2025-08-30 00:00:00,Nereida Carreño Nebot,Barcelona
Cubo organizador,38.88,6,2026-04-02 00:00:00,Piedad Cisneros Berenguer,La Rioja
Cubo organizador,26.25,11,2026-03-26 00:00:00,Trini Trujillo Soriano,Zaragoza
Cubo organizador,47.88,18,2025-10-30 00:00:00,Encarnación Olivares Pareja,Palencia
Pelota plástica,29.98,18,2025-08-22 00:00:00,Eloísa Cepeda-Gonzalez,Granada
Utensilio de cocina plástico,36.32,16,2026-03-21 00:00:00,Francisco Jose Bustos Gonzalo,Vizcaya
Utensilio de cocina plástico,36.88,1,2025-08-28 00:00:00,Mario Vall Melero,Pontevedra
Juguete de plástico,9.13,20,2025-05-29 00:00:00,Gaspar Bruno Calzada Cruz,Burgos
Utensilio de cocina plástico,49.84,17,2025-07-14 00:00:00,Perla Valenzuela Mayol,Granada
Botella PET,9.93,20,2025-07-23 00:00:00,Ana Sofía del Salgado,La Rioja
Envase plástico,36.69,16,2026-05-05 00:00:00,Genoveva Iglesias-Vallejo,Zaragoza
Envase plástico,26.01,9,2025-06-26 00:00:00,Apolonia Santos-Real,Baleares
Tupper,12.05,10,2025-06-30 00:00:00,Bruno Lloret Quesada,Pontevedra
Cubo organizador,40.35,7,2026-01-11 00:00:00,Alejandro Noguera Menéndez,Granada
Muñeco de plástico,29.95,5,2025-05-31 00:00:00,Ariel Fuente Oliver,Cádiz
Envase plástico,47.19,5,2026-04-16 00:00:00,Narcisa Vargas Arana,Soria
Cubo de basura plástico,22.52,9,2026-05-20 00:00:00,Cecilio Balaguer,Baleares
Cubo de basura plástico,31.7,18,2025-12-22 00:00:00,Prudencia Pedrero-Benitez,Albacete
Tupper,13.65,15,2026-03-20 00:00:00,Chus Vives Pinedo,Guadalajara
Cubo organizador,30.47,1,2025-08-14 00:00:00,Nerea Arias Ropero,Ciudad
Pelota plástica,33.4,5,2025-12-27 00:00:00,Edelmiro Plana Royo,Granada
Juguete de plástico,46.49,3,2026-01-28 00:00:00,Leopoldo Riera Torre,Segovia
Muñeco de plástico,3.09,20,2026-01-11 00:00:00,León Alfonso Plaza,Ávila
Utensilio de cocina plástico,2.88,6,2026-01-01 00:00:00,Micaela Jiménez,Castellón
Cubo de basura plástico,21.69,7,2026-01-10 00:00:00,Cloe Collado Luque,La Rioja
Utensilio de cocina plástico,2.46,3,2025-12-20 00:00:00,Herberto Corominas-Roldan,Pontevedra
Tupper,24.3,1,2025-07-06 00:00:00,Leonel de Dominguez,Baleares
Utensilio de cocina plástico,1.97,12,2025-07-16 00:00:00,América Solsona Valencia,Badajoz
Utensilio de cocina plástico,1.58,7,2026-04-10 00:00:00,Calisto Escudero,Ourense
Juguete de plástico,47.99,10,2025-10-23 00:00:00,Pío Belmonte Fuentes,Baleares
Cubo de basura plástico,49.76,20,2025-09-02 00:00:00,Anselma Vidal-Rovira,Barcelona
Pelota plástica,2.04,8,2025-07-13 00:00:00,Custodio de Tamayo,Madrid
Botella PET,39.66,5,2026-04-11 00:00:00,Pepita del Herrera,Las Palmas
Utensilio de cocina plástico,12.75,7,2025-09-11 00:00:00,Ovidio Canet Puerta,Madrid
Tupper,38.98,5,2025-08-15 00:00:00,Samuel de Francisco,Ourense
Envase plástico,16.99,15,2025-11-27 00:00:00,Adora Roldán Fuster,Alicante
Botella PET,3.34,13,2026-03-28 00:00:00,Alicia Abascal Ródenas,Guipúzcoa
Utensilio de cocina plástico,2.44,14,2025-12-03 00:00:00,Paulina Rosales Lobato,Álava
Cubo de basura plástico,46.4,20,2026-03-30 00:00:00,Felisa Rosa Esteban,León
Muñeco de plástico,29.1,2,2026-03-20 00:00:00,Fabiana Sonia Sotelo Bermúdez,Salamanca
Silla plástica,13.85,11,2026-04-22 00:00:00,Nacio de Losa,Valladolid
Silla plástica,44.97,3,2025-11-21 00:00:00,Paulina Perera Duarte,Málaga
Utensilio de cocina plástico,30.36,19,2025-08-23 00:00:00,Rosalina Terrón-Barberá,Madrid
Botella PET,42.41,16,2025-06-22 00:00:00,Guiomar Donaire-León,Ceuta
Tupper,7.71,5,2025-10-15 00:00:00,Olalla Azorin-Cabezas,Tarragona
Cubo organizador,41.66,2,2025-07-31 00:00:00,Olegario Cuadrado Merino,Girona
Muñeco de plástico,37.27,16,2025-06-20 00:00:00,Encarnacion del Botella,Valladolid
Cubo de basura plástico,23.88,4,2026-01-20 00:00:00,Silvia Saavedra Fuentes,Burgos
Silla plástica,21.22,5,2026-05-19 00:00:00,Eutropio Colomer Catalán,Córdoba
Tupper,2.99,5,2025-06-16 00:00:00,Gisela Barberá,Albacete
Muñeco de plástico,34.26,17,2025-11-07 00:00:00,Chus Anguita Palomares,Álava
Silla plástica,49.04,5,2026-02-07 00:00:00,Toño Carrasco,Baleares
Pelota plástica,30.59,9,2025-06-09 00:00:00,Malena Ferrándiz Arellano,Cuenca
Cubo de basura plástico,27.01,20,2026-01-16 00:00:00,Amando de Bayón,Córdoba
Cubo de basura plástico,20.19,13,2026-04-27 00:00:00,Lorena Narcisa Abella Pallarès,Málaga
Cubo organizador,14.16,17,2025-08-02 00:00:00,María Teresa Valenciano Galván,Ciudad
Envase plástico,18.48,7,2025-06-11 00:00:00,Eloísa Adadia Garzón,Segovia
Cubo organizador,31.34,1,2026-02-01 00:00:00,Miguel Ballesteros Granados,Sevilla
Utensilio de cocina plástico,15.78,6,2026-05-04 00:00:00,Luis Ángel Cabañas Rocha,Cuenca
Cubo organizador,40.07,8,2026-01-16 00:00:00,Heliodoro Morante Tomás,Lugo
Cubo de basura plástico,11.09,18,2026-05-11 00:00:00,Ani Carrasco Ramírez,Castellón
Botella PET,25.4,5,2025-08-14 00:00:00,Julia Amador,Valladolid
Juguete de plástico,42.51,6,2025-06-21 00:00:00,Calisto Llanos Perera,Guipúzcoa
Botella PET,27.96,4,2025-06-13 00:00:00,Cayetana Canales Amigó,Badajoz
Cubo organizador,37.07,11,2025-08-10 00:00:00,Gertrudis Linares Buendía,Asturias
Juguete de plástico,37.13,12,2025-12-23 00:00:00,Leandro Morillo Riba,Huesca
Cubo organizador,43.98,4,2025-11-21 00:00:00,Olga Solana Landa,Navarra
Muñeco de plástico,44.03,4,2025-10-06 00:00:00,Ruben de Grande,La Rioja
Tupper,23.2,19,2025-09-28 00:00:00,Luis Juan Luis Perea Sarmiento,Badajoz
Muñeco de plástico,19.93,20,2025-07-15 00:00:00,Lino Portero Mir,León
Cubo organizador,47.38,3,2025-12-11 00:00:00,Chuy Gras Cerdá,León
Tupper,43.41,6,2025-10-19 00:00:00,Laura Ferrándiz Bru,Alicante
Muñeco de plástico,3.25,1,2026-05-20 00:00:00,Cayetana Dalmau Lucas,Castellón
Botella PET,38.06,20,2026-01-04 00:00:00,Chus Roma Amat,Barcelona
Envase plástico,40.97,20,2025-10-19 00:00:00,Lorena Bonilla,Ceuta
Botella PET,42.8,1,2025-07-26 00:00:00,Sara Amor Medina Martínez,Málaga
Botella PET,7.12,1,2026-03-28 00:00:00,Melania Torrens Castillo,Granada
Muñeco de plástico,23.11,19,2025-12-07 00:00:00,Ángel Solé,Salamanca
Cubo de basura plástico,30.97,14,2025-10-09 00:00:00,Isidro Ibán Ureña Ramos,Lleida
Envase plástico,33.97,14,2026-03-09 00:00:00,Azucena Tirado,Badajoz
Juguete de plástico,43.19,11,2026-05-02 00:00:00,Carmela Osorio Gálvez,Málaga
Utensilio de cocina plástico,6.14,5,2026-02-06 00:00:00,Otilia Vidal-Espada,Cuenca
Envase plástico,32.99,9,2025-10-07 00:00:00,Reyes Pereira-Montoya,Santa Cruz de Tenerife
Envase plástico,39.14,5,2025-11-05 00:00:00,Leonardo Lorenzo Quiroga Sotelo,Baleares
Envase plástico,47.0,20,2026-03-13 00:00:00,Isabela de Blázquez,Badajoz
Tupper,29.41,1,2026-01-20 00:00:00,Juanito Castelló Gomis,Huelva
Pelota plástica,38.14,10,2025-06-06 00:00:00,Ángel Fabra Quevedo,Santa Cruz de Tenerife
Cubo de basura plástico,19.95,12,2025-12-04 00:00:00,Gabriel Godoy,Cuenca
Botella PET,1.78,3,2026-03-10 00:00:00,Eloísa Javiera Sanjuan Estrada,Burgos
Juguete de plástico,43.02,10,2025-12-19 00:00:00,Ciríaco Galiano,Valencia
Muñeco de plástico,6.15,8,2026-03-16 00:00:00,Julieta Maestre-Torrijos,Burgos
Utensilio de cocina plástico,30.63,14,2026-02-01 00:00:00,Rocío Andrés-Miranda,Murcia
Cubo organizador,3.79,20,2026-03-03 00:00:00,Beatriz Quintanilla,Girona
Pelota plástica,9.98,2,2025-12-14 00:00:00,Ramón Lozano Daza,Huelva
Muñeco de plástico,2.33,2,2026-02-25 00:00:00,Feliciana Olmo Corral,Navarra
Cubo organizador,45.55,1,2025-07-22 00:00:00,Fabián José María Badía Porras,Lleida
Juguete de plástico,47.51,9,2026-01-24 00:00:00,Claudia Juan Reig,Albacete
Envase plástico,36.02,8,2025-06-01 00:00:00,Isidro Cueto Ochoa,Huelva
Cubo organizador,3.85,4,2025-10-01 00:00:00,Samuel Comas Hernando,Guadalajara
Envase plástico,23.28,1,2025-09-23 00:00:00,Amaya Esther Rosselló Jimenez,Valencia
Utensilio de cocina plástico,3.6,17,2026-02-02 00:00:00,Maribel Gámez Guerrero,Córdoba
Tupper,36.71,14,2025-10-05 00:00:00,Marco Llamas,Baleares
Silla plástica,40.13,12,2026-03-26 00:00:00,Vidal Roque Calderón Cózar,Vizcaya
Envase plástico,48.7,13,2025-09-14 00:00:00,Felipa de Aznar,Ceuta
Botella PET,42.72,2,2026-03-19 00:00:00,Bernabé Herrera Morell,Pontevedra
Cubo de basura plástico,3.7,5,2026-03-29 00:00:00,Victorino Soler Ruano,Badajoz
Pelota plástica,7.97,20,2025-09-01 00:00:00,Fabián Herminio Agustín Ortuño,Guadalajara
Muñeco de plástico,5.51,12,2026-04-25 00:00:00,Ana Berrocal Reyes,Sevilla
Utensilio de cocina plástico,30.5,14,2025-07-28 00:00:00,Guiomar Aranda Moreno,Badajoz
Pelota plástica,14.83,20,2025-06-25 00:00:00,Manu Tirado Casas,Girona
Cubo de basura plástico,44.85,6,2025-12-21 00:00:00,Teobaldo Diaz Pascual,Guadalajara
Muñeco de plástico,40.04,17,2025-12-21 00:00:00,Renata Asensio,Almería
Botella PET,27.46,18,2026-04-14 00:00:00,Leyre Puga Recio,Zaragoza
Cubo de basura plástico,37.66,11,2026-04-22 00:00:00,Fernanda Pinedo Agullo,Sevilla
Tupper,21.03,16,2025-12-07 00:00:00,Antonio de Domínguez,Huelva
Cubo de basura plástico,44.1,6,2026-05-15 00:00:00,Iris de Rodrigo,Ávila
Cubo de basura plástico,6.41,10,2025-08-07 00:00:00,Lorenza Feliu,Tarragona
Silla plástica,34.06,16,2025-12-18 00:00:00,Faustino Eutropio Gutiérrez Figueras,Teruel
Cubo de basura plástico,31.35,14,2026-04-22 00:00:00,Eutropio Álvaro Alcázar,Ceuta
Tupper,34.79,14,2025-10-23 00:00:00,Dominga Costa Tejero,Madrid
Cubo de basura plástico,36.35,4,2026-04-11 00:00:00,Teobaldo Esteve Barreda,Valencia
Pelota plástica,35.48,6,2025-08-10 00:00:00,Jimena Terrón Perea,Valladolid
Cubo de basura plástico,23.73,10,2026-05-12 00:00:00,Gregorio Vallejo Llorens,Albacete
Juguete de plástico,28.2,16,2025-10-22 00:00:00,Valero de Avilés,Valencia
Cubo organizador,18.39,1,2026-04-27 00:00:00,Felipe Leiva Saez,Melilla
Utensilio de cocina plástico,9.16,8,2025-07-25 00:00:00,Armando Sarabia,Zaragoza
Pelota plástica,34.28,11,2026-02-12 00:00:00,Berta Redondo Pallarès,Álava
Utensilio de cocina plástico,39.1,11,2025-11-28 00:00:00,Josefa Casanova-Franch,La Coruña
Pelota plástica,6.6,6,2025-12-23 00:00:00,Remigio Alberto Balaguer,Asturias
Silla plástica,8.07,8,2025-09-08 00:00:00,Nando Maldonado Izquierdo,Lugo
Tupper,38.73,11,2025-07-17 00:00:00,Manuel Somoza Grande,Tarragona
Tupper,11.84,4,2025-08-06 00:00:00,Aura Sales Casares,Santa Cruz de Tenerife
Silla plástica,9.46,20,2025-08-15 00:00:00,Cloe Benavides Goñi,Teruel
Botella PET,44.69,12,2025-11-09 00:00:00,Bruno Rafa Garrido Méndez,Toledo
Pelota plástica,10.62,14,2025-09-02 00:00:00,Bartolomé Arce Montes,Palencia
Muñeco de plástico,47.84,6,2026-05-14 00:00:00,Trinidad Pujadas-Oller,Valladolid
Cubo organizador,43.64,14,2025-08-14 00:00:00,Clara Cardona,Zaragoza
Utensilio de cocina plástico,14.87,16,2025-12-22 00:00:00,Marisol Rico-Hernando,Zamora
Cubo organizador,46.94,12,2025-11-25 00:00:00,Aránzazu Gomis Ramírez,León
Tupper,36.52,9,2025-11-26 00:00:00,Juanita Mayoral-Navarrete,Albacete
Juguete de plástico,13.48,19,2025-08-09 00:00:00,Adelaida Conde Salvà,Zamora
Silla plástica,48.82,15,2026-02-07 00:00:00,Catalina Candelaria Molina Acuña,Pontevedra
Muñeco de plástico,28.4,1,2025-10-26 00:00:00,Nadia Peral Pablo,Cuenca
Silla plástica,11.09,5,2026-03-27 00:00:00,Eusebia Guitart Uría,Álava
Envase plástico,4.41,4,2025-12-27 00:00:00,Heraclio Villalonga Roma,Cuenca
Tupper,17.28,11,2025-06-13 00:00:00,Joaquín Juan Carlos Ocaña Adán,Palencia
Silla plástica,3.03,14,2025-07-22 00:00:00,Aurelia Álamo Osorio,Valladolid
Envase plástico,37.07,5,2025-12-09 00:00:00,Ainara Amor-Gomila,Vizcaya
Envase plástico,24.15,4,2025-07-30 00:00:00,Laura del Dominguez,Castellón
Cubo de basura plástico,9.72,7,2025-06-15 00:00:00,Anastasia Mascaró Llanos,Girona
Pelota plástica,19.15,12,2026-05-21 00:00:00,Melania Gras Hoz,Santa Cruz de Tenerife
Utensilio de cocina plástico,4.13,18,2025-09-16 00:00:00,Visitación Cámara Martinez,Asturias
Cubo de basura plástico,13.67,16,2025-07-05 00:00:00,Nuria Otero Samper,Zaragoza
Botella PET,20.4,12,2025-11-15 00:00:00,Iván del Mateos,Vizcaya
Silla plástica,31.94,12,2026-05-02 00:00:00,Eloísa Águila Dávila,Ceuta
Cubo organizador,8.61,8,2025-08-05 00:00:00,Rosalva Pedrosa Valentín,La Coruña
Tupper,48.68,4,2025-07-13 00:00:00,Nazaret Pánfilo Bonet Alvarez,Málaga
Pelota plástica,44.99,19,2026-05-15 00:00:00,Isa Uribe Palomar,Huesca
Muñeco de plástico,15.97,9,2025-11-04 00:00:00,Clara Dafne Vives Román,Melilla
Silla plástica,30.27,5,2026-04-22 00:00:00,Amalia Gaya Casares,Vizcaya
Tupper,49.35,10,2025-11-06 00:00:00,José Manuel Ferrero,Almería
Tupper,49.18,6,2025-08-17 00:00:00,Rogelio Aller,Barcelona
Tupper,22.74,17,2026-03-20 00:00:00,Amor Javiera Villa Cerezo,Córdoba
Muñeco de plástico,12.35,1,2026-04-27 00:00:00,Albano Hierro Torrecilla,Cáceres
Tupper,49.01,1,2026-01-16 00:00:00,Socorro Coll Marti,Huelva
Tupper,49.55,18,2025-07-04 00:00:00,África Mármol Duarte,Guadalajara
Juguete de plástico,22.74,16,2026-05-19 00:00:00,Matías Garcia Vendrell,Jaén
Tupper,22.77,14,2025-11-30 00:00:00,Regina de Ochoa,La Rioja
Utensilio de cocina plástico,11.1,18,2025-06-13 00:00:00,Luisina Martin Salgado,Málaga
Juguete de plástico,28.79,20,2026-04-08 00:00:00,Gaspar Catalán Goñi,Guipúzcoa
Juguete de plástico,18.91,2,2025-06-20 00:00:00,Espiridión Viñas Carbó,La Coruña
Silla plástica,33.56,12,2025-10-12 00:00:00,Rufino Calzada Saura,Burgos
Juguete de plástico,8.73,8,2025-12-16 00:00:00,Marc Morales-Cisneros,Córdoba
Cubo organizador,11.25,13,2026-05-02 00:00:00,Marisela Patiño Valera,Ávila
Cubo de basura plástico,18.2,13,2026-05-12 00:00:00,Adoración Sandoval Bou,Cuenca
Juguete de plástico,45.15,12,2025-08-09 00:00:00,Teresa Campos,Salamanca
Utensilio de cocina plástico,5.57,13,2026-04-21 00:00:00,Rufina Serrano Lasa,Santa Cruz de Tenerife
Cubo organizador,16.83,1,2025-11-02 00:00:00,Candelario Eusebio Crespi Tolosa,Granada
Pelota plástica,1.32,7,2025-07-08 00:00:00,Dalila Hernández Carro,La Coruña
Muñeco de plástico,17.81,17,2025-05-31 00:00:00,Rosenda Muro Blázquez,Soria
Silla plástica,3.64,13,2026-03-05 00:00:00,Florencia de Martorell,Cantabria
Envase plástico,25.61,20,2026-01-05 00:00:00,Damián Ibáñez,Santa Cruz de Tenerife
Silla plástica,28.24,4,2026-04-30 00:00:00,Diego Roldán Pomares Verdejo,Alicante
Tupper,29.29,3,2025-06-02 00:00:00,Guiomar Vélez Dalmau,La Coruña
Botella PET,25.67,1,2026-04-07 00:00:00,Sarita Evita Jaén Raya,Las Palmas
Botella PET,11.69,8,2025-08-20 00:00:00,Aurelio Mayo,León
Tupper,46.75,13,2026-01-08 00:00:00,Hugo Baeza Hierro,Vizcaya
Tupper,49.67,9,2025-08-12 00:00:00,Aránzazu Judith Bayo Romero,Huesca
Muñeco de plástico,26.68,1,2025-07-13 00:00:00,Vinicio Palacios-Jaén,Toledo
Envase plástico,38.43,18,2025-06-30 00:00:00,Marcial del Figueroa,Huesca
Muñeco de plástico,10.99,2,2025-11-01 00:00:00,Nidia Almeida Codina,Málaga
Utensilio de cocina plástico,45.39,10,2026-04-06 00:00:00,Griselda Barceló Arcos,Girona
Botella PET,5.57,10,2025-07-06 00:00:00,María Dolores Amor Tejedor,Asturias
Utensilio de cocina plástico,8.25,19,2025-12-21 00:00:00,Liliana Salmerón,Girona
Envase plástico,37.22,12,2026-01-18 00:00:00,Roberto Toro Segovia,Sevilla
Muñeco de plástico,30.26,7,2025-06-22 00:00:00,Amor Cadenas-Domínguez,Castellón
Juguete de plástico,24.32,3,2026-04-12 00:00:00,Haydée Parra Capdevila,Baleares
Envase plástico,37.31,8,2026-03-12 00:00:00,Palmira Narváez Cuenca,Cuenca
Utensilio de cocina plástico,38.2,3,2026-02-15 00:00:00,Ana Sofía Reina Luque,Pontevedra
Botella PET,16.72,11,2025-09-24 00:00:00,Bernardo Fábregas Zorrilla,Jaén
Silla plástica,23.57,15,2026-04-20 00:00:00,Matías Villena Oliva,La Coruña
Cubo organizador,42.35,12,2025-10-19 00:00:00,Julia Calvet Tur,Castellón
Botella PET,27.9,11,2026-02-03 00:00:00,Encarnita Ofelia Manzanares Duque,León
Envase plástico,9.56,18,2025-11-14 00:00:00,Amor Garrido-Pintor,Toledo
Botella PET,26.54,5,2026-05-24 00:00:00,Leyre González Ramos,Tarragona
Muñeco de plástico,17.82,17,2025-08-29 00:00:00,Isidro Roura Carrión,Melilla
Juguete de plástico,28.79,8,2026-02-09 00:00:00,Saturnina Silvia Dominguez Aguiló,Ourense
Envase plástico,49.35,10,2025-09-16 00:00:00,Josué Bermejo Berenguer,La Coruña
Cubo organizador,20.73,3,2026-01-16 00:00:00,Hernán Cobo Ugarte,Guipúzcoa
Cubo de basura plástico,16.04,14,2026-03-20 00:00:00,Héctor Torre Coll,Córdoba
Cubo organizador,18.77,2,2025-08-18 00:00:00,Fernanda Santiago Mariño,Ceuta
Pelota plástica,29.98,14,2025-07-09 00:00:00,Eva Sáez,Teruel
Tupper,47.65,12,2026-05-25 00:00:00,Candela Molins,Baleares
Juguete de plástico,22.34,19,2025-08-31 00:00:00,Amparo de Terrón,Álava
Cubo organizador,37.64,12,2026-01-11 00:00:00,Clotilde Agudo Gargallo,Castellón
Utensilio de cocina plástico,26.7,13,2026-02-20 00:00:00,Belén Estévez Gordillo,Asturias
Juguete de plástico,8.87,18,2025-06-22 00:00:00,Felicia Victoria Ortega Vila,Córdoba
Envase plástico,37.45,2,2025-08-21 00:00:00,Cruz María Ángeles Ayala Palmer,Álava
Envase plástico,21.28,11,2025-09-04 00:00:00,Atilio Lucena-Carrasco,Cantabria
Cubo organizador,24.81,17,2026-03-16 00:00:00,Mirta Gil-Marquez,Cádiz
Juguete de plástico,24.59,15,2025-10-25 00:00:00,Montserrat Piñeiro Flores,Las Palmas
Cubo de basura plástico,44.94,4,2025-08-17 00:00:00,Victoria Gema Rosales Rosselló,Cuenca
Juguete de plástico,34.44,11,2025-10-06 00:00:00,Camila Batalla,Huelva
Envase plástico,40.25,11,2026-04-09 00:00:00,Manuelita Goñi Ureña,Segovia
Muñeco de plástico,25.19,5,2025-12-08 00:00:00,Máxima Sáez Carrión,Zamora
Juguete de plástico,30.49,16,2025-12-11 00:00:00,Ana Fanny Benito Carbonell,Cáceres
Pelota plástica,48.44,2,2025-08-09 00:00:00,Juliana Comas-Barrera,Madrid
Silla plástica,31.5,2,2026-04-07 00:00:00,José Ángel Cueto Guzmán,Pontevedra
Muñeco de plástico,15.16,1,2025-10-17 00:00:00,Curro Vinicio Sanmartín Segovia,Melilla
Juguete de plástico,20.17,1,2026-05-08 00:00:00,Manuela Mirta Tejada Iniesta,Granada
Pelota plástica,15.33,7,2025-08-04 00:00:00,Ascensión Olivé Palau,Jaén
Envase plástico,49.11,16,2025-10-21 00:00:00,Quirino Pedrero-Bonilla,Guipúzcoa
Juguete de plástico,37.05,4,2026-04-24 00:00:00,Geraldo de Calvo,Córdoba
Pelota plástica,16.04,5,2025-06-27 00:00:00,Pánfilo Castejón Roca,Valencia
Silla plástica,28.48,16,2025-09-04 00:00:00,Nicodemo Luis Ángel Llamas Rico,Ávila
Cubo organizador,13.49,14,2025-12-21 00:00:00,Chus del Coello,Guadalajara
Muñeco de plástico,33.05,1,2025-09-01 00:00:00,Dionisio Blazquez Esparza,Cantabria
Botella PET,43.83,4,2025-10-24 00:00:00,Guadalupe Angulo Torrent,Cantabria
Juguete de plástico,47.24,8,2026-03-05 00:00:00,Claudio Prada Rebollo,Valladolid
Cubo de basura plástico,15.42,9,2025-11-14 00:00:00,Jovita de Tello,La Rioja
Botella PET,42.27,12,2026-02-08 00:00:00,Aura Cadenas Casado,Guipúzcoa
Envase plástico,44.13,19,2025-10-27 00:00:00,Lilia Lago-Giralt,Zaragoza
Pelota plástica,11.72,9,2025-07-03 00:00:00,Nidia Correa Águila,Lugo
Botella PET,12.65,18,2025-06-19 00:00:00,Gabino del Royo,Córdoba
Juguete de plástico,41.94,12,2025-12-14 00:00:00,Guadalupe Domínguez-Salas,La Rioja
Envase plástico,19.59,13,2025-07-05 00:00:00,Gerónimo Ruiz Terrón,Sevilla
Envase plástico,25.29,2,2025-06-21 00:00:00,Luisina Jesusa Exposito Soto,Teruel
Pelota plástica,41.84,9,2025-05-27 00:00:00,Adora Morera Villalonga,Santa Cruz de Tenerife
Pelota plástica,40.94,3,2026-01-20 00:00:00,Eloísa de Peralta,Pontevedra
Cubo de basura plástico,40.0,15,2025-11-25 00:00:00,Sol Perez-Morales,Ciudad
Tupper,13.13,4,2026-02-18 00:00:00,Pablo Seguí Rueda,Ávila
Silla plástica,41.51,2,2025-07-16 00:00:00,Verónica Alcolea-Ayuso,Málaga
Cubo organizador,11.18,6,2026-03-16 00:00:00,Gervasio Aarón Sanz Folch,Teruel
Envase plástico,40.07,2,2026-05-09 00:00:00,Nicanor Casanova Antón,Albacete
Juguete de plástico,44.35,17,2026-03-02 00:00:00,Juliana Conde Figueroa,Ourense
Pelota plástica,39.9,10,2026-01-19 00:00:00,Leoncio Doménech Nogueira,Cantabria
Juguete de plástico,39.22,13,2026-01-22 00:00:00,Nando Miranda Bueno,Soria
Envase plástico,3.69,9,2025-10-12 00:00:00,Flavio Bartolomé Galan Lorenzo,Córdoba
Envase plástico,30.92,7,2025-11-20 00:00:00,Baldomero Jurado Torrents,Baleares
Tupper,9.7,10,2026-02-11 00:00:00,Ciríaco Almagro Guitart,Girona
Envase plástico,5.5,18,2025-10-19 00:00:00,Chelo Duran Torres,Tarragona
Botella PET,30.9,5,2025-08-29 00:00:00,Jafet Acevedo Guillen,Cádiz
Silla plástica,46.64,10,2025-08-15 00:00:00,Francisco Jose Carretero Rey,Valencia
Muñeco de plástico,36.58,7,2025-06-28 00:00:00,Juliana del Blanch,Barcelona
Envase plástico,21.26,11,2025-11-12 00:00:00,Aitana Castrillo Saura,Cáceres
Pelota plástica,30.98,11,2026-04-29 00:00:00,Constanza Bolaños Andreu,Melilla
Pelota plástica,16.72,12,2026-05-10 00:00:00,Chelo Nicolau-Roda,Salamanca
Utensilio de cocina plástico,8.58,19,2025-07-22 00:00:00,Ariadna Zorrilla Bravo,La Coruña
Cubo organizador,48.59,13,2026-03-29 00:00:00,Agustín de Mate,Zaragoza
Juguete de plástico,28.37,13,2025-07-13 00:00:00,Chucho Manso Posada,Palencia
Pelota plástica,21.56,15,2025-12-28 00:00:00,Judith Reguera,Cáceres
Envase plástico,20.03,9,2025-07-07 00:00:00,Chema Polo,Soria
Muñeco de plástico,6.51,14,2025-11-03 00:00:00,José Solano Rodríguez,Almería
Utensilio de cocina plástico,2.05,18,2026-01-06 00:00:00,Nicolasa de Fiol,La Rioja
Cubo de basura plástico,24.61,5,2026-02-04 00:00:00,Delia Caro Reyes,Tarragona
Pelota plástica,5.2,4,2026-05-17 00:00:00,Leocadio Espejo,Guipúzcoa
Cubo de basura plástico,48.29,16,2025-06-18 00:00:00,Amílcar Ferrando-Suarez,Cádiz
Juguete de plástico,10.36,4,2025-09-29 00:00:00,Humberto del Jurado,Cantabria
Silla plástica,38.77,20,2026-03-26 00:00:00,Lorenza Ruperta Pinilla Santamaria,Álava
Envase plástico,16.63,16,2025-10-09 00:00:00,María Dolores Escribano Acedo,Ourense
Botella PET,27.62,9,2025-09-03 00:00:00,Maristela Abellán Sancho,Albacete
Cubo organizador,22.66,20,2025-11-03 00:00:00,Quirino del Falcó,Granada
Pelota plástica,6.04,14,2025-08-18 00:00:00,Odalis Diez Girón,Álava
Botella PET,25.24,2,2025-05-29 00:00:00,Maite Sales Ferreras,Cádiz
Tupper,11.42,3,2025-09-07 00:00:00,Epifanio Puente Sosa,Zamora
Muñeco de plástico,24.76,8,2026-05-09 00:00:00,América Jimenez Alemán,Sevilla
Utensilio de cocina plástico,8.88,10,2026-03-11 00:00:00,Samuel Rocha Quintanilla,Ceuta
Pelota plástica,7.24,4,2026-01-05 00:00:00,Samu Gilabert Fortuny,Girona
Muñeco de plástico,35.0,17,2026-05-01 00:00:00,Azucena Iborra Jiménez,Valencia
Cubo de basura plástico,20.84,18,2025-06-07 00:00:00,Gisela Calvet Franco,Huesca
Envase plástico,22.4,18,2025-08-26 00:00:00,Ricardo Alcalá-Ayllón,La Rioja
Utensilio de cocina plástico,49.85,9,2026-01-14 00:00:00,Sebastian Giner Quintanilla,Segovia
Envase plástico,13.03,13,2025-10-19 00:00:00,Brígida de Roda,Murcia
Tupper,10.96,4,2026-02-16 00:00:00,Fortunato Ramón Aroca,Álava
Botella PET,41.99,9,2025-09-11 00:00:00,Fortunata Tamarit Llobet,Cáceres
Botella PET,16.68,16,2025-09-29 00:00:00,Che Rosa,Salamanca
Utensilio de cocina plástico,46.59,3,2025-10-13 00:00:00,Evita Lucas Baeza,Álava
Juguete de plástico,33.57,12,2026-04-19 00:00:00,Cristian Barrio Calatayud,Lugo
Cubo organizador,39.55,7,2025-07-02 00:00:00,Nico Bellido Salamanca,León
Utensilio de cocina plástico,6.89,1,2026-05-08 00:00:00,Evangelina Camino Olivé,Lleida
Utensilio de cocina plástico,12.02,16,2025-11-20 00:00:00,Reyes Mora-Cid,Toledo
Botella PET,24.48,4,2025-06-15 00:00:00,Zaida Escrivá España,Almería
Cubo de basura plástico,31.04,5,2026-03-11 00:00:00,Esteban Sotelo Lozano,Sevilla
Botella PET,16.7,8,2025-09-15 00:00:00,Lucho Ojeda-Canet,Badajoz
Silla plástica,19.66,16,2026-01-30 00:00:00,Julián Medina-Arroyo,Soria
Cubo de basura plástico,40.08,19,2025-11-20 00:00:00,Lilia Tur Salcedo,La Coruña
Envase plástico,16.69,8,2026-03-12 00:00:00,Encarna Quirós Castillo,Guadalajara
Envase plástico,21.01,11,2026-02-11 00:00:00,Ambrosio Perelló-Maestre,Alicante
Utensilio de cocina plástico,14.44,1,2025-06-23 00:00:00,Delfina Luz-Cueto,Palencia
Envase plástico,28.18,15,2025-09-24 00:00:00,José Ángel Coronado Quevedo,Toledo
Utensilio de cocina plástico,13.26,16,2026-01-24 00:00:00,Adelia de Sanmartín,Girona
Silla plástica,23.29,8,2025-10-08 00:00:00,Lucio Figuerola Montaña,Jaén
Tupper,31.67,8,2026-01-10 00:00:00,Inés del Robles,Asturias
Cubo organizador,10.66,17,2025-11-26 00:00:00,Reyes Contreras-Montenegro,Zaragoza
Muñeco de plástico,6.08,12,2025-11-23 00:00:00,Imelda Merino Torrecilla,Alicante
Pelota plástica,2.83,19,2026-04-28 00:00:00,Serafina Valentina Rico Rius,Granada
Cubo de basura plástico,41.57,2,2026-04-22 00:00:00,Perlita de Guzmán,Huelva
Cubo de basura plástico,31.49,15,2026-05-19 00:00:00,Norberto Aranda-Gual,Girona
Muñeco de plástico,37.69,5,2025-08-28 00:00:00,Luna Perez-Pizarro,Salamanca
Envase plástico,22.33,5,2026-01-12 00:00:00,Julie Pinilla Borrás,La Rioja
Pelota plástica,45.66,12,2026-04-17 00:00:00,Martín Raimundo Morales Alcaraz,Alicante
Cubo de basura plástico,14.87,9,2026-04-15 00:00:00,Juan Luis del Elías,Baleares
Envase plástico,31.2,15,2026-02-24 00:00:00,Aránzazu Belén Vázquez Cifuentes,Sevilla
Utensilio de cocina plástico,16.52,20,2025-12-19 00:00:00,Anastasia Gómez Cortés,Valladolid
Juguete de plástico,39.58,20,2026-02-07 00:00:00,Filomena Candela Barral Soria,Huesca
Pelota plástica,30.76,3,2025-06-26 00:00:00,Lorenzo Díez Barbero,Sevilla
Juguete de plástico,14.98,6,2025-06-14 00:00:00,Toni Conesa Rozas,Cádiz
Cubo organizador,6.2,3,2026-03-10 00:00:00,Anna Hurtado Barco,Barcelona
Pelota plástica,38.8,16,2026-05-27 00:00:00,Pelayo Vélez Jódar,Jaén
Envase plástico,44.37,2,2025-06-26 00:00:00,Teófila Buendía Hierro,Huelva
Tupper,41.71,17,2026-03-11 00:00:00,Fortunato Peñalver-Sanjuan,Toledo
Tupper,41.27,17,2025-07-31 00:00:00,Rosenda Pineda Cabanillas,Castellón
Cubo organizador,37.83,17,2026-05-20 00:00:00,Josefina Tudela-Molins,Ceuta
Juguete de plástico,37.48,17,2026-01-13 00:00:00,Edgardo Amigó Puente,Las Palmas
Cubo de basura plástico,20.8,15,2026-03-03 00:00:00,Begoña Cabrera Querol,Lugo
Silla plástica,2.96,18,2025-06-18 00:00:00,León Ibarra González,Las Palmas
Envase plástico,13.29,15,2025-07-08 00:00:00,Demetrio Solsona,Huelva
Botella PET,28.88,15,2025-10-14 00:00:00,Adelaida de Pazos,Tarragona
Juguete de plástico,27.31,10,2026-01-16 00:00:00,Encarna Coronado,Soria
Muñeco de plástico,38.55,6,2026-03-10 00:00:00,Dionisio Peña Palacio,Ourense
Cubo organizador,6.55,20,2026-05-09 00:00:00,Belén Tello Dávila,Ourense
Utensilio de cocina plástico,44.87,12,2026-03-17 00:00:00,Araceli Rocamora,La Coruña
Cubo de basura plástico,4.91,15,2026-01-10 00:00:00,Pío Roldán Arranz,Sevilla
Juguete de plástico,15.01,2,2026-02-01 00:00:00,Severiano Casanovas-Peñas,Tarragona
Silla plástica,39.62,6,2026-02-28 00:00:00,Estefanía Portillo Montesinos,Murcia
Cubo organizador,16.45,20,2026-02-13 00:00:00,Abril Llopis,Salamanca
Muñeco de plástico,26.28,13,2026-04-08 00:00:00,Anselma Purificación Francisco Costa,Guipúzcoa
Silla plástica,1.52,6,2026-02-02 00:00:00,Narcisa Villalonga Carrillo,Córdoba
Botella PET,2.73,13,2026-03-27 00:00:00,Marcela Pérez Borrego,Córdoba
Utensilio de cocina plástico,19.06,14,2025-07-11 00:00:00,Lucila Zaragoza Quero,Vizcaya
Tupper,22.07,15,2025-09-29 00:00:00,Amalia Sureda Cano,Cáceres
Silla plástica,11.45,1,2026-04-29 00:00:00,Timoteo de Carlos,Jaén
Utensilio de cocina plástico,29.4,16,2025-06-23 00:00:00,Cándido Robledo Orozco,Cádiz
Juguete de plástico,40.41,13,2026-02-02 00:00:00,Domitila Fábregas Montenegro,Cuenca
Botella PET,33.66,14,2025-09-29 00:00:00,Sandalio Lobo Pino,Granada
Juguete de plástico,12.48,19,2025-11-11 00:00:00,Jordana Mascaró-Bárcena,Lugo
Cubo organizador,22.4,13,2025-11-28 00:00:00,Kike Viana Atienza,Valladolid
Juguete de plástico,8.08,16,2026-01-15 00:00:00,Cloe Estévez Sarmiento,Álava
Pelota plástica,22.18,14,2026-03-05 00:00:00,Lara Galindo Mur,Pontevedra
Juguete de plástico,4.04,11,2026-03-08 00:00:00,Lucas Baeza Sanz,Palencia
Envase plástico,33.87,6,2025-12-28 00:00:00,Marina Meléndez Pintor,Badajoz
Cubo organizador,8.82,8,2026-04-07 00:00:00,Narciso Ruano Guerra,Tarragona
Juguete de plástico,14.59,17,2025-11-23 00:00:00,Pacífica Miranda Iglesias,Castellón
Botella PET,41.14,12,2026-04-23 00:00:00,Martín Jiménez Monreal,Melilla
Muñeco de plástico,36.3,17,2025-07-20 00:00:00,Pepe Pera Alegria,Salamanca
Utensilio de cocina plástico,16.23,13,2026-05-06 00:00:00,Josep del Mosquera,Zaragoza
Muñeco de plástico,23.78,4,2026-01-25 00:00:00,Ascensión Borrás Cárdenas,Guadalajara
Muñeco de plástico,5.62,5,2026-02-23 00:00:00,Adela Olivia Diez Galvez,Santa Cruz de Tenerife
Envase plástico,29.43,7,2025-09-05 00:00:00,Francisca Zamorano Montero,Sevilla
Botella PET,5.58,11,2026-05-27 00:00:00,Lino Pazos Ripoll,Ceuta
Muñeco de plástico,7.76,7,2025-12-22 00:00:00,Fulgencio Mora-Vall,Navarra
Utensilio de cocina plástico,1.24,8,2026-03-16 00:00:00,Blanca Pacheco Velasco,Zaragoza
Juguete de plástico,23.49,14,2025-08-02 00:00:00,Prudencia Amo Colomer,Lugo
Tupper,2.18,9,2026-04-20 00:00:00,Adolfo Lorenzo Cepeda,Toledo
Envase plástico,41.93,1,2025-11-26 00:00:00,Chuy Verdugo Rico,Murcia
Cubo organizador,17.82,10,2025-11-22 00:00:00,Felix Arregui-Roca,Melilla
Utensilio de cocina plástico,15.09,6,2026-04-11 00:00:00,Marcos Agustí,Lugo
Botella PET,6.59,12,2025-10-06 00:00:00,Adrián Roselló Vigil,Cuenca
Cubo de basura plástico,6.43,6,2026-04-18 00:00:00,Gustavo Sáez Santiago,Córdoba
Botella PET,11.62,11,2025-12-17 00:00:00,Palmira Aller Bonet,Álava
Botella PET,20.29,19,2025-08-25 00:00:00,Begoña Valenzuela Campo,Guadalajara
Juguete de plástico,8.89,15,2026-03-02 00:00:00,Aristides Almansa,Valladolid
Pelota plástica,27.11,7,2025-10-06 00:00:00,Alba Tolosa,Almería
Cubo de basura plástico,3.11,7,2026-04-20 00:00:00,Francisco Jose Ignacio Cornejo Osorio,Huesca
Envase plástico,48.1,6,2025-06-05 00:00:00,Gerónimo del Ledesma,La Rioja
Silla plástica,35.28,2,2026-01-20 00:00:00,Celestina del Quiroga,Soria
Envase plástico,37.38,3,2025-08-18 00:00:00,Guillermo Arteaga Cabeza,Guadalajara
Botella PET,12.43,2,2026-01-05 00:00:00,Ángel Goicoechea Galvez,Castellón
Cubo de basura plástico,27.16,10,2025-10-03 00:00:00,Pilar Ferrero Vallejo,Toledo
Cubo organizador,44.96,19,2025-07-11 00:00:00,Amalia Álvaro Flores,Lleida
Envase plástico,8.67,11,2025-12-16 00:00:00,Flor Cruz Gaya,Cádiz
Cubo organizador,24.22,17,2026-04-24 00:00:00,Omar Mora Laguna,Cádiz
Muñeco de plástico,25.27,16,2025-12-05 00:00:00,Narcisa Contreras,Lleida
Pelota plástica,8.54,7,2025-06-25 00:00:00,Anita Griselda Seco Luján,La Coruña
Pelota plástica,16.34,3,2026-02-24 00:00:00,Gabriel del Codina,Cantabria
Botella PET,15.83,3,2026-02-23 00:00:00,Angélica Criado Higueras,Almería
Cubo de basura plástico,47.41,15,2025-11-04 00:00:00,Loida Bautista-Serna,León
Utensilio de cocina plástico,7.22,16,2026-04-21 00:00:00,Ana Belén Campo Alegria,Cádiz
Tupper,14.89,19,2025-09-02 00:00:00,Rafaela Alfaro Arnal,Almería
Juguete de plástico,22.06,3,2026-02-26 00:00:00,Lola Castells Sebastián,Murcia
Utensilio de cocina plástico,1.05,6,2025-12-21 00:00:00,Olga Leonor Berenguer Martín,Huesca
Botella PET,23.96,2,2025-11-07 00:00:00,Eusebio Coll Prieto,Cáceres
Juguete de plástico,11.17,6,2026-05-14 00:00:00,Leopoldo Cazorla,Soria
Envase plástico,10.7,15,2025-09-26 00:00:00,Rosario Tena Verdejo,Jaén
Envase plástico,30.27,20,2026-01-01 00:00:00,Felipa Guitart Santana,Lleida
Juguete de plástico,41.75,15,2025-12-28 00:00:00,Maxi Hoz Villalba,Vizcaya
Muñeco de plástico,25.92,5,2026-03-29 00:00:00,Ibán Quevedo Ros,León
Juguete de plástico,29.35,9,2026-01-11 00:00:00,Guadalupe Bello-Aller,Guadalajara
Cubo organizador,9.63,12,2026-01-18 00:00:00,Maura Tomé Alcalá,Castellón
Muñeco de plástico,23.57,8,2025-09-24 00:00:00,José Antonio Cánovas Ballesteros,Murcia
Envase plástico,39.95,7,2026-01-30 00:00:00,Tere Noguera Luís,Toledo
Muñeco de plástico,35.14,15,2025-08-07 00:00:00,Manuela Cazorla Ferrera,Girona
Pelota plástica,38.81,1,2025-10-11 00:00:00,María Del Carmen Rincón Tormo,Navarra
Tupper,6.02,18,2026-02-04 00:00:00,Leandro Barbero Peralta,Almería
Utensilio de cocina plástico,11.98,13,2026-04-17 00:00:00,Severino Fuertes Vicente,La Rioja
Pelota plástica,48.13,10,2025-10-21 00:00:00,Eutimio Márquez Tudela,Lleida
Cubo de basura plástico,9.01,1,2026-01-01 00:00:00,Olga Francisco Tapia,Granada
Juguete de plástico,47.18,12,2026-02-24 00:00:00,Ofelia Ferrando Asensio,Alicante
Cubo organizador,5.88,4,2025-10-21 00:00:00,Telmo Checa-Arnaiz,Valencia
Botella PET,40.52,11,2026-01-26 00:00:00,Guadalupe Porras Mármol,Cádiz
Pelota plástica,26.53,17,2026-02-11 00:00:00,Lourdes Gimenez Quirós,Albacete
Pelota plástica,14.88,14,2025-12-27 00:00:00,Calixta Lobato Aguilera,Vizcaya
Muñeco de plástico,14.76,15,2025-10-17 00:00:00,Gregorio de Larrañaga,Ávila
Cubo organizador,10.36,11,2026-01-29 00:00:00,Olivia Casares Somoza,Ourense
Utensilio de cocina plástico,21.23,2,2026-03-22 00:00:00,Dominga Jerez Porta,Segovia
Muñeco de plástico,36.37,9,2026-05-22 00:00:00,Juan Carlos Madrigal Calderon,Jaén
Cubo organizador,37.2,17,2026-04-15 00:00:00,José Royo Vendrell,Guipúzcoa
Cubo de basura plástico,9.12,3,2026-03-06 00:00:00,Albano Paniagua Barroso,Ceuta
Botella PET,11.25,5,2026-02-21 00:00:00,Rogelio Ramón-Cuéllar,Ávila
Pelota plástica,45.6,18,2025-10-16 00:00:00,Araceli Esther Alcalde Sotelo,Burgos
Botella PET,37.74,9,2025-11-30 00:00:00,Calixta Arribas,Valladolid
Botella PET,34.39,12,2025-06-17 00:00:00,Toribio Comas-Sanmiguel,Valladolid
Juguete de plástico,45.28,5,2025-08-06 00:00:00,María Jesús Vallés,Navarra
Muñeco de plástico,3.97,10,2025-10-10 00:00:00,Clara Iriarte Palacios,Madrid
Utensilio de cocina plástico,29.63,17,2025-07-18 00:00:00,Begoña Sancho Cruz,Álava
Tupper,48.63,2,2026-02-04 00:00:00,Joaquina Ana Sofía Gargallo López,Salamanca
Botella PET,4.4,14,2025-11-05 00:00:00,Yago Zamorano Llobet,Álava
Utensilio de cocina plástico,47.55,18,2026-05-24 00:00:00,Anselmo Jurado Monreal,Melilla
Cubo organizador,11.97,9,2026-05-08 00:00:00,Leticia del Francisco,Soria
Tupper,33.21,1,2025-06-04 00:00:00,Alicia Lledó-Arranz,Teruel
Tupper,40.29,4,2025-08-21 00:00:00,Francisco Jose Pellicer Porras,Castellón
Tupper,37.81,4,2026-04-05 00:00:00,Florentina Morillo Benito,Las Palmas
Tupper,32.87,8,2025-11-17 00:00:00,Jaime Tiburcio Galán Higueras,Ávila
Botella PET,37.57,8,2026-02-10 00:00:00,Manola Estevez Simó,Soria
Muñeco de plástico,45.24,8,2025-11-30 00:00:00,Gervasio Mateo Sureda Herrero,Lleida
Cubo organizador,27.01,16,2025-06-08 00:00:00,Vanesa Soria-Herrero,Lleida
Muñeco de plástico,14.63,18,2026-05-20 00:00:00,Bibiana Daza-Ayllón,Ciudad
Cubo de basura plástico,41.07,12,2026-02-27 00:00:00,Lino Higueras Cano,Albacete
Utensilio de cocina plástico,47.8,18,2026-02-22 00:00:00,Patricia España Espada,Málaga
Cubo de basura plástico,14.42,14,2026-02-03 00:00:00,Jenaro Alcalde Alcántara,Segovia
Botella PET,15.04,14,2026-03-22 00:00:00,Leopoldo Gras-Ibarra,Palencia
Cubo organizador,13.96,2,2025-07-15 00:00:00,Nilda Emma Cadenas Orozco,La Coruña
Pelota plástica,20.32,9,2025-08-28 00:00:00,Lorenza Adora Velasco Boada,Albacete
Cubo de basura plástico,25.5,2,2025-12-05 00:00:00,Ambrosio Díez Heras,La Rioja
Utensilio de cocina plástico,18.17,2,2026-01-16 00:00:00,Teófila del Ángel,Cantabria
Pelota plástica,17.01,1,2025-11-04 00:00:00,Juan Bautista del Gomis,Málaga
Botella PET,27.27,19,2025-06-16 00:00:00,Pancho Mármol Correa,Murcia
Silla plástica,21.75,16,2025-07-30 00:00:00,Ruth Puente Vázquez,Almería
Tupper,21.19,7,2025-07-05 00:00:00,Camilo Máximo Pedrosa Bravo,Toledo
Juguete de plástico,15.26,17,2026-05-19 00:00:00,Eliana Barroso Cardona,Badajoz
Muñeco de plástico,21.19,15,2026-02-20 00:00:00,Javi Portero Anglada,Huesca
Tupper,33.07,20,2025-08-07 00:00:00,Begoña Arroyo Noriega,Las Palmas
Utensilio de cocina plástico,22.74,20,2025-08-16 00:00:00,Emiliano Valdés Mendoza,Zamora
Muñeco de plástico,25.93,18,2025-06-13 00:00:00,Maricela Barreda,Salamanca
Botella PET,16.9,4,2026-03-27 00:00:00,Reyes Pellicer Fuster,Las Palmas
Envase plástico,19.59,7,2026-01-05 00:00:00,Jaime Ariza Saez,Málaga
Muñeco de plástico,31.05,4,2026-03-30 00:00:00,Dora Jiménez-Ariza,Melilla
Juguete de plástico,25.7,3,2026-01-22 00:00:00,Fermín Nicolau Amaya,Tarragona
Juguete de plástico,3.77,15,2025-10-03 00:00:00,Palmira Cuenca Núñez,Guipúzcoa
Tupper,7.29,12,2025-09-10 00:00:00,Cristian de Seco,Huelva
Muñeco de plástico,23.56,13,2026-03-05 00:00:00,Osvaldo Heras Ariño,Cáceres
Muñeco de plástico,2.18,5,2025-06-06 00:00:00,Vito Tenorio Acosta,Lugo
Pelota plástica,21.11,14,2026-02-03 00:00:00,Esmeralda Tovar,Salamanca
Juguete de plástico,12.58,10,2026-05-08 00:00:00,Ibán Barrena Ferrero,Soria
Cubo organizador,34.48,17,2026-02-25 00:00:00,Alondra Oliveras Cabanillas,Málaga
Tupper,27.46,17,2026-03-18 00:00:00,Octavia Anglada Plana,Girona
Tupper,36.13,1,2025-06-29 00:00:00,Carina Rey,Segovia
Cubo organizador,49.23,20,2026-05-13 00:00:00,Victor Manuel Feliu Viñas,Valencia
Botella PET,46.87,2,2026-03-16 00:00:00,Lupe del Barreda,Madrid
Botella PET,45.17,8,2026-04-03 00:00:00,Manu Jódar Vaquero,Badajoz
Envase plástico,33.85,3,2025-06-06 00:00:00,Rosenda Alvarez Cadenas,Ávila
Silla plástica,47.86,9,2025-08-27 00:00:00,Nico Cerro,Badajoz
Tupper,36.21,12,2025-07-28 00:00:00,Gracia Llano Chamorro,Segovia
Utensilio de cocina plástico,23.54,13,2025-10-22 00:00:00,Wálter Noguera Heras,Soria
Cubo de basura plástico,46.49,9,2025-12-01 00:00:00,Roldán Gallart-Calvo,Ávila
Envase plástico,36.33,11,2026-02-11 00:00:00,Elena Higueras Solana,León
Botella PET,44.83,2,2026-02-04 00:00:00,Samanta Bou Roma,Navarra
Botella PET,29.06,13,2025-07-28 00:00:00,Pepe Priego-Reyes,Lugo
Envase plástico,15.38,5,2025-08-03 00:00:00,Marcelo del Quero,Granada
Silla plástica,41.63,11,2025-07-05 00:00:00,Arturo Abascal Escudero,Guipúzcoa
Cubo de basura plástico,14.11,2,2026-03-17 00:00:00,Noelia María Belén Lloret Jara,Zaragoza
Pelota plástica,27.26,15,2025-08-12 00:00:00,Custodia Amada Uribe Arce,Lleida
Cubo organizador,20.36,4,2025-12-29 00:00:00,Pepita Bauzà-Peláez,Tarragona
Botella PET,43.05,14,2026-05-09 00:00:00,Jacinto Ferrera Cabrero,Valencia
Cubo organizador,30.74,18,2025-08-18 00:00:00,Ramón Borrás Mariño,Ciudad
Silla plástica,15.38,2,2025-07-23 00:00:00,Hernán Reguera Guerrero,Zamora
Utensilio de cocina plástico,10.46,14,2026-03-21 00:00:00,Rosario de Torrecilla,Salamanca
Cubo de basura plástico,11.58,11,2025-05-31 00:00:00,Lino Ayala Montaña,Soria
Pelota plástica,12.03,15,2025-08-21 00:00:00,Corona Guardiola Hidalgo,Pontevedra
Pelota plástica,23.06,14,2025-07-18 00:00:00,Mayte Abigaíl Tamayo Peral,Jaén
Tupper,44.12,19,2025-06-15 00:00:00,Angélica Valentín Tomas,Melilla
Muñeco de plástico,36.05,15,2026-02-15 00:00:00,Salomé Alvarez Narváez,Huelva
Muñeco de plástico,22.03,18,2025-07-26 00:00:00,Juan Carlos Pedrosa Luque,Cantabria
Muñeco de plástico,43.7,18,2026-05-17 00:00:00,Belén Vara,Tarragona
Muñeco de plástico,41.52,12,2025-05-27 00:00:00,Elisa Soria Tenorio,Asturias
Envase plástico,48.03,13,2025-08-27 00:00:00,Evelia Milla,Palencia
Juguete de plástico,40.18,17,2026-05-18 00:00:00,Bernardino Cañellas Corbacho,Jaén
Muñeco de plástico,8.13,19,2026-05-20 00:00:00,Luciana Tur Rivera,Guipúzcoa
Juguete de plástico,17.23,9,2026-03-04 00:00:00,Abilio Alcalá Corral,Ourense
Cubo de basura plástico,10.84,13,2026-05-05 00:00:00,Héctor Dueñas Pinedo,León
Tupper,20.43,13,2025-06-12 00:00:00,Morena Lupe Salinas Cases,Ciudad
Cubo organizador,26.97,20,2025-06-28 00:00:00,Valentín del Lerma,La Coruña
Utensilio de cocina plástico,43.54,10,2025-08-13 00:00:00,Calisto Gabaldón-Lloret,Albacete
Cubo organizador,48.96,5,2026-03-30 00:00:00,Joel Eusebio Andrade Teruel,Huesca
Pelota plástica,33.47,9,2025-12-21 00:00:00,Nazario Montero Bellido,Las Palmas
Utensilio de cocina plástico,49.06,13,2026-04-14 00:00:00,María Fernanda Ani Heredia Ródenas,Girona
Juguete de plástico,45.72,7,2026-05-25 00:00:00,Bruno Carrión Iñiguez,Murcia
Botella PET,16.25,13,2025-11-13 00:00:00,Malena Coronado,Huesca
Cubo organizador,31.11,7,2026-04-18 00:00:00,Griselda Muro,Badajoz
Silla plástica,15.07,5,2026-05-05 00:00:00,Alba de Ferrándiz,Almería
Silla plástica,43.76,7,2026-01-29 00:00:00,Virgilio del Cózar,Pontevedra
Cubo organizador,48.03,17,2025-10-23 00:00:00,Epifanio Mohamed Buendía Amador,Málaga
Muñeco de plástico,28.85,13,2025-12-18 00:00:00,Leonor Giménez Alba,Córdoba
Cubo organizador,9.58,18,2026-02-16 00:00:00,Ramiro Geraldo Ródenas Ricart,Valladolid
Envase plástico,34.93,13,2026-05-03 00:00:00,Eliana Muro Toro,Cantabria
Juguete de plástico,20.91,18,2026-05-04 00:00:00,Leocadia Bermejo Cal,Valladolid
Muñeco de plástico,22.92,18,2025-11-15 00:00:00,Arcelia Amigó Carretero,Tarragona
Utensilio de cocina plástico,28.83,16,2025-12-05 00:00:00,Loida Gual-Marquez,Barcelona
Tupper,12.84,9,2026-03-07 00:00:00,Claudia de Ferrera,Melilla
Muñeco de plástico,22.58,3,2026-04-01 00:00:00,Ricarda Anglada Vilaplana,Lugo
Muñeco de plástico,3.53,15,2026-02-11 00:00:00,César Gonzalo Lastra,La Coruña
Tupper,41.2,2,2025-07-25 00:00:00,Plinio Ripoll Pla,Segovia
Silla plástica,39.4,3,2026-01-15 00:00:00,Josefa Belmonte-Acevedo,Soria
Tupper,14.44,20,2025-10-28 00:00:00,Felix Peñalver Pereira,La Rioja
Cubo de basura plástico,42.6,20,2025-11-27 00:00:00,Leyre Feliu Ramis,Melilla
Juguete de plástico,8.77,10,2026-03-14 00:00:00,Regina del Solano,Girona
Tupper,14.17,1,2026-02-15 00:00:00,Micaela Gargallo-Ortiz,Las Palmas
Utensilio de cocina plástico,12.89,17,2025-12-10 00:00:00,Bienvenida Anastasia Marí Carrión,Badajoz
Juguete de plástico,4.67,1,2026-01-10 00:00:00,Carmina Arnal Casado,Huesca
Silla plástica,21.53,9,2025-10-16 00:00:00,Anastasia Narváez Carbonell,Álava
Cubo organizador,24.96,4,2026-03-21 00:00:00,Maribel Cid Gallardo,Granada
Cubo organizador,28.01,1,2025-07-16 00:00:00,Leticia Roma Ferreras,Pontevedra
Utensilio de cocina plástico,45.9,17,2025-07-25 00:00:00,Marta Simó Jerez,Asturias
Juguete de plástico,47.51,15,2025-08-29 00:00:00,Marcela Olivares Rocha,Baleares
Envase plástico,8.41,5,2026-04-11 00:00:00,Macarena Aguirre Iglesias,Guadalajara
Cubo organizador,6.61,7,2026-02-09 00:00:00,Alejandro Gargallo Amor,Sevilla
Cubo de basura plástico,34.31,12,2025-08-25 00:00:00,Noemí Amigó Colomer,Ciudad
Pelota plástica,1.72,2,2026-04-16 00:00:00,Alfredo Córdoba-Carrasco,Melilla
Muñeco de plástico,40.83,5,2026-02-15 00:00:00,Tomás del Salinas,Cádiz
Tupper,46.93,9,2026-01-19 00:00:00,Nilda Portillo Piñeiro,Lugo
Tupper,20.5,18,2025-07-04 00:00:00,Teófila Ávila,Álava
Envase plástico,41.58,13,2025-11-27 00:00:00,Moreno Piñeiro Morán,Huelva
Pelota plástica,43.91,15,2026-03-17 00:00:00,Azahar Pinto Villena,Soria
Pelota plástica,44.1,15,2025-11-21 00:00:00,Leticia Carbó,Huelva
Botella PET,42.55,8,2025-08-29 00:00:00,Flavio Iñiguez Barroso,La Coruña
Tupper,26.61,5,2025-12-30 00:00:00,Zoraida Arjona Cordero,Santa Cruz de Tenerife
Cubo organizador,10.08,16,2025-06-24 00:00:00,Felisa Ayuso Pastor,Barcelona
Juguete de plástico,4.5,2,2026-04-17 00:00:00,Cruz Pombo Toledo,Toledo
Botella PET,27.69,10,2025-08-14 00:00:00,Ismael Fuster Barriga,Lugo
Pelota plástica,9.8,19,2025-06-02 00:00:00,Úrsula Rubio-Moles,Pontevedra
Silla plástica,39.59,14,2025-12-07 00:00:00,Manuel Oliveras Pedrosa,Álava
Utensilio de cocina plástico,41.5,3,2026-02-24 00:00:00,Nando Barranco,Lugo
Envase plástico,39.72,3,2025-07-10 00:00:00,Eusebia de Tejada,La Rioja
Silla plástica,48.13,8,2025-07-26 00:00:00,Aarón Marín Carro,Zaragoza
Silla plástica,2.95,3,2026-03-13 00:00:00,Rosalía Bustamante,Almería
Cubo organizador,36.76,18,2026-03-21 00:00:00,Lara Campoy Briones,Zaragoza
Pelota plástica,46.19,10,2025-06-15 00:00:00,Belen Macias,Cantabria
Botella PET,36.4,10,2025-11-02 00:00:00,Crescencia Alcalá,Valencia
Pelota plástica,39.02,10,2025-07-05 00:00:00,Dan Silvestre Fuster Vilar,Badajoz
Pelota plástica,42.34,16,2026-03-27 00:00:00,Heliodoro Suarez Alcalde,León
Cubo organizador,16.0,16,2026-01-14 00:00:00,Asunción de Peinado,Huelva
Pelota plástica,10.17,20,2025-10-01 00:00:00,Ainara Franch Talavera,Madrid
Utensilio de cocina plástico,5.15,13,2025-08-24 00:00:00,Leonor Guijarro Carro,Lugo
Cubo de basura plástico,34.16,18,2026-01-25 00:00:00,Dalila Guardiola Oliva,Vizcaya
Tupper,7.02,11,2026-04-03 00:00:00,Modesta Jurado-Paredes,Ourense
Envase plástico,31.92,4,2025-09-16 00:00:00,José Luis Ildefonso Bueno Baró,Asturias
Cubo organizador,43.99,18,2025-10-24 00:00:00,Vanesa Lamas-Ochoa,Cádiz
Juguete de plástico,26.42,9,2025-10-20 00:00:00,Ángel Giménez Espejo,Asturias
Cubo de basura plástico,2.87,9,2025-10-12 00:00:00,Vilma Haro Cortes,Valladolid
Envase plástico,18.07,6,2026-03-02 00:00:00,Jose Francisco Solé Ibarra,Alicante
Envase plástico,4.75,12,2026-02-06 00:00:00,Buenaventura Montenegro Marcos,Girona
Cubo de basura plástico,16.96,10,2025-06-30 00:00:00,Carolina Sala Verdugo,Tarragona
Cubo de basura plástico,36.38,1,2026-01-05 00:00:00,Rufina Téllez Zabala,Zamora
Envase plástico,40.12,4,2026-03-07 00:00:00,Rafael del Guzman,Guipúzcoa
Juguete de plástico,34.61,4,2025-12-19 00:00:00,Guiomar Maxi Barbero García,Toledo
Pelota plástica,29.53,9,2026-04-22 00:00:00,Buenaventura Múñiz Blázquez,León
Utensilio de cocina plástico,38.78,9,2026-01-04 00:00:00,Esperanza Hoyos-Camps,Cáceres
Envase plástico,38.11,16,2026-02-02 00:00:00,Francisco Nuñez Calderon,Álava
Tupper,47.86,3,2026-01-06 00:00:00,Valeria Porcel Mendizábal,Valencia
Botella PET,1.19,14,2025-07-11 00:00:00,Lilia Esparza Guzman,Jaén
Pelota plástica,6.21,11,2025-08-28 00:00:00,Jose Miguel Luján Ordóñez,Almería
Utensilio de cocina plástico,38.82,1,2026-05-04 00:00:00,Román Gálvez,Córdoba
Juguete de plástico,39.15,8,2025-10-21 00:00:00,Samu Bello Valderrama,Almería
Pelota plástica,20.17,16,2025-08-01 00:00:00,Che Rivero Maestre,Granada
Utensilio de cocina plástico,49.53,11,2026-03-05 00:00:00,Nuria Polo Ferrero,Málaga
Cubo organizador,10.59,10,2026-04-19 00:00:00,Estrella Etelvina Vega Catalá,León
Envase plástico,11.94,4,2025-10-16 00:00:00,Mohamed Laguna Araujo,Cáceres
Juguete de plástico,24.48,15,2025-11-13 00:00:00,Ramón Aguado Almagro,Castellón
Envase plástico,45.84,13,2026-03-20 00:00:00,Teodoro Patiño Sainz,Jaén
Pelota plástica,36.37,10,2025-10-22 00:00:00,Constanza Marita Moreno Páez,Huelva
Muñeco de plástico,38.71,18,2026-05-15 00:00:00,Chema Corral-Andreu,Toledo
Silla plástica,42.96,9,2026-04-25 00:00:00,Graciano Alcántara Palomar,Santa Cruz de Tenerife
Utensilio de cocina plástico,14.19,17,2025-07-30 00:00:00,Chucho Mercader-Llorente,Cantabria
Tupper,1.82,12,2025-12-06 00:00:00,Germán Morcillo Sandoval,Salamanca
Pelota plástica,48.38,13,2025-09-29 00:00:00,Quirino Simó,Madrid
Muñeco de plástico,19.69,7,2025-11-23 00:00:00,Calixta de Manuel,Soria
Utensilio de cocina plástico,36.3,15,2025-10-14 00:00:00,Elías del Serna,Madrid
Cubo organizador,39.03,14,2025-09-27 00:00:00,Juan Francisco Ferrando Villena,Asturias
Cubo organizador,17.77,17,2025-10-04 00:00:00,Manuela Flor Sales,Palencia
Tupper,26.06,8,2025-10-12 00:00:00,Gastón Valle Olmedo,Ciudad
Pelota plástica,36.31,7,2026-01-28 00:00:00,Consuela Quirós Soler,La Rioja
Botella PET,34.99,14,2025-08-21 00:00:00,Ana Mercader Juárez,Toledo
Silla plástica,44.82,16,2026-02-11 00:00:00,Jose Angel Canals Macias,Ceuta
Utensilio de cocina plástico,18.46,16,2025-12-31 00:00:00,Bernardino Villalobos Velázquez,Lugo
Tupper,48.3,2,2025-07-06 00:00:00,Eufemia Sánchez-Pulido,Almería
Silla plástica,30.62,6,2025-06-26 00:00:00,Nazario Gómez Haro,Córdoba
Juguete de plástico,41.51,4,2026-02-13 00:00:00,Juan José Alemany Mateos,Soria
Utensilio de cocina plástico,19.27,19,2025-08-20 00:00:00,Blas Portillo Navarro,Tarragona
Botella PET,18.55,8,2026-03-22 00:00:00,Reinaldo Morante Alba,Girona
Pelota plástica,28.43,8,2025-11-24 00:00:00,Inés Carla Chaparro Garrido,Lleida
Juguete de plástico,42.47,20,2025-06-25 00:00:00,Isa Martínez-Crespo,Cáceres
Botella PET,39.99,10,2026-01-21 00:00:00,Chuy Carrasco Elorza,Palencia
Cubo de basura plástico,43.97,13,2025-10-20 00:00:00,Paulina Quirós Pozo,Cantabria
Silla plástica,44.9,15,2025-11-24 00:00:00,Juanito Galiano Jover,Navarra
Utensilio de cocina plástico,46.01,10,2025-09-23 00:00:00,Gertrudis Benito Carballo,Jaén
Botella PET,1.39,17,2025-10-12 00:00:00,Aitor Esparza Soria,Madrid
Botella PET,29.43,15,2025-06-10 00:00:00,José Antonio Galiano Rebollo,Palencia
Envase plástico,41.98,12,2026-05-06 00:00:00,Isabela Manzano Lamas,Cáceres
Tupper,25.23,17,2026-04-15 00:00:00,Mateo Cantón,Teruel
Cubo organizador,26.11,9,2026-03-12 00:00:00,Íñigo Cobos Perez,Valladolid
Muñeco de plástico,18.81,4,2026-03-04 00:00:00,Rafa Garay Ortega,Alicante
Muñeco de plástico,48.24,5,2025-08-04 00:00:00,Quique Cisneros-Abella,Cuenca
Utensilio de cocina plástico,26.71,11,2025-06-29 00:00:00,Herberto Alonso Coloma Arcos,Ciudad
Pelota plástica,42.29,16,2025-10-21 00:00:00,Áurea Pallarès Mercader,Albacete
Utensilio de cocina plástico,3.54,20,2026-01-10 00:00:00,Palmira Fiol Aliaga,Ciudad
Pelota plástica,43.11,13,2025-07-20 00:00:00,Elpidio Ojeda Oliveras,La Rioja
Silla plástica,26.18,6,2025-07-14 00:00:00,Estrella Acosta Otero,Valladolid
Silla plástica,44.16,11,2026-03-28 00:00:00,Jesusa Carreras Campos,Zaragoza
Silla plástica,17.74,14,2025-09-29 00:00:00,Paloma del Mateu,Badajoz
Muñeco de plástico,10.3,5,2025-09-21 00:00:00,Irma Rosell Sans,Teruel
Pelota plástica,41.62,14,2026-05-11 00:00:00,Vicente Fabregat Borrego,Burgos
Envase plástico,14.56,11,2025-11-29 00:00:00,Aníbal Dionisio Roig Saura,Palencia
Envase plástico,29.93,1,2026-03-16 00:00:00,Virgilio Félix Carbonell Jove,Sevilla
Cubo organizador,25.99,1,2026-04-01 00:00:00,Francisca Giner,Álava
Juguete de plástico,33.09,15,2026-04-22 00:00:00,Samuel Benigno Castellanos Aragonés,Navarra
Juguete de plástico,21.14,1,2025-12-27 00:00:00,Juan Antonio Gallardo Zamora,Asturias
Pelota plástica,40.12,13,2025-07-14 00:00:00,Candela Roca Carro,Valencia
Juguete de plástico,36.56,11,2025-12-14 00:00:00,Isidro Fabricio Marti Company,Burgos
Botella PET,49.89,9,2026-03-20 00:00:00,Jordana Bejarano Rico,Sevilla
Utensilio de cocina plástico,31.42,13,2025-09-10 00:00:00,Cristian Cifuentes Valenzuela,Pontevedra
Juguete de plástico,26.63,4,2025-05-30 00:00:00,Rolando Llabrés Pinto,Navarra
Botella PET,32.95,1,2025-07-28 00:00:00,Alfonso Pinto-Gomila,Barcelona
Silla plástica,21.83,20,2026-01-17 00:00:00,Fortunata Gloria Noguera Río,Cuenca
Envase plástico,32.88,14,2025-08-31 00:00:00,Joaquina de Chico,Valladolid
Utensilio de cocina plástico,40.07,11,2025-10-13 00:00:00,Pascuala Reyes Bejarano,Zamora
Cubo organizador,33.88,1,2025-11-25 00:00:00,Francisco Javier Palma Pardo,Sevilla
Cubo organizador,10.32,13,2026-03-25 00:00:00,Valerio Torrents Barrera,Zamora
Envase plástico,47.55,16,2026-03-11 00:00:00,Cristóbal Moles Luján,León
Utensilio de cocina plástico,40.51,12,2026-05-17 00:00:00,Vera Reina Uribe,Salamanca
Envase plástico,33.94,13,2025-05-31 00:00:00,Tatiana Guardiola Menéndez,Segovia
Cubo de basura plástico,19.77,13,2026-04-02 00:00:00,Ileana Catalá-Marti,Segovia
Cubo de basura plástico,6.01,15,2026-02-26 00:00:00,Fulgencio Castelló Rosa,Ourense
Cubo de basura plástico,16.62,5,2025-06-06 00:00:00,Adela del Carballo,Toledo
Juguete de plástico,13.1,4,2026-01-07 00:00:00,Delia Peral Villanueva,Cáceres
Cubo organizador,39.2,19,2025-12-28 00:00:00,Viviana Colomer Girón,Las Palmas
Cubo organizador,36.92,7,2026-04-18 00:00:00,Ámbar Barros Gálvez,Ourense
Muñeco de plástico,35.15,20,2026-04-10 00:00:00,Macarena Reina Miralles,Sevilla
Muñeco de plástico,22.51,20,2025-12-29 00:00:00,Itziar Simó,Navarra
Tupper,41.1,3,2025-06-18 00:00:00,Lorenzo Nebot Tamarit,Almería
Cubo organizador,34.78,1,2025-10-08 00:00:00,Enrique Gallo Lamas,Teruel
Juguete de plástico,17.88,15,2025-07-02 00:00:00,Pepe Beltrán Losa,Murcia
Tupper,21.46,17,2026-04-22 00:00:00,América Jennifer Piquer Guardia,Granada
Cubo organizador,31.68,10,2025-08-28 00:00:00,Azeneth de Figueroa,La Rioja
Juguete de plástico,12.34,15,2026-01-29 00:00:00,Domitila Mariscal Sola,Córdoba
Cubo de basura plástico,5.36,4,2026-05-08 00:00:00,Trini Nevado Nogués,Ceuta
Botella PET,45.21,6,2025-11-02 00:00:00,Agustina Santamaría Catalán,Albacete
Tupper,23.4,1,2025-12-02 00:00:00,Leticia Gimenez Cortes,Huesca
Silla plástica,14.15,18,2026-01-02 00:00:00,Luz Rey Conesa,Valencia
Envase plástico,45.68,10,2025-08-29 00:00:00,Paula Esteban Crespi,Almería
Muñeco de plástico,31.51,13,2026-04-01 00:00:00,Sancho Soler Lorenzo,Granada
Juguete de plástico,21.16,10,2025-11-08 00:00:00,Florentino Baltasar Jimenez Sebastián,Córdoba
Tupper,11.55,10,2025-12-25 00:00:00,Blanca Cerro-Martorell,Valencia
Utensilio de cocina plástico,13.31,9,2026-01-17 00:00:00,Severo Real Lumbreras,Badajoz
Muñeco de plástico,20.48,10,2025-10-21 00:00:00,Emilia Prada Cuesta,Málaga
Tupper,46.37,11,2025-12-30 00:00:00,Julie del Colomer,Santa Cruz de Tenerife
Tupper,29.49,13,2026-03-19 00:00:00,Marcos Gárate Higueras,Huesca
Cubo de basura plástico,34.13,1,2025-06-18 00:00:00,Severo Silva Peinado,Ciudad
Pelota plástica,8.25,7,2026-05-02 00:00:00,Marcio Navarro Gracia,Navarra
Botella PET,4.16,16,2026-03-07 00:00:00,Leocadia Ballesteros Canales,Las Palmas
Juguete de plástico,4.67,4,2025-08-12 00:00:00,Lino Orozco Ojeda,Girona
Botella PET,35.41,8,2026-03-24 00:00:00,Herminia Beltrán Cortes,Toledo
Utensilio de cocina plástico,11.74,7,2026-04-09 00:00:00,Horacio Mayo Garay,Toledo
Utensilio de cocina plástico,34.13,20,2025-10-19 00:00:00,María Carmen Pazos Tolosa,Burgos
Cubo organizador,43.67,9,2025-09-09 00:00:00,Edelmira del Diaz,Badajoz
Juguete de plástico,23.13,3,2026-04-07 00:00:00,María Ángeles Miguel-Ferrero,Las Palmas
Juguete de plástico,9.93,4,2026-03-02 00:00:00,Azahar Cadenas Perea,Badajoz
Utensilio de cocina plástico,21.11,15,2025-11-30 00:00:00,Juan Carlos Moya Santiago,Almería
Botella PET,27.65,10,2025-07-05 00:00:00,Carmelita Carlos Bonet,Lugo
Utensilio de cocina plástico,16.83,10,2025-09-10 00:00:00,Amado Aramburu Serna,Melilla
Silla plástica,5.82,2,2025-11-24 00:00:00,Rebeca Saavedra-Bernad,La Rioja
Silla plástica,22.17,4,2026-01-08 00:00:00,Celia Reig,Salamanca
Pelota plástica,2.69,11,2026-02-24 00:00:00,Nélida del Aguado,Barcelona
Utensilio de cocina plástico,14.6,16,2026-04-12 00:00:00,Gervasio Carreño Fuertes,Cuenca
Utensilio de cocina plástico,43.22,14,2026-01-16 00:00:00,Mario Sebastián Corominas Cueto,Soria
Cubo organizador,26.1,4,2025-11-21 00:00:00,Vicenta Farré Osorio,Valencia
Utensilio de cocina plástico,43.36,12,2025-09-17 00:00:00,Aníbal Mata Olmedo,Zamora
Silla plástica,24.77,16,2026-01-01 00:00:00,Antonio Río Pina,Huesca
Tupper,19.37,19,2025-09-24 00:00:00,Esperanza Pardo,Asturias
Juguete de plástico,6.33,6,2026-02-05 00:00:00,Mario de Vallejo,Valencia
Pelota plástica,4.13,12,2026-05-16 00:00:00,Eligia Arias Prat,Palencia
Cubo organizador,48.24,1,2025-08-25 00:00:00,Danilo Palma-Rozas,Ciudad
Envase plástico,17.04,20,2025-06-19 00:00:00,Onofre Asenjo España,Teruel
Envase plástico,16.47,16,2025-10-17 00:00:00,Ciriaco Lamas Alcaraz,Madrid
Envase plástico,29.74,17,2026-04-17 00:00:00,Fabio del Carballo,Soria
Muñeco de plástico,35.94,14,2025-11-30 00:00:00,Paca Bernal Fuertes,León
Silla plástica,8.06,10,2026-05-22 00:00:00,Natividad Nuñez Briones,Guadalajara
Utensilio de cocina plástico,19.18,14,2025-10-24 00:00:00,Maite Fajardo,Albacete
Tupper,27.53,5,2025-06-14 00:00:00,Jessica Lupita Camps Jaén,Zamora
Cubo de basura plástico,39.41,18,2025-07-21 00:00:00,Malena Azorin Aparicio,Ciudad
Tupper,12.39,1,2026-02-13 00:00:00,Fernando Padilla-Uriarte,Melilla
Cubo organizador,47.21,8,2025-12-27 00:00:00,Agapito del Aragonés,Palencia
Botella PET,7.14,7,2025-07-31 00:00:00,Maricela Valera Paniagua,Ceuta
Utensilio de cocina plástico,37.65,18,2025-09-01 00:00:00,Omar Sala Sala,Badajoz
Botella PET,10.31,19,2025-12-05 00:00:00,Herberto Moll Rodríguez,Valladolid
Muñeco de plástico,40.98,16,2026-05-05 00:00:00,Azahara del Palomares,Barcelona
Pelota plástica,18.87,8,2025-11-23 00:00:00,Ofelia Redondo Camacho,Guipúzcoa
Cubo de basura plástico,46.99,11,2025-09-25 00:00:00,Fanny del Verdú,Guipúzcoa
Tupper,12.35,7,2026-02-08 00:00:00,Osvaldo Roura Naranjo,Zaragoza
Tupper,5.17,14,2025-08-22 00:00:00,Dolores Calderon-Cazorla,Ávila
Pelota plástica,29.68,13,2025-08-27 00:00:00,Olalla Carrasco Ariño,Girona
Pelota plástica,45.35,18,2025-07-26 00:00:00,Gil Peinado Abellán,Baleares
Cubo organizador,5.84,15,2026-05-02 00:00:00,Manu Herrero Mendizábal,Zamora
Cubo organizador,46.61,8,2025-06-09 00:00:00,Alba Sastre Benavent,Ourense
Cubo de basura plástico,47.39,6,2025-11-08 00:00:00,Amor Arjona Gras,Ciudad
Cubo de basura plástico,13.55,1,2026-04-05 00:00:00,Francisca Bello Escudero,Málaga
Cubo de basura plástico,34.95,15,2026-05-01 00:00:00,Águeda Alemany-Bernad,Barcelona
Silla plástica,21.2,16,2025-11-17 00:00:00,Albano Pedrosa,Badajoz
Muñeco de plástico,37.98,2,2025-07-24 00:00:00,Édgar Mercader Alvarado,Melilla
Cubo de basura plástico,10.89,6,2025-09-30 00:00:00,Marisol Bustamante Huerta,Palencia
Botella PET,29.52,13,2026-05-17 00:00:00,José Cuesta,Toledo
Cubo organizador,9.05,4,2025-05-28 00:00:00,Reynaldo Valenciano Oller,Zaragoza
Cubo organizador,14.83,4,2026-02-22 00:00:00,Melchor Codina Menendez,Guadalajara
Silla plástica,27.54,3,2025-07-18 00:00:00,Estela Frías Martínez,Alicante
Silla plástica,33.78,11,2026-02-24 00:00:00,Palmira Taboada,Palencia
Silla plástica,32.37,12,2026-01-08 00:00:00,Marisela Royo Fuertes,Sevilla
Silla plástica,39.89,17,2026-01-31 00:00:00,Gabriel Tamayo Ortega,Zamora
Silla plástica,36.04,5,2025-07-26 00:00:00,Encarnacion Noguera,Salamanca
Utensilio de cocina plástico,22.7,2,2025-11-21 00:00:00,Esther Ferrándiz-Guardia,Málaga
Juguete de plástico,31.72,17,2025-10-07 00:00:00,Adora Torrents Casanova,Vizcaya
Tupper,33.89,17,2026-04-27 00:00:00,Natanael Angulo Mayoral,Granada
Botella PET,5.69,5,2025-12-24 00:00:00,Alba de Antón,Pontevedra
Tupper,30.24,3,2026-04-03 00:00:00,Elisa Rubio Cámara,Jaén
Pelota plástica,26.79,4,2025-11-03 00:00:00,Apolinar Carro Haro,Guadalajara
Envase plástico,20.8,19,2025-06-05 00:00:00,Aurelia del Ferrando,Madrid
Envase plástico,36.41,20,2025-09-23 00:00:00,Emelina de Jáuregui,Huelva
Botella PET,25.66,10,2026-04-23 00:00:00,Kike Pi Amor,Castellón
Botella PET,39.22,18,2025-10-26 00:00:00,Adalberto Cristóbal Soria Bolaños,Toledo
Pelota plástica,9.49,8,2025-08-17 00:00:00,Soraya Apolonia Lerma Gutiérrez,Ceuta
Botella PET,42.86,8,2025-06-26 00:00:00,Perlita Rosado-Quiroga,Cantabria
Envase plástico,14.81,20,2026-02-06 00:00:00,Concha del Lastra,Segovia
Botella PET,29.66,19,2025-08-04 00:00:00,Ovidio Roda Arias,Ceuta
Cubo organizador,11.53,15,2026-04-30 00:00:00,Amaro Jorge Porras Recio,Las Palmas
Juguete de plástico,12.93,19,2026-03-09 00:00:00,Dora del Amor,Sevilla
Juguete de plástico,22.49,19,2025-10-28 00:00:00,María Hernandez Ferrándiz,Córdoba
Pelota plástica,11.36,9,2026-01-21 00:00:00,Alexandra del Sans,Pontevedra
Muñeco de plástico,16.09,4,2026-05-03 00:00:00,Socorro Casado Aparicio,La Rioja
Cubo de basura plástico,18.17,17,2025-12-20 00:00:00,Leire del Álamo,Navarra
Juguete de plástico,30.51,9,2025-08-14 00:00:00,Anastasia Antón Acevedo,Badajoz
Utensilio de cocina plástico,27.92,7,2026-04-27 00:00:00,Vito del Pombo,Cáceres
Utensilio de cocina plástico,23.28,9,2025-06-21 00:00:00,Juan Antonio de Llorens,Córdoba
Tupper,44.96,14,2026-03-06 00:00:00,Zacarías Capdevila Samper,Granada
Utensilio de cocina plástico,31.56,15,2026-04-17 00:00:00,Caridad Viñas-Cerdá,Burgos
Envase plástico,18.59,15,2026-03-07 00:00:00,Flavio de Bueno,Alicante
Pelota plástica,22.49,9,2026-02-16 00:00:00,Edmundo Pombo Oliver,Pontevedra
Pelota plástica,15.84,20,2026-02-10 00:00:00,Marcela Román Piñeiro,Madrid
Juguete de plástico,28.17,14,2026-02-22 00:00:00,Patricia Sala Mínguez,Ceuta
Botella PET,10.51,6,2026-03-04 00:00:00,Modesta Moles Díaz,Castellón
Pelota plástica,41.0,13,2026-01-10 00:00:00,Brígida Arnau Rodríguez,Asturias
Silla plástica,7.14,18,2025-09-07 00:00:00,Luís Aller Salmerón,Huesca
Envase plástico,16.29,19,2025-10-12 00:00:00,Olimpia Arroyo Isern,La Rioja
Cubo de basura plástico,42.36,13,2025-12-01 00:00:00,Morena del Terrón,Burgos
Pelota plástica,3.79,3,2026-05-04 00:00:00,Mar del Montesinos,Ourense
Silla plástica,4.63,17,2026-01-27 00:00:00,Maricruz Ariza-Ponce,León
Muñeco de plástico,2.86,2,2025-06-13 00:00:00,Fernanda Daza-Lobato,Burgos
Envase plástico,28.3,17,2026-01-02 00:00:00,Anacleto Cortes Requena,Burgos
Envase plástico,36.5,12,2025-10-19 00:00:00,Bonifacio Ródenas Azorin,Almería
Cubo de basura plástico,46.35,16,2025-12-07 00:00:00,Rebeca Cárdenas Ordóñez,Castellón
Cubo de basura plástico,35.47,18,2025-12-05 00:00:00,Joel Zurita-Palmer,Segovia
Muñeco de plástico,35.08,7,2026-05-14 00:00:00,Jeremías Rueda,Ourense
Juguete de plástico,45.64,6,2026-04-16 00:00:00,Carmela Cáceres Camacho,Girona
Envase plástico,40.86,10,2025-07-03 00:00:00,Yaiza Galvez Bustos,Melilla
Juguete de plástico,35.73,13,2025-12-04 00:00:00,Pascuala Vargas Batlle,Burgos
Cubo organizador,28.46,5,2025-08-17 00:00:00,Juan Manuel Mayol Pinilla,Salamanca
Cubo de basura plástico,18.77,1,2025-12-14 00:00:00,Carmelita Paredes Escribano,Toledo
Cubo de basura plástico,11.53,12,2026-03-13 00:00:00,Calixta Merino-Valle,Cantabria
Cubo de basura plástico,41.01,7,2026-03-31 00:00:00,Lalo de Campos,Navarra
Pelota plástica,47.75,17,2026-01-13 00:00:00,Gustavo del Cabanillas,Albacete
Juguete de plástico,23.37,8,2025-11-10 00:00:00,Cristian Montserrat-Calvo,Guipúzcoa
Envase plástico,40.12,3,2026-02-13 00:00:00,Eufemia del Duque,Alicante
Juguete de plástico,24.36,5,2026-02-27 00:00:00,Eustaquio Marin Fajardo,Navarra
Utensilio de cocina plástico,23.09,13,2025-12-19 00:00:00,Adoración Barragán Antúnez,Córdoba
Envase plástico,30.78,6,2025-06-25 00:00:00,Ale Sala Garay,Tarragona
Botella PET,6.01,19,2025-12-16 00:00:00,Florinda Camps Ayuso,Palencia
Juguete de plástico,37.98,20,2025-06-28 00:00:00,Delfina del Rivera,Segovia
Silla plástica,41.15,8,2025-09-16 00:00:00,Pepe Bravo-Ortuño,Lleida
Utensilio de cocina plástico,27.63,11,2025-10-03 00:00:00,Dorita Martin Sans,Alicante
Juguete de plástico,25.61,20,2026-04-14 00:00:00,Lalo Navarro Ribes,Sevilla
Utensilio de cocina plástico,14.96,3,2025-06-05 00:00:00,Obdulia del Matas,Ávila
Juguete de plástico,41.47,9,2026-02-09 00:00:00,Elba Jordán Amor,Cuenca
Juguete de plástico,5.39,20,2025-05-31 00:00:00,Eloy Mínguez Anaya,Valencia
Envase plástico,3.24,20,2026-05-11 00:00:00,Bernardino Casares Morera,Cádiz
Cubo de basura plástico,32.13,20,2026-03-17 00:00:00,Atilio Pastor Morera,Teruel
Juguete de plástico,6.25,7,2025-12-01 00:00:00,Sabina Nogués Lumbreras,Valencia
Silla plástica,11.41,12,2025-10-17 00:00:00,Julie Silvia Santos Arranz,Salamanca
Silla plástica,33.77,15,2026-01-26 00:00:00,María Carmen Torrents Ropero,Asturias
Silla plástica,29.6,15,2025-09-20 00:00:00,María Fernanda Campo Anaya,Lugo
Pelota plástica,23.58,5,2025-07-21 00:00:00,Amanda Sarmiento Sosa,Ourense
Pelota plástica,30.07,11,2025-07-30 00:00:00,Raquel Leiva Cabanillas,Girona
Pelota plástica,35.73,17,2025-09-23 00:00:00,Viviana Rovira Varela,Toledo
Cubo organizador,3.9,14,2026-03-06 00:00:00,Nayara Vilaplana,Palencia
Muñeco de plástico,49.71,18,2026-02-17 00:00:00,José Abascal Redondo,Sevilla
Pelota plástica,43.26,18,2026-02-24 00:00:00,Moreno Sevillano Amores,La Rioja
Tupper,30.54,2,2026-05-07 00:00:00,Cándido Real,Valencia
Muñeco de plástico,26.84,18,2026-01-03 00:00:00,Elpidio Núñez Ricart,Tarragona
Botella PET,12.27,3,2025-07-26 00:00:00,Mireia Beltran,Palencia
Envase plástico,31.89,5,2026-04-16 00:00:00,Francisco Jose Escalona,Álava
Silla plástica,7.46,13,2026-01-03 00:00:00,Nilo Morales Castellanos,Melilla
Pelota plástica,30.01,10,2026-02-22 00:00:00,Hernán Ayala Amador,Asturias
Silla plástica,15.43,10,2025-07-10 00:00:00,Américo Anastasio Gras Bas,Huesca
Juguete de plástico,32.22,1,2025-10-27 00:00:00,Casandra Rosado Cobo,Valladolid
Muñeco de plástico,33.5,9,2025-08-10 00:00:00,Salud Almazán Ordóñez,Valladolid
Muñeco de plástico,43.07,10,2025-11-03 00:00:00,Perla Padilla Casado,Sevilla
Cubo organizador,49.2,9,2025-11-05 00:00:00,Cornelio Prats Acevedo,Navarra
Botella PET,29.89,11,2026-04-12 00:00:00,Tatiana Vizcaíno Perelló,Toledo
Cubo de basura plástico,35.54,7,2025-10-25 00:00:00,Amaro Eutimio Perea Buendía,Castellón
Juguete de plástico,25.73,11,2025-09-09 00:00:00,Reynaldo Catalá Garzón,Ceuta
Botella PET,7.39,17,2026-02-19 00:00:00,Blanca Carbó Guerra,Guadalajara
Cubo organizador,47.93,18,2025-07-04 00:00:00,Pastor Navas Morán,Badajoz
Muñeco de plástico,34.93,14,2025-09-21 00:00:00,Gregorio Trujillo-Perera,Sevilla
Utensilio de cocina plástico,9.52,6,2025-10-20 00:00:00,Ignacia Carreras-Piña,Las Palmas
Tupper,24.31,14,2025-08-02 00:00:00,María Pilar Anglada-Mariscal,Toledo
Tupper,2.52,19,2026-02-27 00:00:00,Patricio Lasa Esteban,Burgos
Pelota plástica,20.31,17,2025-11-22 00:00:00,Marisa Carvajal-Carmona,Baleares
Cubo organizador,40.24,19,2026-03-13 00:00:00,Santos de Fajardo,Segovia
Cubo de basura plástico,47.53,6,2025-10-02 00:00:00,Ciro Martin-Peña,Baleares
Juguete de plástico,18.09,19,2025-09-02 00:00:00,Carmina Caparrós Vigil,Soria
Cubo de basura plástico,49.23,11,2025-11-15 00:00:00,Arturo Villaverde Fábregas,Zamora
Silla plástica,28.25,8,2026-02-04 00:00:00,Damián Rocha Santana,Cáceres
Utensilio de cocina plástico,46.19,7,2025-10-14 00:00:00,Claudia Exposito Tur,Toledo
Cubo de basura plástico,8.94,14,2025-07-05 00:00:00,Zoraida de Gonzalez,La Coruña
Juguete de plástico,3.68,1,2026-05-27 00:00:00,Mercedes Echeverría,Ciudad
Botella PET,20.42,8,2025-10-06 00:00:00,José Mari Barbero Gutierrez,Ciudad
Envase plástico,20.25,6,2026-04-05 00:00:00,Fabio Heras,La Coruña
Cubo organizador,49.28,15,2025-07-30 00:00:00,Eduardo Hernandez Campo,Ourense
Utensilio de cocina plástico,41.58,11,2025-08-15 00:00:00,Manuela Sara Blázquez Hoz,Guipúzcoa
Tupper,16.96,5,2025-11-05 00:00:00,David Diéguez,Álava
Envase plástico,48.62,17,2025-07-16 00:00:00,Maristela Rovira Bolaños,Pontevedra
Silla plástica,28.18,9,2026-05-10 00:00:00,María Belén Jaume,Zaragoza
Muñeco de plástico,19.46,8,2026-03-06 00:00:00,Felicidad Sainz Barrena,Valladolid
Tupper,43.03,3,2026-04-19 00:00:00,Nicolasa Martinez Alberola,Lleida
Muñeco de plástico,33.36,18,2026-04-02 00:00:00,Francisco Jose Marcio Ferrera Garcés,Asturias
Juguete de plástico,3.83,11,2026-01-12 00:00:00,Salomé Ramírez Morán,Salamanca
Botella PET,15.43,3,2026-04-28 00:00:00,Tiburcio Benigno Jurado Fuertes,Toledo
Pelota plástica,30.79,4,2025-07-03 00:00:00,Manuelita Madrigal Ramirez,Santa Cruz de Tenerife
Cubo organizador,49.02,13,2025-09-04 00:00:00,Purificación Espada,Badajoz
Muñeco de plástico,21.16,2,2026-03-26 00:00:00,Isa Santana Franch,Valencia
Muñeco de plástico,16.82,1,2025-11-04 00:00:00,Wilfredo Aramburu Barba,Madrid
Botella PET,2.97,9,2026-02-21 00:00:00,Trinidad Marco Ochoa,Baleares
Tupper,24.43,20,2025-07-25 00:00:00,María Belén Pedro-Infante,Madrid
Juguete de plástico,12.34,4,2025-06-11 00:00:00,Dani Cerdá Mayol,Baleares
Silla plástica,17.7,10,2025-09-20 00:00:00,Itziar Judith Borrell Sarabia,Cantabria
Muñeco de plástico,3.01,16,2025-11-14 00:00:00,Rebeca América Lucena Frías,Melilla
Envase plástico,19.22,5,2025-08-20 00:00:00,Máximo Lillo Abella,Santa Cruz de Tenerife
Muñeco de plástico,17.37,20,2025-10-03 00:00:00,Ana Belén Llanos Galán,Toledo
Pelota plástica,39.44,9,2025-06-21 00:00:00,Jose Luis Ayuso-Goñi,Álava
Cubo de basura plástico,23.97,12,2026-03-02 00:00:00,Amor Coca,Ourense
Muñeco de plástico,10.59,9,2026-05-08 00:00:00,Berto Donaire Garcés,Huesca
Envase plástico,3.22,10,2026-04-18 00:00:00,Gisela Amador Dominguez,Palencia
Botella PET,37.18,9,2026-01-28 00:00:00,Marco Ortega Balaguer,Badajoz
Utensilio de cocina plástico,37.84,1,2026-03-26 00:00:00,Fernanda Berenguer Zamora,Palencia
Tupper,35.19,10,2025-06-16 00:00:00,Nuria Machado,Valencia
Juguete de plástico,31.51,1,2025-07-16 00:00:00,Mercedes Romeu-Colomer,León
Envase plástico,19.49,6,2025-06-28 00:00:00,Duilio Viña Barreda,Cantabria
Utensilio de cocina plástico,46.31,2,2025-09-17 00:00:00,Violeta Alberdi Ferrán,Alicante
Utensilio de cocina plástico,9.34,17,2025-10-06 00:00:00,Bernabé Quevedo Diéguez,Burgos
Utensilio de cocina plástico,32.07,8,2026-05-05 00:00:00,Geraldo Sabas Cervera Fuster,Cádiz
Silla plástica,19.61,2,2026-03-18 00:00:00,Cintia Jove,Murcia
Muñeco de plástico,39.81,6,2025-06-25 00:00:00,Jose Manuel Roman Pozo,Cantabria
Cubo de basura plástico,33.7,2,2026-05-11 00:00:00,Sandra Narváez Cabanillas,Córdoba
Muñeco de plástico,9.23,11,2026-04-17 00:00:00,Ciriaco Campillo Ribes,Córdoba
Cubo de basura plástico,29.96,15,2025-10-21 00:00:00,Caridad Bustos Iglesias,Lugo
Pelota plástica,9.24,20,2025-08-22 00:00:00,Elisa Soler,Valencia
Utensilio de cocina plástico,46.57,13,2026-03-13 00:00:00,Rosario Benet Aragón,Madrid
Tupper,9.67,17,2026-03-13 00:00:00,Saturnina Isabel Corbacho Olmo,León
Utensilio de cocina plástico,9.58,13,2025-09-30 00:00:00,Armida Galvez-Pinto,Navarra
Pelota plástica,29.09,1,2026-04-05 00:00:00,Ileana Dorotea Nieto Campoy,Tarragona
Tupper,8.23,13,2026-05-04 00:00:00,Gil Córdoba,Almería
Muñeco de plástico,32.07,19,2026-03-15 00:00:00,Bernardo Nuñez Lorenzo,Ourense
Cubo organizador,16.81,19,2025-07-23 00:00:00,Jose Luis Leoncio Salamanca Carvajal,Valencia
Tupper,14.78,3,2026-03-23 00:00:00,Elvira Cañas Fortuny,Lleida
Envase plástico,17.9,20,2025-10-06 00:00:00,Santos Iglesias-Guzman,Cáceres
Cubo de basura plástico,15.99,18,2025-08-01 00:00:00,Ángeles Piñol Hurtado,Badajoz
Cubo de basura plástico,21.14,1,2025-08-07 00:00:00,Bernardino de Suárez,Ávila
Envase plástico,37.31,9,2025-07-10 00:00:00,Daniel Quintanilla,Pontevedra
Pelota plástica,17.15,12,2025-10-24 00:00:00,Yésica Uriarte Quirós,Teruel
Tupper,46.36,15,2025-10-17 00:00:00,Asdrubal Carmona Sánchez,Las Palmas
Silla plástica,18.94,3,2025-09-28 00:00:00,Amanda del Salcedo,Ciudad
Cubo de basura plástico,21.61,4,2025-09-12 00:00:00,Andrés Arjona Rico,Ceuta
Silla plástica,4.5,12,2026-05-15 00:00:00,Melchor Barreda Ferrer,Almería
Tupper,29.5,5,2025-06-04 00:00:00,Néstor Ibán Pozo Casado,Cantabria
Utensilio de cocina plástico,20.54,19,2026-02-26 00:00:00,Lara Posada Boix,Valencia
Utensilio de cocina plástico,47.65,14,2025-11-10 00:00:00,Maximiano Herranz Salinas,Las Palmas
Cubo de basura plástico,34.17,12,2025-08-14 00:00:00,Concha Sanmartín Goñi,Navarra
Cubo organizador,29.4,5,2026-01-18 00:00:00,Marisela Sabater Ribes,Segovia
Botella PET,16.77,10,2026-03-27 00:00:00,Manu Valenciano-Torres,Cuenca
Pelota plástica,16.13,6,2025-12-08 00:00:00,Hernando Santos Zorrilla,Almería
Cubo de basura plástico,23.64,16,2025-12-17 00:00:00,Apolonia Bravo Anglada,Lugo
Pelota plástica,22.56,20,2026-01-22 00:00:00,Lope Sancho Atienza,Segovia
Muñeco de plástico,38.17,2,2026-05-25 00:00:00,Clara Segovia Olmo,Albacete
Botella PET,7.89,8,2025-12-21 00:00:00,Inés Tejada Torrens,Cáceres
Pelota plástica,33.94,4,2026-03-20 00:00:00,María Belén Emma Sans Villalba,Barcelona
Silla plástica,25.02,10,2025-07-31 00:00:00,Chucho Narváez Alegre,Córdoba
Cubo de basura plástico,36.62,4,2025-08-22 00:00:00,Adelaida Palacios Zurita,Murcia
Envase plástico,30.45,5,2025-12-08 00:00:00,María Ángeles Acosta Fajardo,La Coruña
Muñeco de plástico,41.15,16,2026-01-29 00:00:00,Consuelo Céspedes Losa,Santa Cruz de Tenerife
Juguete de plástico,45.88,13,2026-05-02 00:00:00,Mireia de Cabrero,Cáceres
Muñeco de plástico,29.52,15,2025-06-11 00:00:00,Sancho Gonzalez Pont,Ávila
Silla plástica,9.07,1,2025-10-29 00:00:00,Florentina Pomares Cerdá,Córdoba
Cubo de basura plástico,22.73,4,2026-03-06 00:00:00,Rufina Bolaños Montesinos,Navarra
Juguete de plástico,12.73,17,2025-12-05 00:00:00,Javi Prat-Garcia,Cáceres
Juguete de plástico,29.97,18,2025-10-31 00:00:00,Osvaldo Caparrós Agustí,Navarra
Botella PET,36.39,12,2025-07-07 00:00:00,Calista Mendez Asenjo,Ávila
Envase plástico,3.67,2,2026-05-18 00:00:00,Alonso Córdoba Crespo,Granada
Cubo de basura plástico,45.19,10,2026-03-21 00:00:00,Cebrián Calatayud Villalobos,Ciudad
Muñeco de plástico,16.9,8,2026-01-10 00:00:00,Marina Chamorro Estevez,Zamora
Muñeco de plástico,16.63,8,2025-09-07 00:00:00,Clímaco Calderón-Palomar,Cantabria
Silla plástica,1.39,16,2025-05-30 00:00:00,Leandro Raya Peláez,Barcelona
Utensilio de cocina plástico,7.04,19,2026-03-15 00:00:00,Cristian de Reina,Málaga
Pelota plástica,27.95,11,2025-09-18 00:00:00,Azeneth Chico Sastre,Lugo
Utensilio de cocina plástico,46.91,3,2025-07-11 00:00:00,Xiomara Cornejo Clavero,Granada
Juguete de plástico,24.26,10,2026-01-29 00:00:00,Ágata Ugarte-Baró,Tarragona
Muñeco de plástico,48.99,13,2025-08-01 00:00:00,Francisco Bustos Acosta,Álava
Cubo organizador,38.98,13,2025-10-17 00:00:00,Maura Estrada Medina,Ciudad
Tupper,48.93,16,2025-08-18 00:00:00,Íngrid Tormo,Granada
Cubo organizador,17.68,4,2025-07-04 00:00:00,Jessica Navarro,Toledo
Juguete de plástico,21.07,8,2025-06-22 00:00:00,Manuela Madrigal,Córdoba
Muñeco de plástico,30.72,7,2026-02-01 00:00:00,Maxi Fábregas Elías,Castellón
Utensilio de cocina plástico,23.11,5,2025-07-20 00:00:00,Tiburcio Padilla,Ourense
Tupper,9.9,6,2026-05-12 00:00:00,Luna Ricart Azorin,Melilla
Muñeco de plástico,31.09,13,2025-11-29 00:00:00,Quirino Sabater Paz,Huesca
Silla plástica,12.37,6,2025-07-29 00:00:00,Odalis Suarez Blázquez,Álava
Envase plástico,18.86,18,2025-09-04 00:00:00,Amador del Torres,Tarragona
Botella PET,6.84,16,2026-03-21 00:00:00,Maricruz Olmo Royo,Zamora
Utensilio de cocina plástico,32.5,6,2025-11-01 00:00:00,Fabián Humberto Ribes Ribas,Cáceres
Cubo de basura plástico,39.58,9,2025-10-30 00:00:00,Teófilo Lamas Aragonés,Sevilla
Botella PET,24.91,12,2025-09-08 00:00:00,Teresita Alsina Belmonte,Álava
Muñeco de plástico,23.9,16,2026-03-27 00:00:00,Julie Villalobos Jove,Murcia
Cubo organizador,26.29,14,2026-04-02 00:00:00,Iker Pedraza Jordán,León
Pelota plástica,4.35,10,2026-03-29 00:00:00,Chema Cerdán,Asturias
Utensilio de cocina plástico,43.43,20,2026-04-16 00:00:00,Jerónimo Paniagua Trillo,Palencia
Juguete de plástico,38.53,16,2026-01-07 00:00:00,Evita Tomasa Pinto Aparicio,Melilla
Pelota plástica,23.2,7,2025-08-23 00:00:00,Carmina Galan Navarrete,Zaragoza
Botella PET,46.33,5,2026-03-12 00:00:00,Ángel Ruben Aguiló Rius,Barcelona
Botella PET,2.99,2,2025-09-13 00:00:00,José Luis Quesada Solera,Alicante
Tupper,47.59,20,2025-11-05 00:00:00,Ezequiel Cantón Ballester,Zamora
Envase plástico,47.59,3,2025-11-10 00:00:00,Ángeles Garcés Ferrero,Girona
Juguete de plástico,22.84,17,2026-03-28 00:00:00,Clementina Rebollo Ramos,Jaén
Botella PET,8.74,20,2026-05-02 00:00:00,Efraín Baquero-Galindo,Córdoba
Juguete de plástico,10.1,9,2025-06-28 00:00:00,Custodio Lasa Alonso,Ceuta
Juguete de plástico,14.47,16,2025-11-19 00:00:00,Teófilo Manzanares Moreno,Badajoz
Juguete de plástico,24.27,3,2026-01-28 00:00:00,Teodosio Ávila Bas,Zaragoza
Cubo de basura plástico,42.44,15,2025-12-03 00:00:00,Ainara Mena Anglada,Cádiz
Cubo organizador,12.75,2,2025-08-26 00:00:00,María Cristina Pascual Carrillo,Huesca
Tupper,7.23,7,2026-03-30 00:00:00,Begoña Falcó España,Lleida
Pelota plástica,48.17,3,2026-01-22 00:00:00,Federico Cerdá-Arco,Girona
Envase plástico,9.43,11,2025-06-27 00:00:00,Javi Valle,Ciudad
Silla plástica,14.16,9,2026-01-13 00:00:00,Florencio Barragán-Santos,Cádiz
Tupper,36.36,17,2026-02-24 00:00:00,Salomón Ramírez Pizarro,Lleida
Tupper,1.7,10,2026-01-05 00:00:00,Raimundo Donaire Gonzalo,Valencia
Juguete de plástico,32.84,14,2025-11-15 00:00:00,Ceferino Tomás Viña Solís,Málaga
Botella PET,27.83,12,2025-10-15 00:00:00,Martín Pepe Moreno Coll,Ávila
Silla plástica,46.79,11,2025-09-06 00:00:00,Lorena Alberola Robledo,Baleares
Botella PET,2.84,15,2026-05-01 00:00:00,Encarnita Manzano Rincón,La Rioja
Cubo organizador,12.12,1,2025-09-30 00:00:00,Alfredo Amores-Rosado,Alicante
Silla plástica,38.13,8,2025-08-19 00:00:00,Jenny del Almagro,Murcia
Cubo organizador,31.88,7,2026-03-15 00:00:00,Ruth Navarro Espinosa,Navarra
Cubo organizador,28.09,12,2025-10-23 00:00:00,Candelario Nicolás López,Málaga
Botella PET,15.36,11,2025-12-15 00:00:00,Alba Jover,Barcelona
Botella PET,43.43,1,2026-04-03 00:00:00,Cayetana Rodriguez-Aguado,Cantabria
Silla plástica,15.18,2,2025-08-11 00:00:00,Bienvenida Fuente Ordóñez,Alicante
Cubo de basura plástico,17.39,19,2025-12-24 00:00:00,Charo Simó,Alicante
Envase plástico,45.6,12,2025-07-31 00:00:00,Aitor Gallego-Viñas,Burgos
Botella PET,19.57,6,2026-02-08 00:00:00,Sabina Collado Cisneros,Santa Cruz de Tenerife
Cubo de basura plástico,10.58,2,2025-12-06 00:00:00,Néstor Sosa Agustí,Jaén
Utensilio de cocina plástico,3.04,15,2026-03-09 00:00:00,Marcos Atienza,Castellón
Tupper,15.36,13,2026-02-25 00:00:00,Estela Guardiola Gallo,Melilla
Botella PET,49.41,6,2026-01-03 00:00:00,Fabiana Amor Alba,Tarragona
Silla plástica,22.93,2,2025-12-14 00:00:00,Atilio Huguet Carvajal,Pontevedra
Cubo organizador,43.99,9,2025-11-27 00:00:00,Zoraida Ropero,León
Tupper,33.9,17,2026-04-02 00:00:00,Amada Agustín Goicoechea,Santa Cruz de Tenerife
Utensilio de cocina plástico,49.71,6,2025-06-09 00:00:00,Lope Demetrio Amorós Manjón,Jaén
Envase plástico,41.11,10,2026-02-12 00:00:00,Graciela Amores Tomás,Murcia
Botella PET,18.72,4,2026-02-19 00:00:00,Ascensión Castrillo Calatayud,Valencia
Muñeco de plástico,40.02,19,2025-11-17 00:00:00,Almudena Sofía Tolosa Rodrigo,Santa Cruz de Tenerife
Muñeco de plástico,26.08,9,2025-08-17 00:00:00,Odalys Ripoll-Verdú,Guipúzcoa
Silla plástica,37.59,11,2025-11-12 00:00:00,Amor Pedrosa,Pontevedra
Utensilio de cocina plástico,50.0,20,2026-04-09 00:00:00,Celia Leticia Tolosa Carranza,Navarra
Silla plástica,25.68,17,2026-05-26 00:00:00,Alejandro Armengol Sedano,La Rioja
Muñeco de plástico,10.41,5,2025-12-29 00:00:00,Felicia del Fuertes,Guipúzcoa
Botella PET,49.82,14,2026-01-20 00:00:00,Alejandro Cózar Soler,Ávila
Cubo organizador,40.97,16,2025-08-29 00:00:00,Zaira Arana-Moll,La Coruña
Envase plástico,24.53,2,2025-06-01 00:00:00,Ainoa de Guijarro,Tarragona
Cubo organizador,49.67,20,2026-01-21 00:00:00,Natalio Planas Uría,Valladolid
Cubo organizador,12.5,5,2026-05-23 00:00:00,María Blasco Carvajal,Alicante
Pelota plástica,1.86,3,2026-04-15 00:00:00,Fernanda Mamen Armas Giner,Valladolid
Muñeco de plástico,48.47,4,2025-12-02 00:00:00,Lino Jose Francisco Soler Giner,Asturias
Envase plástico,28.33,5,2025-06-01 00:00:00,Estrella Luisina Murillo Acedo,Palencia
Juguete de plástico,26.19,12,2025-12-12 00:00:00,Jimena Yaiza Robledo Roldán,Asturias
Pelota plástica,47.48,5,2025-10-16 00:00:00,Ester Villegas,Melilla
Silla plástica,31.18,16,2026-05-03 00:00:00,Alfonso Pont,Madrid
Botella PET,18.03,1,2025-09-07 00:00:00,María Fernanda Armas-Santamaria,Valencia
Tupper,4.92,4,2026-01-12 00:00:00,Sandalio León Cepeda,Pontevedra
Juguete de plástico,46.35,4,2026-05-23 00:00:00,Kike Cristóbal Conde Tovar,Álava
Tupper,29.0,7,2026-01-17 00:00:00,Rogelio Duran Andres,Alicante
Pelota plástica,35.6,7,2025-12-25 00:00:00,Demetrio Roma,Melilla
Cubo de basura plástico,22.11,20,2025-09-09 00:00:00,Marita Armengol-Sáez,Vizcaya
Muñeco de plástico,28.69,6,2025-12-18 00:00:00,Elisa Saez Aguiló,Cantabria
Envase plástico,27.81,15,2026-04-08 00:00:00,Elba Echevarría Lladó,Cuenca
Tupper,9.57,6,2026-02-23 00:00:00,Pedro Fonseca Quintero,Cantabria
Silla plástica,19.22,19,2026-02-12 00:00:00,Olalla Lobo Roda,Lleida
Juguete de plástico,19.2,14,2025-09-15 00:00:00,Andrés Felipe Aguirre Soriano,Baleares
Cubo organizador,4.12,17,2026-04-27 00:00:00,Marita Carbó,Asturias
Cubo organizador,36.72,14,2025-11-01 00:00:00,Begoña Hervás Rios,Zamora
Muñeco de plástico,45.08,9,2025-09-10 00:00:00,Leonor Barrera Verdejo,Huesca
Pelota plástica,37.31,15,2025-07-30 00:00:00,Pío Cornelio Bauzà Navarrete,Palencia
Botella PET,46.82,15,2026-03-09 00:00:00,Rocío Cervantes,La Rioja
Envase plástico,48.9,17,2026-05-16 00:00:00,Carmina Bustamante Barceló,La Coruña
Tupper,11.69,16,2026-01-03 00:00:00,José Luis Gálvez-Mascaró,Huesca
Cubo de basura plástico,49.54,9,2026-03-19 00:00:00,Miguel Sacristán Campoy,Teruel
Pelota plástica,20.46,4,2025-11-06 00:00:00,Fabiola Vallés Mínguez,Soria
Muñeco de plástico,1.81,19,2026-01-04 00:00:00,Salvador Múñiz Carretero,Ciudad
Utensilio de cocina plástico,25.36,19,2025-11-03 00:00:00,África Agullo,Toledo
Silla plástica,27.81,7,2026-04-27 00:00:00,Jacobo Asenjo Galán,Castellón
Silla plástica,30.61,10,2026-02-27 00:00:00,Lara Bonilla,Sevilla
Cubo de basura plástico,42.97,15,2025-09-08 00:00:00,Carmina Fabregat-Pedrero,Teruel
Cubo de basura plástico,18.15,10,2025-12-01 00:00:00,Clarisa Escalona Carreras,Ciudad
Silla plástica,13.05,13,2025-07-10 00:00:00,Ligia Prat Vilar,Granada
Tupper,30.38,18,2025-07-22 00:00:00,Augusto Castellanos-Múgica,Burgos
Juguete de plástico,35.43,3,2026-05-26 00:00:00,José María Fulgencio Salazar Ribas,Vizcaya
Silla plástica,41.54,2,2026-03-28 00:00:00,Adelaida Castellanos,Cáceres
Pelota plástica,8.23,12,2026-02-17 00:00:00,Gerónimo Tirado Cervera,Valladolid
Cubo organizador,23.13,9,2026-05-19 00:00:00,Gil Joaquín Milla Arnal,Granada
Juguete de plástico,15.11,8,2025-07-10 00:00:00,Fidel de Abascal,Navarra
Cubo organizador,41.03,17,2026-04-08 00:00:00,Zaira Casals,Sevilla
Utensilio de cocina plástico,12.14,7,2025-09-04 00:00:00,Herminio Noguera Rebollo,Toledo
Tupper,16.35,14,2025-08-16 00:00:00,Celia del Ballester,Valencia
Pelota plástica,45.98,13,2025-09-09 00:00:00,Joan Chacón Navarrete,Soria
Botella PET,47.04,12,2026-02-02 00:00:00,Clotilde García Alcántara,Granada
Cubo de basura plástico,14.19,11,2025-07-02 00:00:00,Mario Gras-Castelló,Navarra
Cubo organizador,11.16,4,2026-01-12 00:00:00,Faustino Gelabert-Mate,Vizcaya
Cubo organizador,47.73,3,2025-09-09 00:00:00,Moreno Abella Codina,Soria
Botella PET,41.81,10,2026-04-08 00:00:00,Dorita Segura-Campillo,Cáceres
Botella PET,36.27,8,2026-01-11 00:00:00,Renato de Figuerola,Girona
Pelota plástica,40.87,9,2026-01-16 00:00:00,Jose Luis Correa Exposito,Vizcaya
Juguete de plástico,14.66,19,2025-09-03 00:00:00,Lino Querol Rius,Huesca
Muñeco de plástico,44.96,11,2025-08-28 00:00:00,María Fernanda Olmedo Carrera,Badajoz
Cubo organizador,14.44,7,2026-01-02 00:00:00,Clementina Pozo Benitez,Zamora
Botella PET,30.13,17,2025-09-02 00:00:00,Rafaela Ibarra Asensio,Las Palmas
Envase plástico,1.77,17,2025-10-26 00:00:00,Malena Gonzalez Calderón,Navarra
Silla plástica,12.86,6,2025-10-04 00:00:00,Ruben Corominas-Franch,Guadalajara
Cubo de basura plástico,15.63,9,2026-01-05 00:00:00,Victor Verdú Ribera,Ávila
Juguete de plástico,41.26,2,2026-02-07 00:00:00,Josep del Diez,Murcia
Muñeco de plástico,49.94,12,2025-07-28 00:00:00,Serafina Arribas Sastre,Pontevedra
Cubo de basura plástico,34.42,5,2026-01-04 00:00:00,Cayetano Reguera Madrid,La Coruña
Muñeco de plástico,5.46,12,2026-03-23 00:00:00,Irma Roca Querol,Lugo
Utensilio de cocina plástico,3.63,11,2025-10-21 00:00:00,Aurora Barranco,Castellón
Botella PET,16.61,7,2025-08-12 00:00:00,Dimas Medina Mendoza,Murcia
Juguete de plástico,48.61,14,2025-08-25 00:00:00,Albert Roca Vergara,Palencia
Tupper,27.18,1,2025-09-02 00:00:00,Susanita Esparza Dalmau,Segovia
Muñeco de plástico,5.67,17,2026-04-15 00:00:00,Nélida Roman Gil,Ciudad
Silla plástica,26.31,13,2025-07-20 00:00:00,Eligia Batlle Madrigal,Lleida
Cubo organizador,17.36,7,2025-12-22 00:00:00,Clementina Verdú,Salamanca
Cubo organizador,26.95,1,2025-09-13 00:00:00,Fidela Paulina Ramos Marí,Cáceres
Juguete de plástico,23.41,5,2026-02-22 00:00:00,Apolonia Ferreras Silva,Jaén
Tupper,20.49,18,2026-04-13 00:00:00,Armida Arellano Jáuregui,Almería
Cubo de basura plástico,26.99,13,2025-05-31 00:00:00,Bruno Tur-Niño,Granada
Cubo organizador,33.54,2,2025-10-21 00:00:00,Florentino Castellanos Alemán,Cádiz
Utensilio de cocina plástico,41.65,3,2025-07-23 00:00:00,Fortunato Sabas Alcázar Reina,La Coruña
Tupper,8.9,15,2025-08-30 00:00:00,José Luis Nicolau Rosa,Castellón
Envase plástico,43.01,7,2025-09-16 00:00:00,Jacinto Bauzà Tolosa,Málaga
Silla plástica,6.31,19,2026-03-15 00:00:00,Edelmiro Jordán Román,Tarragona
Silla plástica,12.08,10,2026-04-03 00:00:00,Damián Gonzalez Uría,Ciudad
Envase plástico,36.03,4,2026-02-22 00:00:00,Selena Campillo Vives,Madrid
Cubo organizador,9.27,8,2025-06-22 00:00:00,Olalla Armas,Cádiz
Envase plástico,30.44,16,2026-04-09 00:00:00,Armida de Sáenz,Huesca
Pelota plástica,15.53,2,2026-03-11 00:00:00,Camilo Olivares Agustín,La Coruña
Pelota plástica,32.94,13,2025-11-27 00:00:00,Leoncio Dominguez-Iniesta,Valencia
Juguete de plástico,27.09,12,2026-04-06 00:00:00,Rosalía Tena Hernández,Ourense
Muñeco de plástico,30.33,6,2026-05-10 00:00:00,Susanita Izquierdo,Álava
Utensilio de cocina plástico,3.88,6,2026-01-22 00:00:00,Adelina Costa Alcolea,Girona
Cubo de basura plástico,31.19,9,2025-11-30 00:00:00,Carlota Perea Laguna,Toledo
Juguete de plástico,46.32,20,2025-09-28 00:00:00,Custodia Benítez Correa,Santa Cruz de Tenerife
Cubo organizador,5.09,15,2026-03-03 00:00:00,Ofelia Alcalá Pagès,Cáceres
Silla plástica,35.81,1,2026-03-13 00:00:00,Jordana Felisa Domínguez Gutiérrez,Cantabria
Juguete de plástico,47.76,11,2026-05-08 00:00:00,Victor Manuel Pardo,Lleida
Silla plástica,47.48,6,2025-12-30 00:00:00,Angélica Duarte,Santa Cruz de Tenerife
Botella PET,1.3,19,2026-05-16 00:00:00,Sancho Sastre,Almería
Silla plástica,46.89,20,2025-09-15 00:00:00,Cecilio Cases-Verdú,La Rioja
Muñeco de plástico,6.99,6,2026-03-31 00:00:00,Zoraida Arroyo Berenguer,Pontevedra
Pelota plástica,41.35,3,2025-12-06 00:00:00,Verónica Armengol Domínguez,Santa Cruz de Tenerife
Tupper,35.07,8,2025-06-15 00:00:00,Cayetana Carlota Coronado Pomares,Murcia
Pelota plástica,13.56,12,2025-09-28 00:00:00,Oriana Olmedo Marin,Guadalajara
Botella PET,44.61,18,2025-06-12 00:00:00,Hermenegildo Mateu Mayoral,León
Muñeco de plástico,22.32,17,2025-09-23 00:00:00,Clara Reguera-Uría,Barcelona
Envase plástico,13.4,16,2026-01-11 00:00:00,Edmundo Fiol Porras,Córdoba
Tupper,35.74,16,2025-11-18 00:00:00,Ibán Marti,Tarragona
Cubo de basura plástico,44.72,4,2026-02-13 00:00:00,Marisa Reyes-Adadia,Pontevedra
Cubo de basura plástico,12.75,11,2026-03-06 00:00:00,Angelina Pedraza Ribes,Lleida
Cubo de basura plástico,27.57,9,2025-06-30 00:00:00,Gerardo Comas Beltrán,Melilla
Muñeco de plástico,26.42,20,2026-05-18 00:00:00,Jordi Urbano Pozuelo Palomo,Ciudad
Utensilio de cocina plástico,12.67,13,2025-08-11 00:00:00,Hermenegildo Conesa Palomo,Santa Cruz de Tenerife
Muñeco de plástico,19.73,10,2025-12-20 00:00:00,Pascual Moll,Valencia
Pelota plástica,26.33,14,2025-10-09 00:00:00,Gema Borrell Sanabria,La Coruña
Pelota plástica,15.93,10,2025-07-04 00:00:00,Agapito de Bou,Pontevedra
Juguete de plástico,34.75,9,2026-05-14 00:00:00,Atilio Roda-Losa,Murcia
Tupper,29.0,7,2025-10-15 00:00:00,Dafne Pazos,Álava
Utensilio de cocina plástico,15.55,16,2025-12-28 00:00:00,Yésica de Pinilla,Huelva
Cubo organizador,45.1,8,2025-10-22 00:00:00,Martín de Meléndez,Cuenca
Tupper,11.84,6,2025-11-17 00:00:00,Donato Suárez Saavedra,Salamanca
Muñeco de plástico,41.66,10,2025-06-08 00:00:00,Alberto Almansa Valero,Sevilla
Botella PET,3.99,11,2026-03-11 00:00:00,Jerónimo Gabriel Echevarría Tormo,Salamanca
Juguete de plástico,13.52,11,2026-05-17 00:00:00,Mónica Ródenas Sans,Teruel
Tupper,14.78,15,2026-02-28 00:00:00,María Teresa Barreda Benavent,Baleares
Tupper,25.75,11,2025-08-21 00:00:00,Bernardita Abril Marín,Valladolid
Muñeco de plástico,13.53,13,2025-08-19 00:00:00,Loida Guardiola Corbacho,Ourense
Silla plástica,24.49,19,2025-09-13 00:00:00,Reynaldo Huerta,Melilla
Envase plástico,15.89,6,2025-11-04 00:00:00,Otilia Conesa Matas,Las Palmas
Juguete de plástico,33.88,7,2025-11-17 00:00:00,Jose Ignacio Estrada Pastor,Salamanca
Cubo de basura plástico,33.13,3,2025-12-03 00:00:00,Paloma Sonia Giner Asenjo,Palencia
Envase plástico,36.59,13,2026-01-30 00:00:00,Eustaquio Villalobos Rius,Cantabria
Botella PET,22.93,15,2026-03-11 00:00:00,Eduardo Aguirre,Castellón
Utensilio de cocina plástico,35.0,4,2025-09-19 00:00:00,Asdrubal Belda-Llamas,Badajoz
Silla plástica,36.04,18,2026-02-14 00:00:00,Modesta Ramirez Campoy,Alicante
Tupper,7.62,8,2025-05-31 00:00:00,Victoria Tovar Simó,Las Palmas
Silla plástica,20.83,13,2026-01-03 00:00:00,Sandra Lucena,Huelva
Botella PET,4.69,5,2026-04-16 00:00:00,Encarnita del Palomo,Murcia
Pelota plástica,9.8,9,2025-12-15 00:00:00,Lupita Narváez-Bas,Guipúzcoa
Cubo de basura plástico,22.56,18,2026-03-01 00:00:00,Danilo de Almansa,Sevilla
Juguete de plástico,28.98,8,2026-04-04 00:00:00,Ximena Palau,Álava
Cubo de basura plástico,35.72,19,2026-05-20 00:00:00,Agapito Abril Ballester,Lleida
Pelota plástica,7.78,14,2026-03-03 00:00:00,Herminio Maza Huguet,Guipúzcoa
Muñeco de plástico,26.79,5,2025-08-08 00:00:00,Félix Alegre,Murcia
Utensilio de cocina plástico,4.43,4,2025-09-06 00:00:00,César Salvà Pinto,Córdoba
Silla plástica,30.31,14,2026-04-23 00:00:00,Marcial Pomares Romero,Las Palmas
Utensilio de cocina plástico,25.64,20,2026-04-17 00:00:00,Ligia Villar-Mancebo,Lugo
Envase plástico,9.58,19,2026-04-19 00:00:00,Venceslás Tejera Soria,Soria
Cubo organizador,28.19,6,2026-05-21 00:00:00,Florentina Vilar Alfaro,Albacete
Muñeco de plástico,49.75,19,2025-09-10 00:00:00,Nazaret Castells Torrent,Salamanca
Juguete de plástico,34.88,12,2025-08-29 00:00:00,Guiomar Solana Gomila,Granada
Envase plástico,32.83,20,2025-07-09 00:00:00,Gilberto Boada Cabeza,Ávila
Utensilio de cocina plástico,25.64,8,2025-07-18 00:00:00,Anunciación Gisela Alberola Reguera,Jaén
Envase plástico,46.42,4,2026-02-23 00:00:00,Eutimio Sedano Girona,Almería
Muñeco de plástico,19.55,7,2025-08-08 00:00:00,Rosalía del Estrada,Segovia
Cubo de basura plástico,16.35,12,2025-08-15 00:00:00,Selena Clemente Palau,Navarra
Botella PET,11.92,1,2025-07-31 00:00:00,Alfonso Benet Cifuentes,Valencia
Muñeco de plástico,47.43,9,2026-04-02 00:00:00,Borja Otero-Ariza,Palencia
Silla plástica,10.43,15,2026-01-24 00:00:00,Imelda Porras Cisneros,Soria
Juguete de plástico,12.14,1,2025-12-18 00:00:00,Cándida Mora Soriano,Palencia
Silla plástica,45.52,10,2026-04-09 00:00:00,Genoveva Varela Vizcaíno,Madrid
Envase plástico,49.77,17,2026-03-01 00:00:00,Eusebia Carrión Camps,Jaén
Pelota plástica,2.0,13,2025-07-28 00:00:00,Jorge Pedrero Iriarte,Huesca
Botella PET,18.0,19,2025-11-28 00:00:00,Humberto Salas Amigó,Segovia
Pelota plástica,13.83,3,2025-08-19 00:00:00,Yéssica Andrés Pozo,La Coruña
Cubo de basura plástico,39.86,4,2025-09-23 00:00:00,Loida Font Díez,Granada
Cubo organizador,14.49,16,2025-08-24 00:00:00,Martín Suarez-Barbero,Cuenca
Cubo de basura plástico,21.81,1,2026-04-05 00:00:00,Berta Álvarez Lobato,Alicante
Botella PET,17.07,6,2026-03-01 00:00:00,Fortunato Balduino Jordán Sobrino,Tarragona
Cubo organizador,18.48,17,2026-04-02 00:00:00,Celso Amado Pi Pastor,Córdoba
Cubo organizador,26.61,19,2025-08-14 00:00:00,Pío Anaya Zamora,Badajoz
Pelota plástica,23.06,3,2025-09-06 00:00:00,Antonio de Perea,Sevilla
Botella PET,7.2,16,2025-12-24 00:00:00,Teodosio Palomo,Asturias
Silla plástica,23.1,2,2026-03-06 00:00:00,Magdalena Vicenta Carmona Español,Las Palmas
Utensilio de cocina plástico,37.78,5,2025-11-25 00:00:00,Purificación Galindo Lladó,Segovia
Envase plástico,49.27,1,2025-05-31 00:00:00,Dorita de Rivas,Baleares
Utensilio de cocina plástico,3.71,5,2026-03-08 00:00:00,Aureliano Ferrero Mora,Zaragoza
Envase plástico,27.66,2,2026-03-02 00:00:00,Marina Paz Martín,León
Muñeco de plástico,15.16,10,2025-08-06 00:00:00,Trinidad Coloma Rivero,Zaragoza
Botella PET,14.42,7,2026-01-25 00:00:00,Geraldo Rubio,Melilla
Cubo organizador,27.99,15,2026-04-06 00:00:00,Godofredo Victor Manuel Tejera Echevarría,Huesca
Botella PET,43.52,5,2026-04-01 00:00:00,Balduino Estrada-Santamaría,Lleida
Tupper,18.8,15,2025-08-15 00:00:00,Anastasia Campoy Luna,Girona
Utensilio de cocina plástico,15.0,18,2025-06-02 00:00:00,Isaac Manso Guijarro,Valencia
Cubo de basura plástico,45.24,18,2025-12-05 00:00:00,Yolanda Gallart Farré,Zaragoza
Envase plástico,8.98,10,2025-06-26 00:00:00,Flavio Cazorla Cuéllar,Madrid
Muñeco de plástico,45.12,5,2025-09-24 00:00:00,Victoriano Heras Bou,Guadalajara
Cubo de basura plástico,41.98,3,2025-09-03 00:00:00,Flora Belmonte Aguiló,Soria
Pelota plástica,23.81,2,2026-03-16 00:00:00,Cándida Chita Acuña Moliner,Castellón
Utensilio de cocina plástico,27.34,7,2025-09-13 00:00:00,Ofelia Isabel Galván Leal,Ceuta
Botella PET,5.75,16,2026-01-19 00:00:00,Cruz Puga Hernando,La Coruña
Utensilio de cocina plástico,48.72,13,2026-03-19 00:00:00,Isabela del Ferrera,Guadalajara
Juguete de plástico,35.54,11,2026-02-04 00:00:00,Carlito Tejedor Arroyo,Castellón
Muñeco de plástico,3.98,18,2026-02-27 00:00:00,Florentino Suárez Gálvez,Palencia
Cubo de basura plástico,41.49,3,2026-02-28 00:00:00,María Teresa Calixta Medina Gonzalo,Ceuta
Utensilio de cocina plástico,49.21,7,2025-12-09 00:00:00,Aránzazu Antúnez Román,La Rioja
Cubo organizador,37.3,2,2026-02-11 00:00:00,Pelayo Cabello Sotelo,Zamora
Juguete de plástico,6.56,11,2025-06-22 00:00:00,Celia Artigas Valcárcel,Córdoba
Envase plástico,6.83,7,2025-11-15 00:00:00,Humberto Blanca-Fortuny,Baleares
Utensilio de cocina plástico,32.69,1,2026-04-28 00:00:00,Yago del Checa,Zamora
Envase plástico,40.06,12,2026-01-14 00:00:00,Benigno Gonzalez Amat,Zamora
Muñeco de plástico,28.88,8,2025-12-15 00:00:00,Édgar Pedro Perez,Barcelona
Cubo organizador,39.25,16,2026-02-19 00:00:00,Domingo Jover Saura,Lleida
Cubo organizador,28.38,13,2025-09-15 00:00:00,Abigaíl Gargallo-Sedano,Burgos
Muñeco de plástico,6.4,8,2025-09-07 00:00:00,Isaac Jara Valdés,Valencia
Muñeco de plástico,9.27,8,2025-08-25 00:00:00,Adelina Iglesias Alcolea,Tarragona
Utensilio de cocina plástico,39.34,20,2026-04-29 00:00:00,Marcela Doménech Araujo,Segovia
Cubo organizador,5.92,17,2026-02-07 00:00:00,Silvia Roda Blazquez,La Coruña
Juguete de plástico,14.5,4,2026-03-10 00:00:00,Lucas del Cáceres,Girona
Tupper,30.1,15,2025-06-30 00:00:00,Aroa de Maldonado,Girona
Pelota plástica,34.13,19,2026-02-09 00:00:00,Pili Menendez Barco,Santa Cruz de Tenerife
Botella PET,16.02,14,2025-06-03 00:00:00,Manuela Palmer Mena,Lleida
Utensilio de cocina plástico,20.17,19,2025-08-04 00:00:00,Epifanio Fuster Aguilera,Ourense
Utensilio de cocina plástico,26.58,11,2026-03-31 00:00:00,Candelario del Acosta,Cuenca
Tupper,4.05,5,2026-01-04 00:00:00,Flavia Aroca Medina,Cádiz
Juguete de plástico,18.96,17,2026-03-05 00:00:00,Flavio Cuesta Mariscal,Guadalajara
Juguete de plástico,2.97,19,2025-11-09 00:00:00,Teodoro del Vergara,Ourense
Tupper,35.42,16,2025-07-15 00:00:00,Edmundo Badía Arnau,Ceuta
Cubo de basura plástico,45.11,18,2026-03-17 00:00:00,Ágata Somoza Aragonés,Teruel
Cubo de basura plástico,8.78,2,2026-05-15 00:00:00,Rosalía Piñeiro Serrano,Vizcaya
Cubo organizador,49.86,13,2026-03-01 00:00:00,Charo de Paz,Guipúzcoa
Juguete de plástico,47.59,15,2026-04-10 00:00:00,Angelina Laguna,Cáceres
Silla plástica,40.74,15,2026-04-07 00:00:00,Jordán Ortuño-Nevado,Salamanca
Muñeco de plástico,12.64,19,2025-07-05 00:00:00,Francisco Javier Marco-Amador,Madrid
Tupper,49.81,7,2025-10-12 00:00:00,Alexandra Vara Pozo,Zaragoza
Envase plástico,44.37,4,2025-10-13 00:00:00,Teresita Mora-Paz,Toledo
Utensilio de cocina plástico,45.79,2,2025-10-13 00:00:00,Ana Sofía Figueras Nicolás,Cáceres
Juguete de plástico,39.03,7,2025-09-11 00:00:00,Marcelino Cobo,Navarra
Muñeco de plástico,45.31,11,2026-02-11 00:00:00,Goyo Bustos Pera,Asturias
Botella PET,47.79,11,2025-11-26 00:00:00,Ana Sofía Valbuena,Cantabria
Tupper,32.73,8,2025-10-29 00:00:00,Rita Parejo Saavedra,Huelva
Botella PET,27.81,12,2026-03-28 00:00:00,Olalla Viviana Reina Belda,Alicante
Envase plástico,5.15,19,2026-01-18 00:00:00,Cruz Pacífica Ramos Barbero,Madrid
Tupper,3.89,9,2026-01-25 00:00:00,Lola Cáceres Sierra,Guipúzcoa
Botella PET,38.17,16,2025-08-15 00:00:00,Ezequiel de Vila,Las Palmas
Juguete de plástico,44.14,6,2026-01-22 00:00:00,Sandra del Sevillano,Asturias
Cubo organizador,33.54,20,2025-08-02 00:00:00,Evaristo de Bayo,Lugo
Muñeco de plástico,37.77,15,2025-12-11 00:00:00,Rosario Miró Mora,La Rioja
Silla plástica,44.68,18,2026-05-11 00:00:00,Gilberto Cal,Ceuta
Cubo de basura plástico,41.74,1,2025-10-15 00:00:00,Héctor Lisandro Luz Lago,Cantabria
Cubo de basura plástico,33.84,17,2026-02-04 00:00:00,Baltasar de Escribano,Lleida
Juguete de plástico,6.16,1,2026-03-23 00:00:00,Damián Roig Pont,Salamanca
Botella PET,14.75,1,2026-04-28 00:00:00,Silvia de Carreras,Valencia
Cubo de basura plástico,25.69,11,2025-08-13 00:00:00,Rubén Navarro Gilabert,Huesca
Muñeco de plástico,33.2,9,2025-11-09 00:00:00,Perla Vazquez,Valencia
Cubo organizador,21.78,10,2026-01-20 00:00:00,Plinio Pallarès Gomis,Lugo
Tupper,26.87,8,2025-12-31 00:00:00,Gabriela Saura Goñi,Soria
Pelota plástica,1.97,7,2025-11-20 00:00:00,Rodolfo Ureña Jordá,Girona
Cubo de basura plástico,33.56,19,2026-02-22 00:00:00,Aristides Arcos Gallart,Palencia
Tupper,1.25,4,2025-07-28 00:00:00,Pascuala Arellano Madrigal,Castellón
Pelota plástica,16.43,10,2026-04-03 00:00:00,Goyo Cantón Abascal,Córdoba
Muñeco de plástico,30.7,14,2025-10-28 00:00:00,Modesto Bayo Botella,Navarra
Silla plástica,23.33,5,2026-03-29 00:00:00,Fausto Cebrián Carbajo Lozano,Badajoz
Silla plástica,31.84,18,2026-04-25 00:00:00,Luis Ángel Ramírez Cid,Lleida
Cubo organizador,49.67,19,2025-10-15 00:00:00,Antonia Español,Valladolid
Utensilio de cocina plástico,36.71,13,2025-06-07 00:00:00,Sergio Puerta Baños,Granada
Muñeco de plástico,40.8,10,2026-05-26 00:00:00,Tatiana de Bas,Girona
Cubo de basura plástico,13.64,11,2025-12-21 00:00:00,Angelina Iglesias Armengol,Valencia
Envase plástico,49.89,5,2025-12-24 00:00:00,Marino Huerta,Lugo
Juguete de plástico,43.28,1,2025-10-15 00:00:00,Fortunato Castro,Ourense
Utensilio de cocina plástico,33.75,18,2026-01-31 00:00:00,Angelina de Teruel,Huesca
Cubo de basura plástico,41.85,12,2025-07-28 00:00:00,Heriberto Miguel Ángel Galán Villar,Huelva
Botella PET,42.11,15,2025-11-04 00:00:00,Matías Figueroa,Toledo
Botella PET,35.99,6,2025-11-07 00:00:00,Simón Carranza Oller,Almería
Pelota plástica,48.16,13,2025-10-27 00:00:00,Vito Luciano Gibert Figueroa,Guadalajara
Botella PET,18.15,4,2025-09-09 00:00:00,Aitana Roldán Caparrós,Cantabria
Utensilio de cocina plástico,44.99,3,2025-12-16 00:00:00,Pepita Agustina Aguiló Salazar,Ceuta
Cubo organizador,18.78,15,2025-06-27 00:00:00,Mauricio Pons Batlle,Almería
Juguete de plástico,27.95,5,2025-12-29 00:00:00,Eusebio Cuervo Julián,Navarra
Juguete de plástico,35.1,9,2026-03-30 00:00:00,Moisés de Frutos,Cantabria
Botella PET,7.05,11,2025-11-03 00:00:00,Camila Montesinos Calderon,León
Envase plástico,7.77,12,2026-05-14 00:00:00,Ismael Contreras Carranza,Ávila
Juguete de plástico,5.09,3,2026-04-25 00:00:00,Tiburcio Aguirre Planas,Murcia
Utensilio de cocina plástico,49.31,6,2026-05-10 00:00:00,Antonia Nadia Sobrino Neira,Guipúzcoa
Pelota plástica,12.06,12,2025-10-13 00:00:00,Ariel Sacristán Morata,Las Palmas
Cubo de basura plástico,45.04,7,2025-08-03 00:00:00,Carmina Ariza Ayala,Valencia
Silla plástica,18.06,16,2025-11-13 00:00:00,Jovita Villanueva Baró,Vizcaya
Cubo organizador,10.37,7,2025-07-11 00:00:00,Isidro Rivero Santos,Cuenca
Juguete de plástico,37.68,8,2026-05-26 00:00:00,Clarisa Cabrero Pagès,Asturias
Silla plástica,1.01,17,2025-06-03 00:00:00,Ambrosio Riba Fiol,Ourense
Silla plástica,28.72,12,2026-04-10 00:00:00,Rocío Elisabet Alcaraz Rey,Huelva
Cubo organizador,22.19,3,2025-11-11 00:00:00,Máxima Casado Guardiola,Guipúzcoa
Envase plástico,11.61,19,2025-10-21 00:00:00,Elisa Casals Cañas,Cantabria
Utensilio de cocina plástico,24.81,17,2025-06-16 00:00:00,Amalia Angelita Pombo Prats,Cádiz
Muñeco de plástico,1.65,1,2025-06-23 00:00:00,Oriana Barrera Machado,Salamanca
Botella PET,25.02,6,2025-10-09 00:00:00,Agustín Barranco Andreu,Las Palmas
Tupper,40.66,1,2025-12-03 00:00:00,Raquel Luís Carrasco,León
Botella PET,46.43,3,2026-01-18 00:00:00,Maristela Florentina Pedrosa Amores,Tarragona
Pelota plástica,39.55,18,2025-08-19 00:00:00,Lázaro Vall Llopis,Cádiz
Muñeco de plástico,1.27,6,2026-01-05 00:00:00,Caridad Lastra Ripoll,Sevilla
Tupper,41.38,13,2026-01-04 00:00:00,Máximo Franch Molins,Vizcaya
Muñeco de plástico,13.99,2,2026-02-16 00:00:00,Gonzalo González Royo,Lugo
Envase plástico,12.99,12,2025-12-10 00:00:00,Ariel Camino Heredia,Almería
Juguete de plástico,24.7,20,2025-12-21 00:00:00,Liliana Barrena Rosado,Melilla
Silla plástica,43.6,2,2026-03-07 00:00:00,Joel Monreal,Girona
Botella PET,15.85,10,2025-07-05 00:00:00,Ibán del Vendrell,Ciudad
Botella PET,24.24,3,2025-10-17 00:00:00,Noa Pol Villegas,Huesca
Tupper,35.36,6,2026-02-25 00:00:00,Eloy Ayala,Lugo
Muñeco de plástico,45.41,9,2025-06-16 00:00:00,Natalio Aliaga-Arnau,Almería
Muñeco de plástico,20.67,18,2025-11-22 00:00:00,Luz Gálvez Teruel,Lleida
Muñeco de plástico,18.1,12,2026-02-05 00:00:00,Ligia Galvez Barrena,Burgos
Muñeco de plástico,44.96,10,2025-05-31 00:00:00,José María Guijarro Lorenzo,Las Palmas
Cubo organizador,4.05,12,2026-05-02 00:00:00,Darío Gordillo Yáñez,Burgos
Tupper,30.77,9,2025-10-02 00:00:00,Ulises Barba,Albacete
Silla plástica,45.11,17,2026-05-20 00:00:00,Cándida Amador Carmona,Murcia
Cubo de basura plástico,22.87,18,2026-02-10 00:00:00,María Del Carmen Villena Alberola,Valladolid
Pelota plástica,27.16,9,2025-10-13 00:00:00,Felipe Blazquez Rocamora,Córdoba
Pelota plástica,42.41,17,2025-12-16 00:00:00,Marianela Escobar Urrutia,Córdoba
Envase plástico,49.36,7,2026-04-10 00:00:00,Ana Catalá Taboada,Alicante
Cubo organizador,32.24,5,2025-12-24 00:00:00,Marcia Velasco-Bayón,Cádiz
Cubo de basura plástico,15.17,20,2026-05-21 00:00:00,Eustaquio Valdés Abella,Soria
Muñeco de plástico,42.33,12,2026-02-22 00:00:00,Jenny de Guardiola,Melilla
Muñeco de plástico,33.09,5,2025-07-10 00:00:00,Leonor Rius Antúnez,Alicante
Envase plástico,27.85,20,2026-04-14 00:00:00,Carlota Cerro Mena,Navarra
Botella PET,30.23,4,2026-05-11 00:00:00,Albino Sanabria Amorós,Zaragoza
Juguete de plástico,39.23,5,2026-01-16 00:00:00,Herberto Ureña-Domínguez,Toledo
Cubo organizador,17.11,1,2025-10-10 00:00:00,Araceli Pallarès Pinilla,Las Palmas
Silla plástica,39.3,17,2025-09-15 00:00:00,Germán Parejo Gascón,Cuenca
Botella PET,36.31,17,2025-07-05 00:00:00,María Luisa Lledó,Murcia
Muñeco de plástico,36.91,7,2025-12-03 00:00:00,Paca Jimenez Marco,Melilla
Muñeco de plástico,18.23,10,2025-06-02 00:00:00,Lucho Díez-Esteve,Ourense
Tupper,37.16,18,2025-06-23 00:00:00,Eva del Alberola,Huelva
Cubo organizador,21.78,4,2025-08-02 00:00:00,Ariel Gibert,Málaga
Botella PET,31.84,1,2025-11-08 00:00:00,Teodoro Jódar Juárez,Lleida
Juguete de plástico,40.64,19,2025-12-03 00:00:00,Rosa María Echevarría Prieto,Baleares
Utensilio de cocina plástico,13.05,17,2025-11-13 00:00:00,Arturo Morata Ballester,León
Cubo organizador,43.84,16,2025-12-05 00:00:00,Ruy Pedro,Huelva
Cubo de basura plástico,37.55,17,2026-05-19 00:00:00,Clotilde Mayo Acedo,Toledo
Silla plástica,11.88,12,2026-02-12 00:00:00,Leticia Mosquera Ayllón,Granada
Juguete de plástico,48.81,2,2025-09-10 00:00:00,Isidro de Cañizares,Salamanca
Tupper,25.69,4,2026-02-08 00:00:00,Belén Samper-Arias,Huelva
Pelota plástica,5.67,1,2025-12-25 00:00:00,Fito Murillo,Ourense
Silla plástica,43.67,4,2026-03-25 00:00:00,Prudencia Mármol Briones,Murcia
Utensilio de cocina plástico,21.47,17,2026-05-19 00:00:00,Javi de Saldaña,Cantabria
Juguete de plástico,8.93,3,2025-09-02 00:00:00,Samu Arnal,Álava
Cubo de basura plástico,24.19,10,2025-11-09 00:00:00,Laura Ariza-Martinez,Baleares
Cubo de basura plástico,8.81,17,2025-07-20 00:00:00,Belén Pombo Huertas,Álava
Juguete de plástico,40.38,17,2025-08-26 00:00:00,Gisela Monreal-Herranz,Murcia
Utensilio de cocina plástico,18.71,2,2026-03-10 00:00:00,Cipriano Matas Barros,Cantabria
Juguete de plástico,38.84,10,2026-04-17 00:00:00,Pili Calleja Cervantes,Zamora
Juguete de plástico,32.88,10,2026-03-11 00:00:00,Plinio Blazquez,Tarragona
Envase plástico,33.85,7,2026-02-13 00:00:00,Ainoa Valderrama,Melilla
Cubo de basura plástico,17.83,1,2025-08-27 00:00:00,Asdrubal de Belda,Melilla
Cubo organizador,38.56,18,2026-02-27 00:00:00,Mirta Concepción Téllez Otero,Barcelona
Muñeco de plástico,22.93,9,2025-10-24 00:00:00,Marciano Pazos-Cuenca,Málaga
Cubo de basura plástico,39.45,20,2025-06-16 00:00:00,Plácido Sebastián Segura,Castellón
Botella PET,9.09,12,2026-01-25 00:00:00,Manu Benítez Gutierrez,Navarra
Envase plástico,37.5,16,2025-09-30 00:00:00,María José Verdejo,Navarra
Pelota plástica,31.05,4,2025-11-17 00:00:00,Severiano Montserrat Miguel,Zaragoza
Envase plástico,15.85,20,2026-03-15 00:00:00,Genoveva Castro-Pereira,Asturias
Silla plástica,35.58,2,2025-09-01 00:00:00,Inmaculada Verdugo Jordán,Cantabria
Tupper,30.13,2,2025-07-09 00:00:00,Eliseo Aliaga Roca,Salamanca
Cubo organizador,17.42,15,2025-08-05 00:00:00,Ciro Baldomero Montero Reyes,Baleares
Juguete de plástico,46.0,18,2026-04-30 00:00:00,Purificación Hernández-Cornejo,Salamanca
Tupper,6.53,2,2026-02-07 00:00:00,Baudelio Perez,Segovia
Cubo organizador,38.94,19,2025-10-02 00:00:00,Fabiola Zorrilla Pacheco,Palencia
Botella PET,7.76,9,2026-04-21 00:00:00,Pepito Rojas Solano,Girona
Pelota plástica,1.55,18,2025-11-14 00:00:00,Martina Pili Luna Castañeda,Salamanca
Juguete de plástico,31.26,2,2025-10-03 00:00:00,Álvaro Manso Vicens,Ourense
Silla plástica,9.71,1,2025-12-20 00:00:00,Bautista Alfonso Rovira,Santa Cruz de Tenerife
Botella PET,11.44,5,2025-08-25 00:00:00,Lina Rivas Lledó,Lugo
Utensilio de cocina plástico,7.63,12,2026-05-07 00:00:00,Palmira Carrasco Amores,León
Utensilio de cocina plástico,7.1,18,2026-04-29 00:00:00,Andrés Barroso Montalbán,Lugo
Utensilio de cocina plástico,17.93,15,2025-07-13 00:00:00,Manu Pol-Zabala,Burgos
Cubo de basura plástico,26.61,16,2026-03-17 00:00:00,Chus del Juliá,Almería
Utensilio de cocina plástico,49.46,11,2025-12-29 00:00:00,Calixta de Bayón,Ávila
Utensilio de cocina plástico,48.11,3,2025-06-11 00:00:00,Maricela Gargallo Somoza,Melilla
Silla plástica,27.19,20,2025-06-02 00:00:00,Mayte Sales Abella,Soria
Juguete de plástico,9.78,1,2025-07-02 00:00:00,Samu Castellanos Zamorano,Jaén
Envase plástico,42.44,19,2025-08-10 00:00:00,Priscila Rodríguez Cerezo,Sevilla
Utensilio de cocina plástico,32.95,14,2025-11-04 00:00:00,Jose Francisco Palacio Herrero,Ciudad
Tupper,14.3,20,2026-05-14 00:00:00,Marco Berenguer,Valladolid
Juguete de plástico,44.99,9,2026-02-07 00:00:00,Florinda Burgos Pedro,Burgos
Silla plástica,24.9,18,2026-04-01 00:00:00,Emma del Anaya,Alicante
Cubo organizador,38.96,2,2025-07-03 00:00:00,Herminia Haro Ripoll,Tarragona
Utensilio de cocina plástico,17.08,3,2025-08-23 00:00:00,Candelas Olivera,Burgos
Juguete de plástico,49.92,6,2026-05-02 00:00:00,Regina Melero-Duarte,Murcia
Envase plástico,44.26,5,2025-10-02 00:00:00,Nacho Graciano Ariño Calderón,Ciudad
Cubo organizador,26.65,2,2025-11-03 00:00:00,Luis Ángel Andres Morán,Navarra
Pelota plástica,45.49,12,2025-10-05 00:00:00,Amarilis Pastor Santamaría,Valencia
Pelota plástica,26.39,18,2025-11-01 00:00:00,María Jesús Mena Carrasco,Navarra
Utensilio de cocina plástico,19.37,14,2025-08-23 00:00:00,Fanny Calderón Ureña,Huesca
Juguete de plástico,31.19,16,2025-10-26 00:00:00,Juana Martina Pascual Anglada,Segovia
Botella PET,7.53,12,2026-03-21 00:00:00,Beatriz Tudela Vallés,Ceuta
Botella PET,9.71,10,2025-06-15 00:00:00,Ibán Soriano Patiño,Baleares
Envase plástico,42.24,4,2026-04-06 00:00:00,Raquel Farré Olivera,Las Palmas
Envase plástico,48.46,16,2026-02-20 00:00:00,Coral Pinto,La Rioja
Botella PET,40.55,16,2025-12-05 00:00:00,Maximiliano Frías Cabello,Barcelona
Utensilio de cocina plástico,12.66,11,2025-10-22 00:00:00,Elpidio Rincón Parejo,Albacete
Juguete de plástico,3.26,18,2025-09-27 00:00:00,Donato Páez Tomás,Sevilla
Utensilio de cocina plástico,4.13,3,2025-10-25 00:00:00,Eufemia Cañas Aparicio,Cantabria
Envase plástico,36.32,12,2025-10-20 00:00:00,Ángela Mármol Alvarado,Girona
Cubo de basura plástico,20.86,13,2025-07-03 00:00:00,Efraín Mendizábal Luque,León
Envase plástico,48.12,9,2026-03-13 00:00:00,Macario Verdú Sobrino,Álava
Cubo de basura plástico,32.43,16,2025-09-28 00:00:00,Nazaret Agudo,Badajoz
Envase plástico,19.78,18,2025-08-28 00:00:00,Ale Sara Melero Cuéllar,Burgos
Cubo de basura plástico,45.39,5,2025-08-09 00:00:00,Rufina Juliana Puga Pedraza,Valladolid
Muñeco de plástico,8.57,12,2025-10-25 00:00:00,Carmela de Mayo,Huesca
Tupper,12.29,18,2025-12-16 00:00:00,Iván Gilabert Sans,Lugo
Botella PET,20.34,2,2026-02-16 00:00:00,Zaida Durán,Almería
Cubo organizador,15.99,2,2026-01-26 00:00:00,Armida Robledo Saldaña,Valladolid
Tupper,21.2,8,2025-11-22 00:00:00,Carmelo Joaquín Cabello Ayuso,Pontevedra
Botella PET,32.97,10,2026-01-30 00:00:00,Pacífica Torrents-Cardona,Las Palmas
Cubo organizador,44.8,2,2026-04-30 00:00:00,Odalis Fuente-Arana,Barcelona
Silla plástica,23.28,19,2026-04-23 00:00:00,Carlota de Uribe,Lugo
Muñeco de plástico,46.59,18,2026-01-29 00:00:00,Telmo Trillo Andrés,Soria
Cubo de basura plástico,44.26,16,2026-04-27 00:00:00,Estrella Ayllón Viana,Las Palmas
Silla plástica,24.17,12,2025-11-05 00:00:00,Javi Cazorla-Quero,Sevilla
Cubo de basura plástico,37.15,11,2025-10-16 00:00:00,Clímaco Porta Pina,Huelva
Silla plástica,27.21,2,2025-07-16 00:00:00,Trinidad Páez Calleja,Salamanca
Juguete de plástico,39.85,2,2025-10-22 00:00:00,Edelmira Garzón Gámez,Soria
Botella PET,6.19,13,2026-03-23 00:00:00,Balduino Calvo Pavón,Girona
Utensilio de cocina plástico,37.48,2,2025-07-25 00:00:00,Berta Mendez Santiago,Baleares
Utensilio de cocina plástico,20.31,2,2025-09-17 00:00:00,Gaspar Balaguer-Vega,Valencia
Envase plástico,35.63,2,2026-04-19 00:00:00,Amando Solana-Esteve,León
Botella PET,49.15,13,2026-02-24 00:00:00,Atilio Lalo Aragonés Fabregat,Málaga
Cubo organizador,49.29,2,2025-08-27 00:00:00,Jerónimo Farré Plaza,Jaén
Pelota plástica,23.69,7,2025-07-20 00:00:00,Luís Llorente Garzón,Zamora
Botella PET,24.9,7,2026-04-21 00:00:00,Andrés Felipe Cerro Ríos,Lleida
Juguete de plástico,5.39,1,2025-10-17 00:00:00,Cruz Vélez Galván,Álava
Juguete de plástico,27.86,7,2026-04-03 00:00:00,Modesto Arnau Alfaro,Santa Cruz de Tenerife
Cubo de basura plástico,9.78,13,2025-09-01 00:00:00,Estela de Cruz,Lleida
Juguete de plástico,44.67,16,2025-09-09 00:00:00,Juan Francisco Duran Losada,Segovia
Tupper,40.33,19,2025-10-08 00:00:00,Herminia Porta Alcolea,Santa Cruz de Tenerife
Juguete de plástico,45.02,16,2026-04-04 00:00:00,Toni Bas Anglada,Cáceres
Pelota plástica,20.57,10,2025-11-11 00:00:00,Alma Villalobos Zamora,Ávila
Cubo organizador,34.48,4,2026-01-27 00:00:00,Ofelia del Belmonte,Asturias
Muñeco de plástico,38.63,12,2025-08-01 00:00:00,Jose Miguel Rosa-Arévalo,Albacete
Cubo de basura plástico,29.02,11,2025-07-18 00:00:00,Regina Torrents-Viñas,La Coruña
Envase plástico,15.5,9,2026-02-22 00:00:00,Eli Anglada Jordán,Segovia
Cubo de basura plástico,48.12,2,2025-12-03 00:00:00,Goyo Cuenca Calzada,Ávila
Tupper,21.38,1,2025-10-04 00:00:00,Carlota Carlos,Zaragoza
Muñeco de plástico,8.24,2,2026-02-25 00:00:00,Esther Campos,Ciudad
Juguete de plástico,9.64,20,2026-02-10 00:00:00,Adelaida Fábregas,Girona
Cubo de basura plástico,39.06,12,2026-05-17 00:00:00,Cornelio del Julián,Ávila
Cubo organizador,44.63,16,2025-07-26 00:00:00,Irene Laguna Fábregas,Lleida
Utensilio de cocina plástico,21.33,18,2025-11-23 00:00:00,Jimena Pavón Crespi,Cantabria
Cubo organizador,25.2,1,2025-07-03 00:00:00,Benito García-Amigó,Madrid
Pelota plástica,34.38,1,2025-09-07 00:00:00,Celestina Otilia Delgado Palacios,Santa Cruz de Tenerife
Utensilio de cocina plástico,14.7,2,2025-07-22 00:00:00,Fidela Hervás-Briones,Teruel
Utensilio de cocina plástico,25.69,17,2026-02-26 00:00:00,Desiderio Marcos Luque,Toledo
Tupper,43.65,12,2026-04-12 00:00:00,Calisto Andrés Felipe Llobet Marcos,Almería
Utensilio de cocina plástico,4.61,7,2026-04-05 00:00:00,Fausto Belmonte,Burgos
Cubo de basura plástico,36.13,4,2025-09-23 00:00:00,Custodio Valcárcel Barrera,Málaga
Cubo de basura plástico,5.51,19,2026-01-13 00:00:00,Abril Fuente Solana,Cádiz
Envase plástico,18.95,7,2026-02-03 00:00:00,Flora Benavente,Madrid
Cubo organizador,27.33,18,2025-07-06 00:00:00,Etelvina Piedad Viña Godoy,Soria
Juguete de plástico,7.4,17,2026-03-31 00:00:00,Cándida Cárdenas Gonzalo,Teruel
Muñeco de plástico,4.84,19,2026-04-11 00:00:00,Marcos Barranco Torrecilla,Sevilla
Muñeco de plástico,6.93,6,2025-09-30 00:00:00,Agustín Calatayud Calvet,Zaragoza
Utensilio de cocina plástico,36.41,1,2025-06-23 00:00:00,Macarena Aurelia Manrique Artigas,Jaén
Botella PET,37.68,15,2025-12-02 00:00:00,Juan Chamorro Arnaiz,Jaén
Pelota plástica,36.43,6,2025-09-18 00:00:00,Iván Marco Araujo,La Rioja
Envase plástico,15.81,5,2025-10-13 00:00:00,Marcela Bayona,Cuenca
Botella PET,7.97,13,2025-12-07 00:00:00,Josefa Acedo Hidalgo,Lugo
Muñeco de plástico,15.06,8,2026-04-12 00:00:00,Bernardo del Corral,Ourense
Envase plástico,5.8,15,2026-02-11 00:00:00,Gerónimo de Merino,Guipúzcoa
Muñeco de plástico,34.15,6,2025-09-10 00:00:00,Joan Ruiz Peinado,Navarra
Juguete de plástico,28.78,20,2026-04-01 00:00:00,Samanta Guzmán-Elorza,Cáceres
Juguete de plástico,44.8,6,2025-09-26 00:00:00,Germán Gabaldón Anaya,Álava
Utensilio de cocina plástico,43.14,3,2025-06-02 00:00:00,Mónica Sabater Juan,Santa Cruz de Tenerife
Envase plástico,6.48,8,2025-07-01 00:00:00,Íngrid Báez-Huerta,Alicante
Envase plástico,17.58,9,2025-12-18 00:00:00,Tania Gallego Peñas,Castellón
Utensilio de cocina plástico,7.97,12,2025-07-29 00:00:00,Abril Parejo Peral,León
Pelota plástica,34.33,9,2025-07-22 00:00:00,Visitación Mena Mendoza,Guipúzcoa
Botella PET,10.05,9,2026-02-18 00:00:00,Rocío Marquez Cifuentes,Murcia
Utensilio de cocina plástico,11.51,17,2025-08-21 00:00:00,Armida de Ochoa,Burgos
Pelota plástica,48.47,5,2025-05-29 00:00:00,Bernardo Doménech,Lugo
Envase plástico,42.92,17,2026-05-05 00:00:00,Ariadna del Yuste,Ceuta
Pelota plástica,46.57,5,2025-06-06 00:00:00,Socorro Anselma Gomila Agustín,Barcelona
Cubo de basura plástico,20.68,8,2025-08-07 00:00:00,Anita Pino Rodrigo,Vizcaya
Muñeco de plástico,2.38,11,2025-07-01 00:00:00,Ale Meléndez Roda,Guipúzcoa
Muñeco de plástico,10.52,18,2026-03-06 00:00:00,Natalio Heras Duarte,Alicante
Envase plástico,25.07,2,2026-03-19 00:00:00,Donato Sastre Aguiló,Sevilla
Tupper,22.82,3,2026-02-02 00:00:00,Aníbal Morillo Viñas,Segovia
Cubo de basura plástico,41.68,12,2026-05-05 00:00:00,Gabino Dionisio Soria Checa,Badajoz
Cubo organizador,43.82,13,2025-12-01 00:00:00,Flavia Corral,Segovia
Cubo de basura plástico,1.02,8,2025-07-08 00:00:00,Sonia Hierro Cañete,Ciudad
Cubo organizador,5.41,13,2025-10-26 00:00:00,Estrella Bueno,Teruel
Pelota plástica,32.37,13,2025-10-30 00:00:00,Liliana Núñez Pol,Badajoz
Envase plástico,17.47,16,2025-07-30 00:00:00,Joaquina Losada Granados,Toledo
Envase plástico,35.5,4,2025-09-05 00:00:00,Bernardino Álamo Cobo,Madrid
Juguete de plástico,16.35,9,2025-12-20 00:00:00,Chus Teresa Jurado Sanz,Albacete
Tupper,44.35,14,2026-02-02 00:00:00,Azeneth Carmona Bejarano,Alicante
Pelota plástica,31.37,19,2025-12-11 00:00:00,Leocadia Villena Barral,Ávila
Envase plástico,10.3,13,2026-02-17 00:00:00,Eva María Juan,Cáceres
Cubo de basura plástico,42.32,12,2025-05-27 00:00:00,Salomón Ramírez Blanes,Cuenca
Pelota plástica,41.02,16,2026-01-18 00:00:00,Rosa Oliva-Coll,Murcia
Muñeco de plástico,35.14,14,2026-01-26 00:00:00,Adalberto Martín Vall,Huesca
Botella PET,37.48,14,2026-01-13 00:00:00,Héctor Torrijos Corral,Guadalajara
Tupper,40.03,15,2025-08-04 00:00:00,Inocencio Torrens Oliveras,Castellón
Utensilio de cocina plástico,17.52,6,2025-06-25 00:00:00,Bienvenida Arévalo Carmona,Lugo
Utensilio de cocina plástico,47.76,3,2025-09-10 00:00:00,Leyre Dueñas Robledo,Valencia
Silla plástica,4.21,20,2025-09-30 00:00:00,Dan Manzano,Melilla
Cubo organizador,3.2,20,2025-07-03 00:00:00,José Páez Menéndez,Tarragona
Silla plástica,17.44,15,2025-09-15 00:00:00,Sonia de Amorós,Pontevedra
Envase plástico,21.56,19,2025-11-02 00:00:00,Venceslás Luis Miguel Guzmán Ferrera,Huelva
Cubo de basura plástico,44.84,4,2025-09-19 00:00:00,Raquel Áurea Aparicio Muro,Cáceres
Cubo de basura plástico,15.18,4,2026-04-27 00:00:00,Edelmira Pablo,Albacete
Envase plástico,25.59,13,2025-07-12 00:00:00,Seve Angelino Prada Vicente,Álava
Pelota plástica,49.86,16,2026-04-20 00:00:00,Dan Pulido Batlle,Palencia
Botella PET,40.72,9,2025-10-31 00:00:00,Inés Nogués Padilla,Valladolid
Pelota plástica,25.51,20,2025-10-15 00:00:00,Gabriela Robles Escobar,Cáceres
Tupper,49.68,3,2025-08-04 00:00:00,Moisés Pina Sureda,Murcia
Envase plástico,2.89,5,2026-04-27 00:00:00,Samanta Fuertes Isern,Sevilla
Pelota plástica,15.37,15,2025-05-30 00:00:00,América Garcia,Cáceres
Cubo de basura plástico,1.88,4,2026-03-14 00:00:00,Bruno Cases Nevado,Tarragona
Cubo organizador,3.55,2,2025-08-22 00:00:00,Juan Manuel Nebot Roura,La Coruña
Utensilio de cocina plástico,2.25,12,2025-08-05 00:00:00,Beatriz Iriarte Santana,Zaragoza
Tupper,6.67,20,2025-06-10 00:00:00,Natividad Lobato Checa,Santa Cruz de Tenerife
Tupper,40.89,20,2026-01-10 00:00:00,Ana Belén Lara-Campillo,Ceuta
Juguete de plástico,2.03,10,2026-05-11 00:00:00,Inmaculada Ibáñez Blanca,Cáceres
Cubo de basura plástico,26.98,4,2025-07-13 00:00:00,Eloy Quirós Caparrós,Badajoz
Cubo de basura plástico,26.9,4,2025-11-03 00:00:00,Renato Avilés Cerro,Pontevedra
Juguete de plástico,31.09,3,2025-11-22 00:00:00,Macarena Andreu Haro,Salamanca
Cubo de basura plástico,47.12,6,2025-08-01 00:00:00,Guadalupe del Díez,Cuenca
Muñeco de plástico,13.7,11,2026-03-01 00:00:00,Jesús Alsina Blázquez,Cantabria
Botella PET,10.51,17,2025-10-21 00:00:00,Glauco Godoy Pineda,Castellón
Tupper,39.99,5,2025-09-20 00:00:00,Olegario Tejera Martí,Lleida
Cubo organizador,49.46,9,2026-05-16 00:00:00,Isidoro Morales Valls,Badajoz
Envase plástico,22.08,12,2025-08-10 00:00:00,Cirino Miranda Solís,Cantabria
Silla plástica,17.59,8,2026-01-01 00:00:00,Bautista Ferrera Mayo,Almería
Envase plástico,31.29,3,2026-04-14 00:00:00,Ruben Sala,Salamanca
Cubo de basura plástico,23.82,16,2025-11-01 00:00:00,Florinda Gabriela Lastra Buendía,Lleida
Tupper,26.16,2,2025-11-09 00:00:00,Raúl Casas Raya,Jaén
Tupper,8.67,5,2025-09-05 00:00:00,Isaura Alcalá Villena,Salamanca
Silla plástica,48.14,6,2026-04-02 00:00:00,Jennifer Meléndez Pombo,Alicante
Pelota plástica,35.38,9,2026-04-01 00:00:00,Javiera Mayoral Navas,Vizcaya
Utensilio de cocina plástico,22.84,12,2026-01-29 00:00:00,Tristán Garrido Prats,Valladolid
Tupper,42.28,5,2025-07-23 00:00:00,Martín Jordán Llanos,Albacete
Utensilio de cocina plástico,43.46,16,2025-07-31 00:00:00,Glauco Carpio Collado,Huesca
Silla plástica,25.96,17,2026-01-20 00:00:00,Mercedes Gámez Bolaños,Huelva
Utensilio de cocina plástico,47.62,8,2025-08-31 00:00:00,Diana Figueras Mínguez,Tarragona
Tupper,1.84,3,2025-10-27 00:00:00,Guiomar Reig-Nogués,Zamora
Utensilio de cocina plástico,10.15,9,2026-04-06 00:00:00,Vicente Chacón Rosselló,Melilla
Cubo de basura plástico,15.6,14,2026-02-16 00:00:00,Evangelina Herrero-Pons,Huesca
Botella PET,34.62,20,2025-12-13 00:00:00,Obdulia Mir Perelló,Álava
Silla plástica,30.51,15,2026-02-01 00:00:00,Juan Manuel Borrell-Cisneros,Zamora
Juguete de plástico,19.57,11,2025-12-27 00:00:00,Marcos Aroca,Ciudad
Juguete de plástico,10.88,16,2025-08-06 00:00:00,Dominga Pareja Hernando,Guipúzcoa
Tupper,21.22,7,2026-05-18 00:00:00,Jaime Caballero Blanca,Pontevedra
Muñeco de plástico,29.34,5,2026-01-03 00:00:00,Adelia Abascal-Villalonga,Lleida
Tupper,21.43,1,2026-03-21 00:00:00,Leonardo Gomis Mulet,Ourense
Cubo de basura plástico,42.98,8,2026-02-08 00:00:00,Omar Antonio Rocha Ferrán,Málaga
Juguete de plástico,1.99,15,2026-03-16 00:00:00,Ambrosio Agustín Yáñez,Teruel
Muñeco de plástico,37.06,8,2026-04-23 00:00:00,Nacio Gallo Soler,Barcelona
Tupper,17.23,20,2025-09-20 00:00:00,Gloria Pol Jáuregui,Badajoz
Juguete de plástico,26.53,16,2026-01-09 00:00:00,Edu Catalán Sevillano,Pontevedra
Cubo de basura plástico,25.96,8,2026-03-20 00:00:00,Benigna Puga Quintanilla,Las Palmas
Botella PET,35.65,17,2026-04-22 00:00:00,Miguel Polo Montero,Guadalajara
Cubo de basura plástico,22.37,6,2026-04-06 00:00:00,Adela Llorente Julián,Navarra
Botella PET,8.54,8,2026-05-04 00:00:00,Fabiana Vall,Castellón
Utensilio de cocina plástico,7.42,12,2025-06-30 00:00:00,Primitiva Hoz-Alvarado,Ávila
Botella PET,14.12,12,2026-04-09 00:00:00,Demetrio Vilanova Ballesteros,Ceuta
Silla plástica,28.03,8,2025-09-21 00:00:00,Eutropio Neira Saldaña,Sevilla
Utensilio de cocina plástico,20.3,7,2025-07-13 00:00:00,Teófila Gallardo Grande,Jaén
Botella PET,22.27,4,2025-12-23 00:00:00,Mónica de Lamas,Granada
Envase plástico,1.86,1,2026-01-12 00:00:00,Flor Bayón Alegre,Pontevedra
Cubo de basura plástico,23.06,11,2026-05-14 00:00:00,Olegario Salazar Solana,Teruel
Utensilio de cocina plástico,10.53,14,2025-10-30 00:00:00,Aristides Pereira-Solana,Córdoba
Pelota plástica,10.75,5,2025-08-31 00:00:00,Andrea Puig Iborra,Ceuta
Silla plástica,48.3,15,2026-03-02 00:00:00,Fito Cárdenas Manuel,Zaragoza
Utensilio de cocina plástico,46.43,8,2026-05-23 00:00:00,Flor Pombo Mas,Jaén
Muñeco de plástico,38.89,5,2026-05-07 00:00:00,Ligia Riquelme Olivera,Albacete
Tupper,3.63,6,2026-01-17 00:00:00,Aurelio Sánchez,La Rioja
Botella PET,23.25,12,2026-02-18 00:00:00,Chema Albero Frías,Granada
Pelota plástica,40.27,11,2026-05-09 00:00:00,Chus del Arévalo,Guadalajara
Cubo organizador,2.4,6,2025-12-10 00:00:00,Ibán Gárate Vallés,Madrid
Envase plástico,29.59,20,2026-03-08 00:00:00,Bernardita Carrera Melero,Burgos
Pelota plástica,27.23,13,2025-07-13 00:00:00,Fidel Santamaria-Haro,Toledo
Cubo de basura plástico,14.42,18,2025-10-17 00:00:00,Anastasia Pombo Palomo,Zaragoza
Cubo de basura plástico,41.94,19,2025-12-01 00:00:00,Cruz Fabra-Navarrete,Santa Cruz de Tenerife
Cubo de basura plástico,13.96,12,2026-01-11 00:00:00,Poncio Elías Parra Batalla,Lleida
Muñeco de plástico,25.44,13,2025-07-04 00:00:00,Epifanio Salas Puente,Valladolid
Muñeco de plástico,8.38,10,2026-01-21 00:00:00,Mirta Atienza-Beltrán,Huesca
Pelota plástica,24.87,7,2025-09-29 00:00:00,Jerónimo Barberá-Hurtado,Granada
Utensilio de cocina plástico,37.98,16,2026-02-10 00:00:00,Adelaida Cárdenas Bonilla,Cuenca
Cubo de basura plástico,15.68,14,2026-01-24 00:00:00,Vicenta Amaya Lara Salmerón,La Rioja
Tupper,29.54,7,2025-11-30 00:00:00,Artemio Canet Borja,Huesca
Cubo de basura plástico,34.78,5,2026-01-24 00:00:00,Perlita Perea Quintero,Álava
Botella PET,33.39,13,2026-02-11 00:00:00,Marc Márquez Tello,Segovia
Botella PET,17.11,3,2025-06-30 00:00:00,María Del Carmen Domingo-Bárcena,Madrid
Tupper,17.6,20,2025-06-08 00:00:00,Dominga Buendía Álvaro,Zaragoza
Cubo de basura plástico,27.45,11,2025-11-01 00:00:00,Vera Seguí Tello,León
Envase plástico,18.9,12,2026-02-23 00:00:00,Fabio Carmona Sanchez,Santa Cruz de Tenerife
Utensilio de cocina plástico,5.54,10,2025-06-02 00:00:00,Maristela Cepeda-Quintero,Ourense
Tupper,31.91,15,2026-05-14 00:00:00,Malena Coloma,Castellón
Utensilio de cocina plástico,7.77,20,2026-02-18 00:00:00,Fabián Agullo,La Coruña
Silla plástica,24.87,20,2025-10-24 00:00:00,Benita Carreras Araujo,Almería
Pelota plástica,29.52,15,2026-04-19 00:00:00,Flavio Duran Mendoza,La Coruña
Utensilio de cocina plástico,36.17,10,2025-09-10 00:00:00,Casemiro Casas Pinto,Zaragoza
Tupper,11.68,5,2025-11-14 00:00:00,Elvira Baños-Villena,Jaén
Muñeco de plástico,40.46,19,2025-09-27 00:00:00,Ildefonso Milla Ramis,Teruel
Utensilio de cocina plástico,48.86,7,2025-10-04 00:00:00,Francisco Javier Ródenas Bejarano,Lugo
Juguete de plástico,32.68,4,2025-12-11 00:00:00,Soledad Dulce Mata Cuadrado,La Coruña
Silla plástica,26.06,14,2025-10-27 00:00:00,Pascuala Expósito,Pontevedra
Muñeco de plástico,47.8,17,2026-01-28 00:00:00,Hermenegildo Falcón Lastra,Ceuta
Cubo de basura plástico,14.29,10,2025-07-31 00:00:00,Ruperta Sierra Reyes,Valencia
Muñeco de plástico,21.46,6,2026-01-31 00:00:00,Joaquín Perelló Berenguer,Huesca
Silla plástica,11.91,4,2026-03-24 00:00:00,Soledad Nieto Esteve,Salamanca
Envase plástico,35.39,4,2026-03-28 00:00:00,Dionisia Porras Echeverría,Ciudad
Utensilio de cocina plástico,7.16,7,2025-06-28 00:00:00,Sabas Ariño Conesa,Álava
Juguete de plástico,11.98,8,2026-02-06 00:00:00,Joaquín de Mármol,Alicante
Envase plástico,46.74,20,2026-04-16 00:00:00,Delfina Riquelme Bustamante,Las Palmas
Silla plástica,18.44,1,2025-10-30 00:00:00,Jose Ramón Catalán-Pinto,Melilla
Muñeco de plástico,39.93,2,2025-07-14 00:00:00,Melchor Bartolomé,Cantabria
Pelota plástica,21.71,3,2026-05-06 00:00:00,Hernán Oliveras Planas,Valladolid
Muñeco de plástico,46.32,13,2025-06-13 00:00:00,María Jesús Rozas Cepeda,Cuenca
Cubo organizador,26.28,15,2025-10-03 00:00:00,Íngrid Florina Benavent Valenciano,Salamanca
Silla plástica,45.33,5,2025-08-22 00:00:00,Cruz Hermenegildo Aparicio Calzada,Cantabria
Pelota plástica,15.85,13,2025-09-13 00:00:00,Violeta María Ballesteros Abascal,Álava
Silla plástica,16.22,9,2025-12-10 00:00:00,Pastor Chamorro Pareja,Córdoba
Cubo de basura plástico,49.86,15,2025-09-21 00:00:00,Urbano Andreu Soto,Santa Cruz de Tenerife
Cubo de basura plástico,42.57,10,2025-11-10 00:00:00,Haydée Amat Diego,Málaga
Botella PET,29.03,10,2025-08-18 00:00:00,Baltasar Ariza Hervia,Santa Cruz de Tenerife
Muñeco de plástico,37.47,5,2025-08-22 00:00:00,Marc Fiol Ibañez,Asturias
Cubo organizador,31.11,13,2026-05-10 00:00:00,Montserrat Alfonso Román,Zamora
Pelota plástica,2.07,6,2025-07-31 00:00:00,Erasmo Sandoval-Soler,Palencia
Tupper,35.68,13,2025-12-11 00:00:00,Fernando Uría,Asturias
Botella PET,41.84,4,2025-12-02 00:00:00,Emiliana Roldán Marti,Valladolid
Juguete de plástico,46.14,11,2026-04-29 00:00:00,Bárbara Cañizares,Guadalajara
Pelota plástica,5.63,11,2026-03-23 00:00:00,Fortunata Mesa,La Coruña
Tupper,10.76,19,2026-04-20 00:00:00,Julieta Cabello Delgado,Las Palmas
Muñeco de plástico,3.81,1,2025-06-10 00:00:00,Belén Donoso,Ceuta
Muñeco de plástico,40.14,9,2026-02-20 00:00:00,Adán Nadal Goñi,Vizcaya
Botella PET,48.23,14,2025-08-12 00:00:00,Vidal Posada-Sotelo,Vizcaya
Silla plástica,40.04,17,2025-12-01 00:00:00,Darío Sanmiguel Valentín,Albacete
Cubo organizador,15.79,16,2025-06-07 00:00:00,Ramona Amo Castilla,Navarra
Cubo organizador,28.09,17,2026-03-17 00:00:00,Alex Valverde Batlle,Jaén
Pelota plástica,5.57,13,2025-07-03 00:00:00,Victorino Crespi Mena,Cáceres
Tupper,46.28,13,2025-08-22 00:00:00,Silvio Roca Gascón,Palencia
Tupper,29.88,16,2026-05-19 00:00:00,Gilberto Bustos Adán,Zaragoza
Silla plástica,25.14,16,2026-05-20 00:00:00,Olga Lucena Álvaro,Girona
Cubo de basura plástico,30.84,6,2026-05-08 00:00:00,Ani Macias Solé,Burgos
Juguete de plástico,9.94,12,2025-12-11 00:00:00,Edelmira de Asensio,Palencia
Tupper,4.74,19,2026-03-20 00:00:00,Celestina Comas,Valencia
Utensilio de cocina plástico,26.1,15,2025-06-01 00:00:00,Fortunato Collado Adán,Valencia
Tupper,15.31,18,2025-11-29 00:00:00,Gabriela Cañellas,Palencia
Botella PET,29.95,13,2025-08-01 00:00:00,Magdalena Gallart Ferrero,Ciudad
Pelota plástica,44.33,20,2025-08-03 00:00:00,Paloma Aguirre Vizcaíno,Ceuta
Cubo organizador,42.9,17,2026-02-28 00:00:00,Pastora Sanmartín Porras,Tarragona
Cubo organizador,2.56,7,2026-02-12 00:00:00,Azahar Obdulia Aroca Bou,Guipúzcoa
Pelota plástica,16.1,4,2026-02-23 00:00:00,Rodrigo Piñol Quiroga,Pontevedra
Cubo de basura plástico,2.18,16,2025-06-04 00:00:00,Piedad Simó,Cáceres
Juguete de plástico,43.19,12,2026-02-02 00:00:00,Eligia Porras Carbajo,Lleida
Juguete de plástico,36.88,4,2025-11-20 00:00:00,Bernardo Alba Grande,Asturias
Cubo de basura plástico,18.25,18,2025-06-25 00:00:00,Andrés Felipe Adán Mayol Blanch,Málaga
Pelota plástica,9.45,15,2025-08-04 00:00:00,Arcelia Petrona Cruz Huertas,Asturias
Botella PET,9.01,14,2026-02-10 00:00:00,Aureliano Villar Talavera,Zamora
Cubo de basura plástico,19.9,12,2025-07-18 00:00:00,Jose Ramón Bermudez Bárcena,Segovia
Silla plástica,37.42,5,2026-01-06 00:00:00,Brígida Español Santos,Álava
Envase plástico,7.81,11,2026-03-15 00:00:00,Joaquín Figueras Sotelo,Guipúzcoa
Cubo organizador,49.42,18,2026-03-05 00:00:00,Imelda Olivera Mosquera,Las Palmas
Utensilio de cocina plástico,6.39,18,2026-05-26 00:00:00,Daniela Gascón Camps,Valladolid
Tupper,33.58,11,2026-02-16 00:00:00,Venceslás Nogués,Zamora
Botella PET,16.54,13,2025-12-18 00:00:00,Américo Poza Lopez,Ávila
Utensilio de cocina plástico,12.32,13,2026-04-30 00:00:00,Irma de Escrivá,Tarragona
Pelota plástica,32.53,8,2026-03-30 00:00:00,Plinio del Lago,Almería
Utensilio de cocina plástico,29.46,2,2026-03-13 00:00:00,Silvestre Jaume Muñoz,Guadalajara
Botella PET,25.77,4,2025-10-14 00:00:00,Marita Barco,Ávila
Muñeco de plástico,41.29,14,2025-12-24 00:00:00,Mar Seguí Ochoa,Albacete
Muñeco de plástico,26.4,4,2026-04-01 00:00:00,Che Morera,Girona
Botella PET,38.61,19,2025-07-19 00:00:00,Amado Ibáñez Vera,Córdoba
Envase plástico,32.08,16,2025-08-21 00:00:00,Griselda Barberá,Huesca
Utensilio de cocina plástico,45.21,16,2025-06-19 00:00:00,Esperanza Palau,Soria
Envase plástico,48.89,2,2025-12-11 00:00:00,Pilar Camino Ponce,Cuenca
Utensilio de cocina plástico,3.72,13,2026-05-07 00:00:00,Perla Morán Iniesta,Sevilla
Tupper,49.42,9,2026-02-03 00:00:00,Anselmo del Becerra,Vizcaya
Muñeco de plástico,22.9,18,2025-06-04 00:00:00,Guadalupe de Granados,Málaga
Envase plástico,18.35,3,2026-04-18 00:00:00,Calisto Hoyos Gascón,Cantabria
Tupper,6.85,16,2025-07-27 00:00:00,Mayte Villegas Millán,Zaragoza
Juguete de plástico,26.7,5,2025-06-15 00:00:00,Jose Carlos de Giralt,Toledo
Pelota plástica,7.88,12,2026-01-22 00:00:00,Georgina del Asensio,Lleida
Silla plástica,22.88,19,2026-02-24 00:00:00,Sofía de Palomares,Sevilla
Silla plástica,21.42,2,2025-05-31 00:00:00,Eustaquio de Estevez,Zamora
Juguete de plástico,27.01,12,2025-11-13 00:00:00,Florencia del Múñiz,Soria
Envase plástico,17.45,17,2025-11-25 00:00:00,Magdalena Alarcón Julián,Teruel
Juguete de plástico,48.75,3,2026-02-04 00:00:00,Ramona Adadia Belda,León
Cubo organizador,1.21,20,2025-08-08 00:00:00,Heriberto Ferrández,Guadalajara
Envase plástico,34.0,3,2026-05-24 00:00:00,Raquel Lidia Rodriguez Iborra,Guipúzcoa
Juguete de plástico,21.28,19,2025-09-04 00:00:00,Hipólito Amigó Llanos,Burgos
Silla plástica,41.76,4,2026-01-15 00:00:00,Marianela Samanta Cañellas Amat,Valladolid
Cubo de basura plástico,8.5,13,2025-10-18 00:00:00,Wilfredo Borja Castellanos Barrera,Toledo
Botella PET,6.34,9,2025-10-07 00:00:00,Hernando Dávila Cabanillas,Tarragona
Muñeco de plástico,23.84,15,2026-04-02 00:00:00,Dominga Tamarit Arévalo,Girona
Utensilio de cocina plástico,38.42,17,2025-07-26 00:00:00,Lucía Gema Mur Mercader,Álava
Tupper,43.08,18,2026-01-06 00:00:00,Telmo Bou-Aragón,Barcelona
Muñeco de plástico,6.44,11,2025-12-04 00:00:00,Celestino Quintanilla Alcalde,Badajoz
Pelota plástica,6.19,18,2025-12-11 00:00:00,Nicolás Miguel Galiano,Tarragona
Silla plástica,28.58,3,2026-02-09 00:00:00,Catalina Dorita Oller Fuente,Almería
Cubo organizador,2.57,14,2025-12-16 00:00:00,Adalberto Adadia Becerra,Guipúzcoa
Utensilio de cocina plástico,37.13,17,2025-10-15 00:00:00,Marita Pera-Boix,Zamora
Muñeco de plástico,29.1,13,2026-04-05 00:00:00,Anunciación Exposito Jaume,Álava
Silla plástica,25.99,6,2025-06-08 00:00:00,Francisco Javier Llorens Manzano,Cáceres
Utensilio de cocina plástico,8.33,3,2025-07-12 00:00:00,Octavio Celestino Marquez Camino,Albacete
Cubo organizador,23.0,14,2026-05-08 00:00:00,Mauricio Guzmán Seguí,Toledo
Cubo de basura plástico,44.38,2,2025-12-14 00:00:00,Amado Osuna Prat,Ceuta
Silla plástica,8.91,6,2025-06-25 00:00:00,Cándida Izaguirre Saura,Melilla
Tupper,24.97,12,2026-03-04 00:00:00,Eustaquio Gracia-Reina,Soria
Silla plástica,38.54,6,2026-05-06 00:00:00,Adalberto Egea Armengol,La Rioja
Botella PET,37.82,17,2025-06-27 00:00:00,Eladio Cózar Aguilar,Toledo
Envase plástico,44.21,3,2025-09-07 00:00:00,Gil Gargallo Adán,Almería
Pelota plástica,21.32,4,2025-06-18 00:00:00,Pepito Méndez Gutiérrez,Málaga
Envase plástico,15.29,14,2026-01-30 00:00:00,Héctor Rico-Guerra,Toledo
Pelota plástica,30.69,15,2025-06-07 00:00:00,Abril Matas Pacheco,Ávila
Pelota plástica,10.6,15,2026-01-15 00:00:00,Valero Uribe Expósito,Burgos
Tupper,5.91,15,2025-06-29 00:00:00,Danilo Sosa Barberá,Madrid
Cubo de basura plástico,42.07,19,2025-08-07 00:00:00,Dominga Diego Torres,Lleida
Botella PET,42.15,11,2025-12-18 00:00:00,Benigna Tormo Pi,Ciudad
Juguete de plástico,29.72,19,2025-05-27 00:00:00,Virgilio del Sola,Almería
Pelota plástica,41.6,2,2026-05-24 00:00:00,Porfirio Cervantes-Azcona,Baleares
Tupper,45.43,3,2025-07-31 00:00:00,Dalila de Pedrero,Soria
Utensilio de cocina plástico,32.88,1,2025-11-25 00:00:00,Adriana Zurita Giner,Palencia
Juguete de plástico,40.38,4,2026-04-28 00:00:00,Marisela del Solsona,Lugo
Silla plástica,5.43,11,2025-06-27 00:00:00,Tomasa Herminia Prada Garay,Madrid
Tupper,18.19,14,2026-05-16 00:00:00,Tomás Esparza Rozas,Teruel
Tupper,36.45,13,2025-12-19 00:00:00,Gregorio Sastre Jimenez,Teruel
Juguete de plástico,12.9,13,2025-06-07 00:00:00,Roxana Anselma Badía Arias,León
Silla plástica,48.48,5,2026-04-22 00:00:00,Oriana Vizcaíno Peláez,La Rioja
Pelota plástica,43.97,15,2026-04-14 00:00:00,Lidia Castilla Ureña,Albacete
Pelota plástica,3.84,8,2026-03-05 00:00:00,Gabriel Isern-Rios,Santa Cruz de Tenerife
Juguete de plástico,35.11,12,2025-07-15 00:00:00,Jorge Castillo Marco,Ávila
Envase plástico,15.88,12,2025-11-23 00:00:00,Luis Ángel Ayllón Leal,Cuenca
Botella PET,5.63,14,2026-01-31 00:00:00,Venceslás Edgardo Amador Barceló,Teruel
Silla plástica,25.32,6,2026-02-15 00:00:00,Lucio Boada Frutos,Murcia
Muñeco de plástico,47.22,9,2026-02-09 00:00:00,Chita Domitila Elías Suárez,Albacete
Envase plástico,27.74,8,2025-06-08 00:00:00,Gabriel Tejedor,Lugo
Cubo de basura plástico,40.68,15,2026-05-12 00:00:00,Emperatriz Dávila Mateos,Murcia
Tupper,38.46,15,2025-09-30 00:00:00,Eleuterio Gual Valcárcel,Tarragona
Utensilio de cocina plástico,28.66,15,2025-12-28 00:00:00,Jonatan Vicens,Badajoz
Botella PET,5.1,16,2026-01-04 00:00:00,Inocencio Noriega,Girona
Juguete de plástico,11.02,2,2025-06-30 00:00:00,Anita Tolosa Saldaña,La Coruña
Tupper,10.78,13,2025-07-25 00:00:00,Octavio Armas,La Coruña
Pelota plástica,42.44,14,2026-05-20 00:00:00,América Lillo Cánovas,Huesca
Pelota plástica,4.17,12,2026-04-02 00:00:00,Cornelio Rebollo Tudela,Álava
Utensilio de cocina plástico,24.75,19,2026-02-21 00:00:00,Maricruz Perelló-Vallés,Baleares
Juguete de plástico,35.26,2,2025-08-28 00:00:00,Alfredo Alfonso Ródenas,Murcia
Utensilio de cocina plástico,5.61,3,2026-02-15 00:00:00,Osvaldo Sales Canet,Cantabria
Muñeco de plástico,26.77,11,2026-04-17 00:00:00,Lucas de Carro,Cádiz
Envase plástico,20.42,16,2026-04-23 00:00:00,Sebastián Perera Solís,Valencia
Envase plástico,40.71,18,2025-10-04 00:00:00,Maricruz Gloria Castells Gomez,Huelva
Silla plástica,42.38,5,2026-05-24 00:00:00,Joan Crespi Reig,Soria
Silla plástica,31.5,9,2025-10-29 00:00:00,Omar Vicens Colom,Madrid
Juguete de plástico,24.05,18,2025-12-03 00:00:00,Belén Casals Nicolau,Madrid
Envase plástico,29.31,9,2026-02-20 00:00:00,Cintia Cruz,Cuenca
Cubo organizador,40.09,11,2025-11-25 00:00:00,Marina Río Carrillo,Lugo
Envase plástico,6.12,12,2025-12-27 00:00:00,Virgilio Ramírez Bartolomé,Sevilla
Silla plástica,25.61,6,2025-05-28 00:00:00,Carlito Pedraza Haro,Girona
Pelota plástica,7.51,11,2026-04-10 00:00:00,Fernanda Lopez Miranda,Baleares
Silla plástica,26.48,4,2026-01-19 00:00:00,Dora Cerdán Vilanova,Tarragona
Pelota plástica,5.69,6,2026-03-16 00:00:00,Ramiro Ramis-Portero,Melilla
Muñeco de plástico,12.38,13,2026-03-17 00:00:00,Azahar Revilla Landa,Castellón
Botella PET,14.84,12,2025-11-20 00:00:00,Silvestre Cebrián Bas Ortega,Navarra
Silla plástica,6.99,8,2025-07-17 00:00:00,Dimas Saez-Casanova,Pontevedra
Cubo organizador,40.03,11,2025-11-15 00:00:00,África Trillo Priego,La Coruña
Envase plástico,2.98,3,2025-09-11 00:00:00,Jonatan Busquets Morata,Ceuta
Cubo de basura plástico,46.92,9,2026-03-19 00:00:00,Benigna Tenorio Gárate,Murcia
Juguete de plástico,14.28,14,2026-04-01 00:00:00,Álvaro del Garrido,Las Palmas
Silla plástica,5.86,8,2026-03-27 00:00:00,Haydée Quevedo-Pedraza,Palencia
Utensilio de cocina plástico,46.98,16,2026-01-07 00:00:00,Laura Río Gallego,Palencia
Silla plástica,18.34,6,2025-06-21 00:00:00,Sancho Cervera,Valencia
Utensilio de cocina plástico,18.8,15,2025-10-06 00:00:00,Juan Carlos Almansa Hoz,Cuenca
Muñeco de plástico,49.37,9,2025-11-27 00:00:00,Nicolasa de Morante,Melilla
Envase plástico,19.08,20,2026-05-22 00:00:00,Flavia Esther Carbó Nicolás,Pontevedra
Silla plástica,17.38,16,2025-08-25 00:00:00,Guillermo Vall Marín,Navarra
Utensilio de cocina plástico,1.09,7,2026-05-01 00:00:00,Reyna Rita Franch Navarro,Guipúzcoa
Muñeco de plástico,48.62,13,2026-03-26 00:00:00,Joaquín Ambrosio Roma Córdoba,Navarra
Muñeco de plástico,41.7,5,2025-07-22 00:00:00,Roxana Vallés Guerrero,Huelva
Tupper,44.08,8,2026-05-17 00:00:00,Josep Ezequiel Perea Bilbao,Cuenca
Cubo organizador,3.38,3,2025-08-24 00:00:00,Poncio Oller Núñez,Huesca
Botella PET,42.58,17,2026-03-19 00:00:00,Marina Lluch-Melero,Lugo
Tupper,12.67,10,2026-01-10 00:00:00,Inocencio Iniesta Cal,Alicante
Muñeco de plástico,15.38,5,2025-08-15 00:00:00,Javier Luna Casal,La Rioja
Cubo organizador,5.26,12,2026-04-06 00:00:00,Celia Florina Bravo Mata,Lleida
Utensilio de cocina plástico,4.94,16,2026-04-19 00:00:00,Ariel Peinado Garrido,Sevilla
Silla plástica,25.14,20,2026-03-01 00:00:00,Onofre del Otero,Albacete
Utensilio de cocina plástico,48.75,18,2025-07-03 00:00:00,Benigna Mármol Granados,Cantabria
Utensilio de cocina plástico,29.62,13,2025-05-30 00:00:00,Violeta Báez,Almería
Botella PET,19.41,8,2025-06-19 00:00:00,Emiliana Elorza Clemente,Toledo
Utensilio de cocina plástico,26.17,7,2025-08-26 00:00:00,Carlota Íngrid Donoso Carbó,Huesca
Botella PET,19.1,1,2026-04-10 00:00:00,Ricardo de Rocamora,Lugo
Utensilio de cocina plástico,44.17,16,2026-03-07 00:00:00,Anastasia Olivares Aroca,Albacete
Cubo de basura plástico,18.26,18,2026-03-13 00:00:00,Norberto Clavero-Valle,Guadalajara
Muñeco de plástico,40.05,18,2025-12-27 00:00:00,Manu Garzón,Teruel
Muñeco de plástico,49.47,1,2026-03-25 00:00:00,Pilar Leal Valderrama,Ávila
Utensilio de cocina plástico,36.92,13,2026-01-02 00:00:00,Áurea del Almansa,Sevilla
Botella PET,24.16,13,2025-11-21 00:00:00,Narcisa Roman,Valladolid
Muñeco de plástico,6.62,9,2025-10-19 00:00:00,Petrona Martorell Porras,Teruel
Botella PET,17.89,20,2026-01-06 00:00:00,Martín del Osuna,Granada
Silla plástica,37.79,6,2026-02-02 00:00:00,Débora Mariscal Castejón,Huelva
Pelota plástica,44.3,15,2026-03-31 00:00:00,Berta Aragonés Almagro,Baleares
Tupper,22.2,11,2025-09-29 00:00:00,Natividad de Vicens,Badajoz
Envase plástico,38.05,19,2025-10-14 00:00:00,Alexandra Peñalver Bastida,Asturias
Botella PET,31.12,18,2025-10-27 00:00:00,Ema Trujillo Anguita,Ávila
Juguete de plástico,20.76,3,2026-05-11 00:00:00,Javi Carballo Melero,Santa Cruz de Tenerife
Tupper,11.79,5,2025-08-16 00:00:00,Lidia Cid Cuesta,Granada
Cubo organizador,31.56,4,2025-06-01 00:00:00,Máxima del Cardona,Albacete
Silla plástica,49.95,11,2025-11-20 00:00:00,Erasmo Llanos Tapia,Ceuta
Silla plástica,18.29,15,2025-12-30 00:00:00,Ulises Ferrán,Guipúzcoa
Utensilio de cocina plástico,22.28,16,2026-05-26 00:00:00,Plácido Sanchez Alonso,Santa Cruz de Tenerife
Muñeco de plástico,27.6,1,2025-06-21 00:00:00,Genoveva Reina Granados Álamo,Melilla
Envase plástico,27.56,20,2025-10-24 00:00:00,Dora Canals Uriarte,La Rioja
Cubo de basura plástico,48.05,13,2025-10-07 00:00:00,Nazaret Villena Viñas,Palencia
Tupper,46.29,16,2026-05-05 00:00:00,Adrián Sans Jordán,Ceuta
Muñeco de plástico,23.31,11,2025-06-29 00:00:00,Judith Santamaría Carranza,Vizcaya
Envase plástico,21.79,18,2025-12-15 00:00:00,Fernanda Larrea Bayona,La Rioja
Muñeco de plástico,37.54,4,2025-11-05 00:00:00,Rosaura Villanueva Román,Santa Cruz de Tenerife
Tupper,5.15,15,2026-02-24 00:00:00,Ezequiel Vera Alcaraz,Ceuta
Cubo organizador,34.36,12,2026-04-20 00:00:00,Sabina Sureda Valera,León
Utensilio de cocina plástico,37.5,19,2025-06-08 00:00:00,Candelaria Amo,Badajoz
Botella PET,37.87,7,2026-02-16 00:00:00,Joaquina de Roura,Zamora
Muñeco de plástico,18.97,9,2026-04-21 00:00:00,Heliodoro Iglesias-Romeu,Alicante
Juguete de plástico,3.88,13,2026-01-13 00:00:00,Dionisia Solsona,Baleares
Pelota plástica,40.8,15,2026-04-12 00:00:00,Marita Valls Vergara,Álava
Pelota plástica,14.71,16,2025-12-10 00:00:00,Reinaldo Badía Peralta,Huesca
Silla plástica,43.43,8,2025-11-04 00:00:00,Armida Gámez Osuna,Alicante
Cubo de basura plástico,41.31,5,2025-06-09 00:00:00,Tomás Torrijos Lerma,Guadalajara
Botella PET,28.08,2,2026-03-16 00:00:00,Damián Berenguer Mármol,Zamora
Cubo organizador,48.16,9,2026-03-13 00:00:00,Casemiro Nuñez,Lleida
Cubo organizador,19.08,2,2026-04-19 00:00:00,Manuelita Chamorro Juan,Cantabria
Juguete de plástico,40.13,20,2026-02-03 00:00:00,Carmela Saavedra Figueras,Melilla
Pelota plástica,14.12,14,2025-05-27 00:00:00,Amor Gimenez Maldonado,Huelva
Envase plástico,28.48,6,2025-10-12 00:00:00,José Acuña Escobar,Asturias
Pelota plástica,34.05,11,2026-04-27 00:00:00,Cruz del Hierro,Melilla
Juguete de plástico,14.86,12,2025-08-19 00:00:00,Cleto Ayllón Fuertes,Murcia
Juguete de plástico,31.44,17,2025-12-03 00:00:00,Aroa Roca Parejo,Baleares
Pelota plástica,40.69,15,2025-10-26 00:00:00,Baldomero Jesús Leal Leiva,Tarragona
Envase plástico,32.55,5,2026-03-31 00:00:00,Jovita Quevedo,Valencia
Envase plástico,30.86,16,2025-05-28 00:00:00,Pilar Almagro Catalán,Pontevedra
Pelota plástica,42.79,12,2025-06-08 00:00:00,Salvador Sáez-Atienza,Jaén
Cubo de basura plástico,19.76,14,2025-11-22 00:00:00,Loreto de Beltrán,Santa Cruz de Tenerife
Utensilio de cocina plástico,19.0,10,2026-03-22 00:00:00,Fidel Hoyos Losada,Ávila
Botella PET,5.81,19,2026-04-21 00:00:00,María Cristina Vázquez Tolosa,Zaragoza
Utensilio de cocina plástico,36.55,7,2026-02-28 00:00:00,Manolo Sanjuan España,Huesca
Utensilio de cocina plástico,30.95,4,2026-01-05 00:00:00,Omar Abellán Mariscal,Melilla
Pelota plástica,41.97,10,2025-07-10 00:00:00,Ulises Lucena Ángel,Castellón
Pelota plástica,6.04,19,2025-09-23 00:00:00,José Ángel Calzada Morales,León
Botella PET,6.2,1,2026-05-11 00:00:00,Pascual Bernad Blanco,León
Utensilio de cocina plástico,23.09,15,2026-01-21 00:00:00,Aroa Miriam Royo Roldán,Huesca
Tupper,15.54,1,2026-02-21 00:00:00,Efraín Portero Viñas,Palencia
Juguete de plástico,22.87,6,2025-07-18 00:00:00,Lisandro Arnau Mateos,Álava
Utensilio de cocina plástico,4.08,15,2025-09-04 00:00:00,Tere Sanjuan Donaire,León
Cubo organizador,19.86,6,2025-07-14 00:00:00,Elvira Plana,Málaga
Botella PET,40.38,6,2026-05-21 00:00:00,Virginia Malo Ponce,Santa Cruz de Tenerife
Silla plástica,4.84,15,2025-10-31 00:00:00,Marc Sierra Rivero,Cádiz
Tupper,24.51,9,2026-03-12 00:00:00,Manuela Acevedo Sáenz,Soria
Cubo organizador,41.54,11,2025-06-22 00:00:00,Chus Felipe Alvarado Montaña,Teruel
Silla plástica,17.13,8,2026-01-20 00:00:00,Gema Carro Pinilla,Valladolid
Botella PET,29.73,17,2025-10-09 00:00:00,Isaac Cisneros Arias,Tarragona
Tupper,12.26,7,2026-05-15 00:00:00,María Cristina Miranda Avilés,Albacete
Envase plástico,32.14,9,2025-08-24 00:00:00,María Pujadas Priego,Toledo
Pelota plástica,19.5,14,2026-02-28 00:00:00,Margarita Gargallo Gallego,Vizcaya
Juguete de plástico,25.28,13,2026-04-25 00:00:00,Ruben Espejo Solsona,Navarra
Cubo organizador,1.89,20,2025-07-21 00:00:00,Narcisa Fabra Mariscal,Huelva
Utensilio de cocina plástico,32.91,10,2026-04-22 00:00:00,Herminio Rios Fonseca,Cádiz
Utensilio de cocina plástico,10.9,5,2025-07-29 00:00:00,Toni del Monreal,Burgos
Cubo organizador,26.26,20,2026-04-29 00:00:00,Ignacio Hervia-Millán,La Rioja
Envase plástico,45.64,2,2026-01-01 00:00:00,Lisandro del Llorens,Lleida
Silla plástica,31.07,3,2025-08-12 00:00:00,Marcela Orozco Vergara,Badajoz
Juguete de plástico,24.93,10,2025-07-05 00:00:00,Cristian Cordero Bauzà,Almería
Juguete de plástico,17.53,7,2025-07-22 00:00:00,Aristides Piquer Abellán,Cáceres
Cubo de basura plástico,26.52,8,2026-03-28 00:00:00,José Luis Ribas Doménech,Murcia
Cubo de basura plástico,21.9,11,2026-04-18 00:00:00,Nazaret Guillen Llanos,Cádiz
Silla plástica,8.2,10,2026-04-24 00:00:00,Gastón Cifuentes Casanova,Soria
Tupper,46.52,5,2025-10-06 00:00:00,Abilio de Rovira,Badajoz
Cubo organizador,19.93,20,2025-08-19 00:00:00,Evelia Montalbán Frías,Madrid
Botella PET,40.37,7,2026-05-23 00:00:00,Eliana Rueda Falcó,Madrid
Botella PET,13.09,12,2025-12-16 00:00:00,Vito Calzada,Barcelona
Cubo organizador,11.82,8,2025-12-27 00:00:00,Jeremías Cámara Posada,Valencia
Envase plástico,33.47,13,2026-03-29 00:00:00,Francisco Jose Alberdi Calderon,Barcelona
Pelota plástica,30.5,18,2026-04-29 00:00:00,Adela del Girona,Córdoba
Silla plástica,20.32,5,2025-09-13 00:00:00,Patricio Valenzuela Atienza,Navarra
Utensilio de cocina plástico,29.03,2,2026-03-07 00:00:00,Belen Ribas Granados,Murcia
Cubo organizador,23.85,10,2026-03-10 00:00:00,Nieves Montesinos Castrillo,Lleida
Botella PET,8.31,3,2025-11-16 00:00:00,Dan Daza Sans,Alicante
Pelota plástica,32.4,4,2025-07-12 00:00:00,Salomón Jorge Marin Gracia,Baleares
Cubo organizador,3.0,7,2025-11-22 00:00:00,Julieta Toledo Bernat,Salamanca
Cubo de basura plástico,36.0,7,2025-09-16 00:00:00,Quique Lara Izaguirre,Tarragona
Cubo de basura plástico,46.13,11,2025-12-03 00:00:00,Irene Cases Pavón,Granada
Juguete de plástico,4.5,15,2026-02-26 00:00:00,Azeneth Clavero Costa,Melilla
Cubo de basura plástico,49.87,19,2026-03-19 00:00:00,Rosa Pizarro Cordero,Badajoz
Juguete de plástico,20.87,17,2025-09-12 00:00:00,Andrea Torrent Osorio,Palencia
Juguete de plástico,33.34,10,2026-02-03 00:00:00,Ofelia Herminia Farré Guillén,Cuenca
Muñeco de plástico,46.84,17,2026-01-23 00:00:00,Olegario Varela-Galán,Alicante
Tupper,6.0,17,2026-05-08 00:00:00,Hector Vallejo Torrecilla,Lugo
Botella PET,35.2,4,2025-12-22 00:00:00,Lucho Valencia Molina,Castellón
Cubo de basura plástico,48.6,20,2026-02-23 00:00:00,Alba Carreras Torres,Valladolid
Pelota plástica,2.61,1,2025-11-24 00:00:00,Pascuala Ávila Calzada,Cantabria
Tupper,36.13,11,2026-05-09 00:00:00,Eugenia del Quevedo,Ciudad
Pelota plástica,36.22,9,2025-06-23 00:00:00,Pilar Gomez Baró,Palencia
Silla plástica,25.17,18,2025-08-28 00:00:00,Víctor Hervia Baró,Valladolid
Cubo organizador,5.53,18,2026-01-17 00:00:00,Leandro Tamarit Almeida,Ávila
Muñeco de plástico,47.34,4,2025-08-17 00:00:00,Florencio Cuenca Pozo,Ourense
Silla plástica,36.12,8,2025-09-16 00:00:00,Guiomar Nilda Amo Niño,Murcia
Tupper,39.14,11,2025-11-14 00:00:00,Javi Tristán Mendizábal Dominguez,Cantabria
Utensilio de cocina plástico,35.48,4,2025-06-20 00:00:00,Elpidio Puga Gallardo,Las Palmas
Botella PET,23.9,13,2026-03-08 00:00:00,Ainoa Díaz Hierro,Segovia
Silla plástica,47.55,9,2025-09-25 00:00:00,Lope Lerma-Corbacho,Ceuta
Botella PET,22.38,12,2026-02-18 00:00:00,Pastora Alcalde Mena,Zamora
Juguete de plástico,14.36,9,2026-03-26 00:00:00,Baltasar de Aznar,Valencia
Silla plástica,44.76,15,2026-01-08 00:00:00,Óscar de Silva,Pontevedra
Cubo organizador,27.16,6,2025-10-06 00:00:00,Victor Manuel Santos Rosselló,Ciudad
Silla plástica,3.97,16,2026-01-30 00:00:00,Toni Roldan Cuadrado,Ourense
Silla plástica,46.48,3,2025-06-29 00:00:00,Borja Borrás-Bolaños,Palencia
Botella PET,10.29,19,2025-09-26 00:00:00,Miguela Evita Grau Rovira,Almería
Silla plástica,37.34,14,2025-08-30 00:00:00,Tito Cantero Gárate,La Rioja
Botella PET,1.63,1,2026-02-11 00:00:00,Maura Cardona,Cádiz
Juguete de plástico,29.06,18,2026-01-02 00:00:00,María Fernanda Áurea Gilabert Mendizábal,Sevilla
Botella PET,19.3,16,2026-03-26 00:00:00,Gala Perales Esteban,Lleida
Utensilio de cocina plástico,43.05,9,2025-09-22 00:00:00,Yago Clavero Alberdi,Zaragoza
Muñeco de plástico,20.5,16,2025-10-10 00:00:00,Agapito Carreras Múñiz,León
Juguete de plástico,35.15,5,2025-07-19 00:00:00,Toni Armas Nuñez,Vizcaya
Botella PET,29.56,4,2025-08-31 00:00:00,Yésica Ruperta Quintanilla Silva,Cantabria
Pelota plástica,42.99,3,2026-01-17 00:00:00,Iris Gracia Martorell,Girona
Muñeco de plástico,35.75,19,2026-04-04 00:00:00,Ale Esteve,Zaragoza
Cubo de basura plástico,28.23,6,2025-07-28 00:00:00,Pili Gallardo Heras,La Rioja
Cubo de basura plástico,6.37,9,2025-08-30 00:00:00,Paca Quintanilla Machado,Murcia
Muñeco de plástico,41.23,17,2025-11-20 00:00:00,Prudencio Casals,La Rioja
Tupper,30.8,13,2025-10-31 00:00:00,Natalia Ramis-Canals,Almería
Botella PET,32.28,16,2026-03-13 00:00:00,Paulina Blanca López,Huesca
Utensilio de cocina plástico,18.96,10,2026-03-22 00:00:00,Fito Donato Vilaplana Pinto,Jaén
Muñeco de plástico,13.86,8,2026-01-03 00:00:00,Ismael Ruben Vazquez Guzmán,Granada
Botella PET,11.55,14,2026-04-20 00:00:00,Elodia Matas Garzón,Toledo
Muñeco de plástico,20.42,8,2026-02-27 00:00:00,Manolo Camacho,Toledo
Cubo organizador,29.51,3,2026-03-25 00:00:00,Dulce del Gracia,La Coruña
Tupper,14.59,18,2025-11-17 00:00:00,Herminia Abascal Bermejo,Guadalajara
Silla plástica,49.12,18,2026-02-26 00:00:00,Nydia Pozo Rosado,Lleida
Utensilio de cocina plástico,26.1,10,2025-09-02 00:00:00,Leocadio Uriarte Coronado,Málaga
Pelota plástica,18.45,2,2025-12-19 00:00:00,Anselma Seguí,Zamora
Pelota plástica,49.34,11,2026-03-14 00:00:00,Cruz del Rodríguez,Ávila
Cubo organizador,15.12,8,2026-05-08 00:00:00,Nieves Pina-Bravo,Albacete
Silla plástica,11.0,10,2025-08-01 00:00:00,Florentino Casanovas Trujillo,Barcelona
Tupper,8.37,15,2026-03-07 00:00:00,Candela Bertrán,Jaén
Silla plástica,16.38,11,2025-10-04 00:00:00,Blas Cristian Casas Mate,Córdoba
Tupper,48.51,9,2025-11-16 00:00:00,Roxana Garzón Bilbao,Soria
Utensilio de cocina plástico,12.57,18,2025-12-06 00:00:00,Juan Bautista del Gomila,Burgos
Juguete de plástico,2.35,5,2026-01-25 00:00:00,Ricardo Dalmau Barrios,Santa Cruz de Tenerife
Cubo de basura plástico,3.42,6,2025-09-11 00:00:00,Lina Crespi Calzada,Burgos
Juguete de plástico,42.1,3,2025-08-16 00:00:00,María José Rius Cuenca,Soria
Cubo organizador,3.63,4,2026-05-13 00:00:00,Aitor Tovar,León
Pelota plástica,6.5,8,2026-05-27 00:00:00,Ceferino Lopez,Madrid
Tupper,3.73,20,2026-03-31 00:00:00,Emperatriz Quirós Bas,Málaga
Tupper,6.73,19,2025-08-01 00:00:00,Eva María Gargallo Leon,Cádiz
Tupper,39.89,17,2026-05-14 00:00:00,Balduino Peinado,Lleida
Cubo organizador,18.76,1,2025-11-13 00:00:00,Ainoa de Salinas,Álava
Pelota plástica,8.01,14,2025-08-11 00:00:00,Andrea Hernandez-Jordán,Teruel
Botella PET,21.69,6,2026-05-25 00:00:00,Cintia Gimenez Sotelo,Barcelona
Envase plástico,17.47,4,2026-03-17 00:00:00,Saturnino Martorell Pintor,Teruel
Juguete de plástico,13.87,6,2025-12-18 00:00:00,Amador Pera,Granada
Utensilio de cocina plástico,42.91,9,2025-10-14 00:00:00,Bruno Lobato-Cabrero,Murcia
Pelota plástica,6.33,3,2025-09-13 00:00:00,Perlita Poza-Tudela,Valladolid
Cubo organizador,32.66,14,2025-06-21 00:00:00,Clemente Rosell Torrecilla,Las Palmas
Tupper,44.8,13,2026-03-23 00:00:00,Mamen Llorente-Benitez,Girona
Juguete de plástico,42.68,20,2025-06-19 00:00:00,Cruz Paniagua Coloma,Sevilla
Muñeco de plástico,33.67,20,2026-02-08 00:00:00,Humberto Hervás Cerdán,Jaén
Silla plástica,39.4,17,2025-08-10 00:00:00,Tere Casandra Gutiérrez Villalobos,Cáceres
Botella PET,27.37,18,2026-04-16 00:00:00,Omar Naranjo Almeida,Guipúzcoa
Tupper,5.0,3,2026-02-14 00:00:00,Carmela Alcaraz Armas,Castellón
Envase plástico,7.52,5,2025-12-30 00:00:00,Tito Marcial Estévez Bustamante,Cuenca
Muñeco de plástico,45.43,18,2025-08-14 00:00:00,Leandro Gonzalez Montero,Murcia
Botella PET,28.09,14,2025-06-04 00:00:00,Nélida Caro Bello,Huelva
Tupper,21.19,11,2025-10-19 00:00:00,Lope Bauzà,Guipúzcoa
Muñeco de plástico,38.98,8,2025-08-26 00:00:00,Martina Alonso Salamanca,Guadalajara
Pelota plástica,21.11,14,2025-11-20 00:00:00,Araceli del Tormo,Almería
Cubo organizador,42.99,13,2025-09-05 00:00:00,Adriana del Mármol,Almería
Envase plástico,6.53,8,2026-04-05 00:00:00,Filomena Diego-Salvador,Pontevedra
Cubo de basura plástico,28.95,9,2025-10-20 00:00:00,Germán Correa Miralles,Castellón
Pelota plástica,1.4,11,2025-10-23 00:00:00,Marita Salgado Lago,Castellón
Cubo de basura plástico,5.23,5,2025-11-22 00:00:00,Natalia Baeza Pou,Murcia
Tupper,18.5,1,2025-09-30 00:00:00,Ignacio Franco Oller,Cuenca
Envase plástico,19.5,8,2026-05-24 00:00:00,Leopoldo Leal,Navarra
Envase plástico,41.07,8,2026-05-15 00:00:00,Natanael Oliver Trujillo,Pontevedra
Tupper,37.19,20,2025-12-28 00:00:00,Anselma García-Almagro,Palencia
Envase plástico,7.63,9,2026-04-19 00:00:00,Leocadia Páez Matas,Córdoba
Envase plástico,2.37,19,2025-09-24 00:00:00,Aroa Garrido Paz,Zamora
Silla plástica,8.28,10,2026-04-28 00:00:00,Ignacio de Abella,Asturias
Tupper,26.3,6,2025-07-06 00:00:00,Wálter Barberá Carrera,La Coruña
Juguete de plástico,2.28,9,2026-02-14 00:00:00,Pepe Gras-Torres,Almería
Pelota plástica,40.1,1,2026-03-09 00:00:00,Esther Salmerón Sotelo,Cantabria
Envase plástico,26.85,12,2025-10-21 00:00:00,Vidal Valera-Milla,Jaén
Utensilio de cocina plástico,23.2,5,2025-10-11 00:00:00,Isidoro Diez Carnero,Navarra
Cubo de basura plástico,2.25,11,2025-10-26 00:00:00,Isaac Vazquez Goñi,Lleida
Pelota plástica,41.27,14,2026-01-17 00:00:00,Vicenta Sacristán Valcárcel,Alicante
Juguete de plástico,26.29,6,2025-06-28 00:00:00,Cesar Planas,Las Palmas
Juguete de plástico,33.96,8,2025-07-09 00:00:00,Nazaret Becerra,Ávila
Botella PET,30.95,6,2025-11-09 00:00:00,Iker de Llobet,Zaragoza
Silla plástica,11.05,2,2026-01-22 00:00:00,Prudencia Bou Baena,Granada
Utensilio de cocina plástico,25.26,12,2025-11-04 00:00:00,Jesús del Lumbreras,Granada
Botella PET,33.89,4,2026-02-20 00:00:00,Consuelo Fernández Andrés,Granada
Cubo de basura plástico,28.83,19,2025-08-02 00:00:00,Lucas Martí Jurado,Navarra
Silla plástica,47.31,10,2026-02-25 00:00:00,Zoraida Cuervo,León
Cubo de basura plástico,45.21,13,2025-11-21 00:00:00,Darío Maximino Lillo Soto,Badajoz
Tupper,20.73,10,2025-07-30 00:00:00,Jovita Vendrell Boix,Lugo
Silla plástica,46.86,12,2025-11-08 00:00:00,Ramón Rojas Gallego,Almería
Muñeco de plástico,39.46,18,2026-04-14 00:00:00,Bernardita de Santamaría,Cantabria
Utensilio de cocina plástico,10.21,3,2026-02-13 00:00:00,Isa de Gallardo,Cádiz
Cubo de basura plástico,34.12,17,2026-03-22 00:00:00,Emigdio Alemany Aragón,Almería
Utensilio de cocina plástico,1.82,10,2026-03-04 00:00:00,Pepita Ruano Casas,Zaragoza
Juguete de plástico,42.27,5,2025-07-28 00:00:00,Vilma Ripoll Prada,Valladolid
Muñeco de plástico,9.93,2,2025-10-28 00:00:00,Eliana de Coca,Guipúzcoa
Pelota plástica,44.52,2,2025-07-13 00:00:00,Eufemia Palmira Clemente Riba,Granada
Silla plástica,1.08,18,2026-04-20 00:00:00,Erasmo Arellano Gascón,Granada
Tupper,45.11,9,2025-12-01 00:00:00,Calixta Leocadia Español Bru,Almería
Muñeco de plástico,5.85,9,2025-08-02 00:00:00,Osvaldo Olivera,Barcelona
Pelota plástica,41.86,1,2025-10-22 00:00:00,Cayetano Ariño Arellano,Vizcaya
Muñeco de plástico,49.93,10,2025-06-12 00:00:00,Vinicio Criado Galán,Ourense
Tupper,44.28,12,2025-07-17 00:00:00,Pastor Ayuso Leal,Baleares
Pelota plástica,13.14,8,2026-01-26 00:00:00,Lucía Olimpia Leiva Estevez,León
Cubo organizador,32.04,2,2026-05-26 00:00:00,Amada Blanco Acosta,Tarragona
Botella PET,47.8,18,2026-02-25 00:00:00,Carla Castrillo Tejada,Soria
Utensilio de cocina plástico,32.2,18,2025-07-12 00:00:00,Gloria Cabrero Benavente,Pontevedra
Muñeco de plástico,11.13,10,2025-06-26 00:00:00,Salomé Coello Boada,Álava
Silla plástica,6.83,7,2025-10-06 00:00:00,Macaria Valenciano Balaguer,Castellón
Cubo organizador,42.06,11,2025-10-26 00:00:00,Cesar Blanco Expósito,Soria
Silla plástica,27.27,10,2026-01-05 00:00:00,Maricruz Cerezo Angulo,Alicante
Muñeco de plástico,39.11,2,2025-08-13 00:00:00,Martín Talavera Vega,Asturias
Pelota plástica,44.16,5,2026-02-07 00:00:00,Leoncio Madrid,Cádiz
Muñeco de plástico,27.79,2,2026-05-07 00:00:00,Georgina María Abellán Cardona,Pontevedra
Utensilio de cocina plástico,34.58,16,2025-09-10 00:00:00,Toribio Borrego Goñi,Granada
Pelota plástica,40.22,9,2026-05-13 00:00:00,Eutimio Gómez Calleja,Guadalajara
Silla plástica,25.94,11,2025-08-23 00:00:00,Eugenia Marqués-Amigó,León
Tupper,10.45,13,2026-01-14 00:00:00,Saturnino Cervantes López,Huesca
Silla plástica,34.22,19,2026-03-10 00:00:00,Ximena Ramis Quiroga,Cantabria
Cubo de basura plástico,45.64,19,2025-10-27 00:00:00,Ainara Casandra Benítez Casas,Soria
Envase plástico,39.18,18,2025-11-07 00:00:00,Yéssica Posada-Céspedes,Guipúzcoa
Tupper,28.52,12,2026-04-03 00:00:00,Delia Verdú Cazorla,Cádiz
Tupper,35.53,18,2025-08-20 00:00:00,Sonia Llanos Rosell,Murcia
Cubo de basura plástico,33.52,9,2026-03-08 00:00:00,Rita del Mínguez,Alicante
Pelota plástica,1.11,17,2025-11-11 00:00:00,Mariano Somoza-Alegre,Cáceres
Silla plástica,7.51,17,2025-09-07 00:00:00,Íñigo Barberá-Aguado,Albacete
Envase plástico,48.1,14,2025-12-21 00:00:00,Elpidio de Coca,Ciudad
Juguete de plástico,33.1,20,2026-04-29 00:00:00,Áurea Feijoo-Vicente,Cantabria
Utensilio de cocina plástico,2.36,16,2026-04-09 00:00:00,Santiago del Carreño,Santa Cruz de Tenerife
Cubo de basura plástico,8.12,15,2025-10-01 00:00:00,Yéssica Manzanares Guillén,Zamora
Utensilio de cocina plástico,14.89,3,2025-06-08 00:00:00,Lisandro Velasco-López,Las Palmas
Tupper,25.6,15,2025-10-31 00:00:00,Eliseo Cabeza-Marqués,Guipúzcoa
Silla plástica,33.43,12,2025-08-17 00:00:00,Lucila Díez Amores,Asturias
Juguete de plástico,26.43,11,2025-11-05 00:00:00,Teófilo Capdevila-Reyes,Cuenca
Cubo organizador,40.79,9,2025-07-02 00:00:00,Amaya Galán Bauzà,Burgos
Pelota plástica,31.64,2,2025-12-26 00:00:00,Tamara Martinez Palma,Alicante
Muñeco de plástico,20.29,3,2026-02-25 00:00:00,Marcia Sanabria Giralt,Soria
Tupper,11.95,3,2026-03-02 00:00:00,José Luis Maza,Córdoba
Tupper,36.99,16,2025-06-02 00:00:00,Ibán Salmerón Cisneros,Pontevedra
Pelota plástica,15.08,2,2025-11-12 00:00:00,Rebeca Castro Francisco,Cantabria
Silla plástica,37.85,14,2025-07-27 00:00:00,Ruth Alegria Ruiz,Cantabria
Silla plástica,5.27,17,2025-07-19 00:00:00,Reyes Pizarro,Salamanca
Cubo de basura plástico,6.89,7,2025-09-01 00:00:00,Guiomar Blasco Losada,Teruel
Silla plástica,5.42,12,2025-10-08 00:00:00,José Álvaro,Guipúzcoa
Cubo organizador,46.02,6,2025-10-31 00:00:00,Marcelino Salinas Molins,Ourense
Pelota plástica,22.28,15,2025-09-09 00:00:00,Lucila Lobato,Zaragoza
Utensilio de cocina plástico,29.08,10,2025-08-30 00:00:00,Chelo Barba Cabezas,Lugo
Muñeco de plástico,14.27,15,2026-03-24 00:00:00,Rosenda Eulalia Mora Pastor,Palencia
Envase plástico,13.56,13,2026-04-15 00:00:00,Haydée Rozas Higueras,Girona
Muñeco de plástico,36.6,11,2025-10-07 00:00:00,Francisca Ayala Beltrán,Lugo
Botella PET,17.55,20,2025-10-28 00:00:00,Alejandro Amores,Burgos
Botella PET,38.14,5,2026-04-02 00:00:00,Mariana Saldaña Aguiló,Madrid
Envase plástico,39.61,5,2026-02-14 00:00:00,Fidela Elías Nuñez,Melilla
Tupper,36.61,8,2025-12-22 00:00:00,Hermenegildo Fabra Amores,Huesca
Botella PET,44.24,11,2026-01-22 00:00:00,Amancio Cuervo Mayol,Madrid
Silla plástica,44.51,11,2025-08-11 00:00:00,Aránzazu Fernández Tormo,Badajoz
Botella PET,25.73,7,2026-03-08 00:00:00,Domingo Jaume Acuña,Valencia
Utensilio de cocina plástico,19.67,9,2025-10-17 00:00:00,Iris de Feliu,Granada
Juguete de plástico,28.87,4,2026-05-20 00:00:00,Pío Gimeno Barrio,Álava
Utensilio de cocina plástico,1.26,13,2025-11-12 00:00:00,Florentina Ugarte Alcántara,Segovia
Cubo de basura plástico,42.99,9,2025-12-01 00:00:00,Andrés Batalla Diego,Cantabria
Botella PET,1.64,10,2026-05-15 00:00:00,Isa Cid Castells,Alicante
Muñeco de plástico,8.45,20,2025-11-25 00:00:00,Regina Hernandez Fuster,Huesca
Silla plástica,42.2,14,2026-04-17 00:00:00,Toni Álvarez Rivero,Córdoba
Juguete de plástico,7.24,10,2026-05-01 00:00:00,Elpidio Diego-Gomis,Alicante
Utensilio de cocina plástico,33.94,14,2026-04-13 00:00:00,Juana Reig-Iriarte,Soria
Pelota plástica,34.95,10,2026-03-27 00:00:00,Yago de Velasco,Cuenca
Utensilio de cocina plástico,39.61,12,2026-03-28 00:00:00,Marcia Peral Cornejo,Toledo
Botella PET,41.03,6,2026-04-18 00:00:00,Olalla Manso,Huesca
Juguete de plástico,23.42,20,2026-05-11 00:00:00,Fausto Rosselló Pizarro,Madrid
Silla plástica,14.19,15,2026-05-20 00:00:00,Desiderio Anglada,Zaragoza
Cubo de basura plástico,23.2,5,2026-05-06 00:00:00,Sosimo del Baeza,Baleares
Tupper,8.96,17,2025-11-28 00:00:00,Martin Mayo,Huelva
Silla plástica,8.44,2,2025-08-07 00:00:00,Priscila Torre Torrents,Ávila
Botella PET,3.06,5,2025-06-09 00:00:00,Elvira Reguera Avilés,Zaragoza
Silla plástica,40.16,13,2025-09-27 00:00:00,Felipe Azcona-Barceló,Asturias
Juguete de plástico,4.24,9,2026-04-22 00:00:00,Samuel del Jove,Soria
Muñeco de plástico,11.18,19,2026-05-09 00:00:00,Estefanía Casas Cabrero,Murcia
Juguete de plástico,46.24,5,2025-12-11 00:00:00,Francisco Prieto-Acosta,Guadalajara
Pelota plástica,48.54,4,2025-09-13 00:00:00,Amada Marin Terrón,Málaga
Envase plástico,38.43,19,2025-09-26 00:00:00,Reyes Mayol Estrada,Las Palmas
Tupper,49.39,10,2026-04-14 00:00:00,Luciana Navarrete Pastor,Las Palmas
Envase plástico,25.72,18,2026-03-09 00:00:00,Espiridión del Valdés,Girona
Cubo de basura plástico,45.02,7,2025-07-21 00:00:00,Teófila del Losada,Zamora
Muñeco de plástico,4.39,13,2026-04-10 00:00:00,Teodora del Oliver,Segovia
Juguete de plástico,14.2,8,2025-10-19 00:00:00,Lino Paz Cobos,Granada
Pelota plástica,31.53,13,2025-12-16 00:00:00,Emelina Alba Pelayo,Jaén
Utensilio de cocina plástico,27.22,1,2025-12-10 00:00:00,Anselma Gracia Porcel,Teruel
Muñeco de plástico,29.37,19,2026-03-25 00:00:00,Teodora Amores Plana,Girona
Pelota plástica,18.98,3,2026-02-01 00:00:00,Marcelino Olmo,Zaragoza
Muñeco de plástico,24.6,2,2025-11-10 00:00:00,Erasmo Plácido Monreal Castillo,Cáceres
Cubo de basura plástico,5.84,5,2026-02-28 00:00:00,Evelia Prats-Múgica,Jaén
Tupper,16.16,12,2025-11-25 00:00:00,Pío Abellán-Bas,Zaragoza
Silla plástica,21.22,4,2025-10-29 00:00:00,Oriana Manzanares,Segovia
Botella PET,40.82,10,2026-04-26 00:00:00,Toribio Serna Cantón,Teruel
Juguete de plástico,9.92,1,2026-05-21 00:00:00,Adela Maza,Zamora
Tupper,35.07,4,2026-04-30 00:00:00,Isaías del Iñiguez,Navarra
Cubo organizador,39.65,14,2025-07-28 00:00:00,Noelia Bayo Yáñez,Valencia
Silla plástica,49.48,3,2025-12-30 00:00:00,Zaida Mariscal Castell,Castellón
Botella PET,18.48,13,2025-12-15 00:00:00,Adán del Piña,Las Palmas
Pelota plástica,42.76,4,2025-09-21 00:00:00,Cristian Bartolomé Alfaro,Málaga
Utensilio de cocina plástico,2.65,15,2025-12-30 00:00:00,Juan Francisco Palma Olivares,Lleida
Muñeco de plástico,26.03,16,2026-03-14 00:00:00,Gala de Carrión,Valladolid
Silla plástica,29.35,3,2025-08-02 00:00:00,Salud Moles,Jaén
Pelota plástica,14.21,8,2026-02-20 00:00:00,Beatriz Portillo Andreu,Navarra
Cubo organizador,17.23,20,2026-01-17 00:00:00,Dionisio Coello Pintor,Vizcaya
Envase plástico,29.5,14,2025-11-20 00:00:00,Candelas Puig Arribas,Cádiz
Silla plástica,20.06,20,2026-05-04 00:00:00,Ariel Laguna Cárdenas,Castellón
Envase plástico,25.02,11,2025-07-02 00:00:00,Xiomara Camino Lago,Ourense
Silla plástica,48.18,3,2025-09-23 00:00:00,Armando León Arregui Guardia,Zamora
Tupper,11.79,12,2025-11-16 00:00:00,Prudencia Nazaret Santos Font,Ávila
Silla plástica,20.61,15,2025-11-19 00:00:00,Ramiro Peña,Córdoba
Botella PET,21.02,15,2025-09-06 00:00:00,Poncio Jose Manuel Mariño Seguí,Ceuta
Silla plástica,18.56,10,2025-07-26 00:00:00,Julio César Montero Rosa,Castellón
Silla plástica,13.17,4,2025-08-28 00:00:00,Eliseo Hierro Giménez,Jaén
Muñeco de plástico,16.35,16,2026-03-20 00:00:00,Domingo Talavera-Jaén,León
Envase plástico,22.49,6,2026-03-31 00:00:00,Alexandra Beltrán Cuéllar,Alicante
Botella PET,4.37,1,2025-11-29 00:00:00,Benita Parra Hoyos,Melilla
Envase plástico,40.08,19,2026-04-24 00:00:00,Chita Pina-Ferrer,Zamora
Cubo de basura plástico,26.4,8,2025-10-04 00:00:00,Javier Jose Antonio Diaz Benet,Teruel
Pelota plástica,42.02,16,2025-09-15 00:00:00,Eligia Tejada Cantero,Ceuta
Cubo de basura plástico,12.93,1,2026-04-23 00:00:00,Juan Bautista Cornejo Llopis,Huelva
Muñeco de plástico,9.68,8,2026-01-02 00:00:00,Miriam Guillén Amor,Álava
Botella PET,25.77,13,2025-08-22 00:00:00,Amando Quevedo Colom,Teruel
Utensilio de cocina plástico,25.47,4,2025-08-18 00:00:00,Florina Conde Marquez,Guadalajara
Silla plástica,9.02,20,2026-02-14 00:00:00,Pascual Crespo,Valencia
Cubo organizador,47.07,20,2025-10-30 00:00:00,Dionisia de Arcos,Álava
Pelota plástica,22.19,18,2026-01-11 00:00:00,Haydée Carrera Sainz,Vizcaya
Cubo de basura plástico,29.72,18,2025-05-28 00:00:00,Manu Santamaria-Ricart,Valencia
Cubo organizador,32.64,18,2025-10-10 00:00:00,Aarón Porcel Murillo,Alicante
Juguete de plástico,17.46,20,2026-03-29 00:00:00,Custodio Tito Arregui Vergara,Zaragoza
Tupper,8.99,20,2026-03-30 00:00:00,Josep de Gimenez,Guadalajara
Cubo de basura plástico,1.9,3,2025-08-26 00:00:00,Albino de Rivas,Asturias
Muñeco de plástico,44.18,18,2025-12-17 00:00:00,Victor Manuel Pinedo Palomar,Huelva
Envase plástico,24.97,8,2025-06-07 00:00:00,Segismundo Loreto Alcázar Saldaña,Asturias
Envase plástico,13.81,3,2025-09-26 00:00:00,Sigfrido Huerta-Roda,Albacete
Tupper,30.67,1,2025-06-24 00:00:00,Cecilia Serra Mayo,Cáceres
Utensilio de cocina plástico,4.09,10,2026-01-18 00:00:00,Javiera Montalbán Rosa,Soria
Botella PET,6.68,7,2026-03-18 00:00:00,Ambrosio Salmerón-Mariño,Zaragoza
Silla plástica,14.32,19,2025-09-09 00:00:00,Amador Juárez Zamorano,Cantabria
Muñeco de plástico,1.9,4,2025-09-12 00:00:00,Anselma Morales Sobrino,Palencia
Muñeco de plástico,14.61,17,2025-11-27 00:00:00,Alberto Río,Burgos
Cubo organizador,5.76,20,2025-06-20 00:00:00,Jenny Nebot,Málaga
Tupper,16.92,8,2025-12-06 00:00:00,Palmira Zabala Gallo,Soria
Cubo organizador,40.31,18,2026-01-09 00:00:00,Lorenzo Vigil Vall,Cáceres
Botella PET,29.06,7,2026-04-03 00:00:00,Rafaela Llabrés Franco,Jaén
Tupper,12.39,9,2025-07-17 00:00:00,Julie Casals Gárate,Ourense
Utensilio de cocina plástico,14.74,1,2026-05-16 00:00:00,Vinicio Pina Meléndez,Málaga
Tupper,37.34,20,2026-01-29 00:00:00,Ainara Garrido Carbó,Albacete
Juguete de plástico,24.85,8,2025-11-16 00:00:00,María Fernanda Filomena Barranco Alberdi,Barcelona
Silla plástica,45.41,7,2025-07-11 00:00:00,Manuel Arcos Camps,Toledo
Envase plástico,43.26,20,2026-01-30 00:00:00,Régulo Tenorio-Angulo,Ourense
Juguete de plástico,12.73,3,2025-12-31 00:00:00,Patricia Anaya Piquer,Cuenca
Pelota plástica,35.22,1,2025-11-18 00:00:00,Basilio Barral Parra,Zaragoza
Botella PET,8.92,11,2025-07-17 00:00:00,Arsenio Agustí-Bello,Cáceres
Utensilio de cocina plástico,38.83,3,2025-11-07 00:00:00,Luis de Villa,Vizcaya
Envase plástico,33.77,10,2025-12-20 00:00:00,Evangelina Carro,Navarra
Muñeco de plástico,20.54,18,2025-08-11 00:00:00,Tito Santana Moles,Huelva
Botella PET,21.95,15,2025-10-29 00:00:00,Martirio Armas Torrijos,Ávila
Cubo de basura plástico,28.53,16,2025-12-07 00:00:00,Juan Pons Villalonga,León
Utensilio de cocina plástico,47.45,3,2025-09-21 00:00:00,Carlos Miguel,Barcelona
Tupper,17.47,19,2025-06-22 00:00:00,Elpidio del Saez,Melilla
Utensilio de cocina plástico,38.05,16,2025-07-27 00:00:00,Rosaura Matas Robles,León
Cubo de basura plástico,2.48,8,2026-03-24 00:00:00,Máximo Salomón Barros Leal,Sevilla
Juguete de plástico,16.77,11,2026-05-08 00:00:00,Abril Vargas Murcia,Cantabria
Cubo organizador,8.59,19,2025-07-18 00:00:00,Julio Ferrández Abad,Lleida
Cubo organizador,33.52,5,2025-08-25 00:00:00,Aura Montaña Andrés,Guipúzcoa
Cubo de basura plástico,39.85,16,2025-07-11 00:00:00,Almudena Coll-Navas,Pontevedra
Botella PET,44.13,8,2025-10-16 00:00:00,Bernarda Saez,Sevilla
Silla plástica,13.02,5,2026-01-25 00:00:00,Efraín Berrocal Sanchez,Ciudad
Cubo organizador,5.9,10,2025-09-18 00:00:00,Angelina Ricart,Huelva
Cubo organizador,28.0,8,2025-08-26 00:00:00,Benito Gual Hervás,Álava
Botella PET,33.61,6,2025-08-05 00:00:00,Rosalva Consuela Batalla Lasa,Granada
Silla plástica,10.2,15,2025-07-04 00:00:00,Teodoro del Pizarro,Pontevedra
Silla plástica,15.6,4,2025-08-15 00:00:00,Marisol Noguera,Jaén
Cubo de basura plástico,4.37,10,2025-10-25 00:00:00,María Antúnez Zaragoza,Cuenca
Pelota plástica,20.73,20,2025-09-04 00:00:00,Eva María Lorenzo Amat,Málaga
Utensilio de cocina plástico,48.92,16,2026-05-04 00:00:00,Calixto Alsina-Gallo,Salamanca
Cubo de basura plástico,10.3,1,2025-07-10 00:00:00,Toño Barco Perelló,Álava
Botella PET,41.29,4,2025-10-10 00:00:00,Lilia Gallart Alcaraz,Toledo
Juguete de plástico,2.58,20,2025-12-10 00:00:00,Eduardo Gonzalo-Valenzuela,Girona
Utensilio de cocina plástico,24.21,15,2026-04-22 00:00:00,Pánfilo de Gomis,Tarragona
Juguete de plástico,11.26,6,2025-12-15 00:00:00,Bernardo Alarcón Blanco,Palencia
Tupper,42.78,3,2025-12-10 00:00:00,Natalia Mariscal Niño,Cuenca
Botella PET,48.16,10,2025-10-16 00:00:00,Rosendo Mateo Recio,Toledo
Utensilio de cocina plástico,39.18,18,2025-06-03 00:00:00,Paca Quero Jaén,Vizcaya
Utensilio de cocina plástico,31.17,19,2025-09-24 00:00:00,Flor Fajardo Landa,Madrid
Pelota plástica,17.69,4,2025-09-26 00:00:00,Diana Acero,Cantabria
Tupper,13.53,18,2025-12-14 00:00:00,Pía Calderon Camacho,Valencia
Muñeco de plástico,33.72,14,2025-09-16 00:00:00,Anna Bustos Sotelo,Castellón
Envase plástico,11.86,20,2026-03-03 00:00:00,Patricia Aguilar Álamo,Ciudad
Utensilio de cocina plástico,20.15,8,2025-11-15 00:00:00,Lara Anaya Vallejo,Tarragona
Pelota plástica,21.43,3,2026-05-26 00:00:00,Eutimio Martí Rubio,Alicante
Muñeco de plástico,34.58,19,2026-05-13 00:00:00,María Belén Adán Oller,Valencia
Pelota plástica,2.07,9,2026-03-25 00:00:00,Maribel del Reyes,Cáceres
Envase plástico,14.33,12,2025-11-10 00:00:00,Albano Tur-Peñas,Ceuta
Cubo organizador,32.27,10,2026-02-01 00:00:00,Adolfo del Calzada,Valencia
Utensilio de cocina plástico,14.1,16,2025-08-24 00:00:00,Néstor Palacio Diego,Santa Cruz de Tenerife
Utensilio de cocina plástico,21.82,6,2025-12-13 00:00:00,Adela Ale Uría Ribera,Cuenca
Muñeco de plástico,18.28,1,2026-01-19 00:00:00,Eligio Orozco Simó,Lleida
Pelota plástica,28.81,19,2026-03-16 00:00:00,Andrés del Lozano,Zaragoza
Pelota plástica,11.82,5,2026-05-11 00:00:00,Curro del Tapia,Palencia
Juguete de plástico,28.38,2,2025-09-16 00:00:00,Gracia Gelabert Sáez,Álava
Cubo organizador,8.33,10,2025-06-09 00:00:00,Mónica Ester Uribe Bilbao,Sevilla
Tupper,29.68,9,2026-02-28 00:00:00,Francisco Javier Jaén Pozo,Vizcaya
Cubo de basura plástico,42.55,19,2026-03-22 00:00:00,Alejo Puga Hervia,Sevilla
Envase plástico,35.28,3,2025-11-15 00:00:00,Elena Cornejo Vera,Santa Cruz de Tenerife
Cubo de basura plástico,35.33,1,2025-09-25 00:00:00,Constanza Ibáñez-Delgado,Guadalajara
Envase plástico,31.53,9,2025-06-10 00:00:00,Cándido de Heras,Valencia
Cubo organizador,26.1,19,2026-03-21 00:00:00,Albino Palma Pereira,Badajoz
Cubo organizador,7.32,18,2025-07-04 00:00:00,Wilfredo Santamaria,Huesca
Pelota plástica,49.56,14,2025-10-07 00:00:00,Leandro Hervia-Bueno,Ávila
Cubo organizador,44.4,6,2026-01-10 00:00:00,Ibán Tadeo Crespi Bellido,Zamora
Envase plástico,43.61,18,2025-12-06 00:00:00,Maite Haro,Ávila
Pelota plástica,49.52,8,2025-12-13 00:00:00,Mamen Luque Viana,Baleares
Pelota plástica,8.29,18,2025-09-30 00:00:00,Alexandra Sosa Uriarte,Castellón
Cubo de basura plástico,21.58,6,2025-08-15 00:00:00,Magdalena Fuertes Canet,Sevilla
Cubo de basura plástico,28.93,13,2026-01-22 00:00:00,Abel Naranjo Castilla,Tarragona
Envase plástico,18.92,3,2026-04-15 00:00:00,Clotilde María Fernanda Montoya Zabaleta,Castellón
Envase plástico,36.97,19,2026-04-07 00:00:00,Esmeralda Azucena Martinez Blazquez,Santa Cruz de Tenerife
Envase plástico,28.87,9,2025-12-27 00:00:00,Julián Miranda,Toledo
Muñeco de plástico,24.2,19,2026-03-25 00:00:00,Adriana Campillo Tejada,Las Palmas
Cubo de basura plástico,29.99,16,2025-09-11 00:00:00,Juan Antonio Sanchez,Álava
Envase plástico,30.44,14,2026-04-06 00:00:00,Aurelia de García,Castellón
Utensilio de cocina plástico,37.37,14,2025-11-02 00:00:00,Victorino Olivares Benítez,Almería
Envase plástico,23.65,3,2025-10-27 00:00:00,Soledad del Gilabert,La Rioja
Botella PET,17.38,10,2025-11-14 00:00:00,Carla Bueno Corbacho,Barcelona
Silla plástica,31.05,19,2025-06-16 00:00:00,Carla Escudero Conesa,Almería
Juguete de plástico,4.84,4,2025-06-10 00:00:00,Vera Ballesteros Macias,Granada
Botella PET,39.32,20,2025-07-12 00:00:00,Daniel Tur,Asturias
Cubo de basura plástico,22.98,6,2026-02-24 00:00:00,Leocadio Gaspar Santamaría Villegas,Guipúzcoa
Muñeco de plástico,2.68,14,2026-03-04 00:00:00,Socorro Molins Valcárcel,Alicante
Pelota plástica,13.74,16,2025-07-09 00:00:00,Adrián Cordero Marín,Zaragoza
Silla plástica,1.59,13,2026-05-13 00:00:00,Danilo Cabezas Uriarte,Pontevedra
Silla plástica,8.18,16,2025-08-19 00:00:00,Araceli Azucena Uriarte Pou,Ávila
Pelota plástica,5.89,16,2025-08-25 00:00:00,Lorena Yáñez Sacristán,Pontevedra
Envase plástico,2.72,10,2026-01-04 00:00:00,Martin Saavedra Cabañas,Cantabria
Envase plástico,10.46,8,2026-02-07 00:00:00,Josefa Elodia Jáuregui Domingo,Castellón
Muñeco de plástico,20.65,8,2026-02-19 00:00:00,Paula Cuesta-Pastor,Alicante
Silla plástica,39.97,4,2025-12-23 00:00:00,Herberto Valenciano Otero,Alicante
Silla plástica,24.52,10,2025-11-17 00:00:00,Gerónimo Busquets-Bas,Baleares
Tupper,39.63,2,2025-12-06 00:00:00,Fidel Paniagua Sureda,Cuenca
Utensilio de cocina plástico,19.8,2,2025-08-27 00:00:00,Sandra Múñiz Vazquez,Santa Cruz de Tenerife
Utensilio de cocina plástico,31.21,15,2025-12-14 00:00:00,Leonor Cepeda Ortuño,Baleares
Silla plástica,48.7,10,2025-12-17 00:00:00,Fabián Sosa Expósito,Santa Cruz de Tenerife
Cubo de basura plástico,44.01,11,2026-03-17 00:00:00,Manolo Rolando Bayo Coll,Zamora
Juguete de plástico,48.31,12,2025-08-12 00:00:00,Andrés Felipe Cañellas Armas,Santa Cruz de Tenerife
Silla plástica,44.86,17,2025-08-05 00:00:00,Adolfo de Márquez,Jaén
Tupper,45.47,8,2025-08-28 00:00:00,Javiera Barbero Cervantes,Cáceres
Pelota plástica,17.35,12,2026-02-04 00:00:00,Albert Lledó Quesada,Barcelona
Botella PET,41.95,5,2025-06-14 00:00:00,Zaida de Nebot,Badajoz
Utensilio de cocina plástico,22.51,10,2026-05-01 00:00:00,Heraclio Paredes Fernandez,Cádiz
Cubo de basura plástico,44.72,7,2026-03-15 00:00:00,Arcelia Pombo Asensio,Vizcaya
Juguete de plástico,22.97,17,2025-11-01 00:00:00,Cayetana Peiró-Teruel,Ávila
Cubo organizador,16.62,2,2025-08-09 00:00:00,Marianela Arteaga-Taboada,Córdoba
Tupper,7.47,15,2025-11-25 00:00:00,Alex del Peralta,Pontevedra
Silla plástica,38.87,20,2026-04-16 00:00:00,Cleto Mariño-Larrea,Vizcaya
Silla plástica,29.53,6,2026-03-30 00:00:00,Atilio Aguilar Palomares,Ávila
Muñeco de plástico,19.16,12,2025-08-20 00:00:00,Modesta Zurita Herrero,Ávila
Silla plástica,34.33,9,2025-06-26 00:00:00,Amor Salinas Jimenez,Vizcaya
Pelota plástica,41.67,19,2026-03-28 00:00:00,Victoriano Marin Marqués,Córdoba
Cubo organizador,1.66,19,2026-02-27 00:00:00,Evelia Lledó Llamas,Burgos
Tupper,39.77,16,2026-02-23 00:00:00,Asdrubal Vilalta-Carrillo,La Coruña
Cubo de basura plástico,16.37,1,2025-10-16 00:00:00,Hipólito del Andrade,Navarra
Cubo organizador,15.67,15,2025-06-18 00:00:00,Silvio Arenas Cisneros,Ceuta
Juguete de plástico,6.72,1,2026-01-29 00:00:00,Haydée Pedraza Navarrete,Cantabria
Tupper,32.17,4,2026-01-28 00:00:00,Cornelio Valderrama-Arévalo,Valencia
Utensilio de cocina plástico,25.74,3,2025-06-23 00:00:00,Maite Tejera Varela,Huelva
Envase plástico,42.2,12,2026-01-06 00:00:00,Cristian Piquer Jordá,Valladolid
Pelota plástica,44.54,4,2025-08-07 00:00:00,Silvia Bermúdez Aguiló,Lleida
Pelota plástica,18.32,18,2026-05-05 00:00:00,Casandra Oller Pujol,Barcelona
Silla plástica,16.6,19,2025-11-22 00:00:00,Balduino Merino Ferrán,Barcelona
Pelota plástica,31.53,13,2025-12-28 00:00:00,Darío de Valero,Girona
Tupper,40.74,19,2025-06-17 00:00:00,Hermenegildo Pellicer-Muñoz,Guadalajara
Cubo de basura plástico,45.4,8,2025-08-05 00:00:00,Zoraida del Soto,Jaén
Pelota plástica,18.14,16,2025-12-23 00:00:00,Aroa Rico Bueno,Granada
Cubo de basura plástico,12.44,8,2025-08-31 00:00:00,Jordi de Fortuny,Castellón
Juguete de plástico,13.62,2,2025-12-18 00:00:00,Jose Ramón Perelló Cáceres,León
Envase plástico,19.53,2,2026-04-24 00:00:00,Jordana Vaquero Arnau,Huelva
Silla plástica,37.2,6,2026-01-04 00:00:00,César Ayala Mur,Sevilla
Muñeco de plástico,45.45,8,2025-06-23 00:00:00,Jimena Grau Lobo,León
Juguete de plástico,41.57,4,2025-10-17 00:00:00,Samanta Daza Bayona,Cáceres
Pelota plástica,7.65,7,2025-10-03 00:00:00,Roberto Fortuny Casas,Lleida
Envase plástico,2.51,19,2026-03-27 00:00:00,Clemente López Marco,Pontevedra
Muñeco de plástico,47.35,13,2025-08-31 00:00:00,Severo Fuster Zabala,Albacete
Tupper,18.03,2,2025-08-15 00:00:00,Eugenia Riera,Asturias
Tupper,9.58,6,2025-07-23 00:00:00,Guadalupe Samanta Alegria Tomé,León
Envase plástico,30.4,3,2025-12-02 00:00:00,Marcelo Pujadas Prat,León
Botella PET,37.95,11,2025-10-13 00:00:00,Aníbal Heras,Zamora
Muñeco de plástico,41.2,13,2026-04-14 00:00:00,Reina Sanabria Granados,Ourense
Juguete de plástico,27.8,5,2025-08-28 00:00:00,Azucena Montes Cuenca,Ciudad
Silla plástica,36.54,3,2026-04-01 00:00:00,Graciano de Román,Tarragona
Cubo organizador,26.08,6,2026-04-22 00:00:00,Jerónimo Buendía Osorio,Huelva
Utensilio de cocina plástico,8.01,19,2026-05-18 00:00:00,Abraham Manrique,Burgos
Cubo organizador,44.68,5,2025-06-26 00:00:00,Soledad Rico Grau,Segovia
Muñeco de plástico,11.67,15,2025-06-18 00:00:00,Elisabet Agustín-Carbó,Santa Cruz de Tenerife
Pelota plástica,21.21,14,2025-09-17 00:00:00,Ariel del Gómez,León
Cubo de basura plástico,41.45,13,2025-11-07 00:00:00,Soraya Gala Ferrera Bolaños,Ávila
Utensilio de cocina plástico,13.27,3,2026-04-01 00:00:00,Edmundo Jove Pozo,Alicante
Juguete de plástico,2.55,2,2025-06-04 00:00:00,Ángela Mayol Madrigal,Pontevedra
Cubo organizador,1.86,19,2025-07-08 00:00:00,Artemio Haro,Teruel
Envase plástico,6.6,14,2026-02-07 00:00:00,Martín Mir,Asturias
Muñeco de plástico,31.54,14,2026-03-14 00:00:00,Isaura Losada Soler,Ceuta
Botella PET,3.56,17,2025-10-05 00:00:00,Alcides Mancebo-Molina,Pontevedra
Tupper,12.55,11,2025-09-21 00:00:00,Isaac Bernad Gracia,Castellón
Muñeco de plástico,45.41,1,2026-03-09 00:00:00,Hilda Cal Alcalde,Guipúzcoa
Envase plástico,34.49,11,2025-08-08 00:00:00,Juan Francisco Doménech Nevado,Murcia
Muñeco de plástico,12.32,5,2025-11-28 00:00:00,Cayetana Ibáñez Romero,Tarragona
Silla plástica,49.47,10,2025-08-13 00:00:00,Eugenia Cardona Hervia,Girona
Tupper,26.06,3,2025-11-21 00:00:00,Faustino Sureda Miró,Almería
Muñeco de plástico,16.56,13,2025-06-15 00:00:00,Chuy Carballo Amat,Navarra
Muñeco de plástico,26.31,17,2025-10-05 00:00:00,Eligio del Bayón,Palencia
Cubo de basura plástico,24.27,19,2025-06-16 00:00:00,Erasmo Chema Donaire Soriano,Tarragona
Tupper,41.67,1,2026-05-06 00:00:00,Lázaro Morán Llabrés,Madrid
Silla plástica,35.71,2,2025-06-10 00:00:00,Serafina Ibáñez Saavedra,Málaga
Tupper,9.62,20,2025-08-29 00:00:00,Bernarda Losada-Barrio,Castellón
Silla plástica,2.01,4,2025-06-17 00:00:00,Alfonso Angulo Lledó,Castellón
Pelota plástica,9.74,10,2026-02-25 00:00:00,Leticia de Pardo,Castellón
Pelota plástica,14.76,15,2025-10-19 00:00:00,Danilo Ballester Boix,Asturias
Utensilio de cocina plástico,18.2,7,2025-06-26 00:00:00,Guiomar Berenguer Puga,Zaragoza
Utensilio de cocina plástico,36.47,16,2026-02-16 00:00:00,Ariel Niño Román,Valladolid
Tupper,9.28,10,2025-12-20 00:00:00,Juan Francisco del Pizarro,Jaén
Juguete de plástico,32.88,19,2025-06-20 00:00:00,Paulino Sans,Tarragona
Juguete de plástico,40.84,7,2026-01-16 00:00:00,Mariana Castrillo-Roman,Lleida
Cubo de basura plástico,37.34,2,2025-11-28 00:00:00,Rosario Valverde,Cantabria
Cubo organizador,19.63,10,2025-08-12 00:00:00,Adalberto Juan José Macías Aguilera,Palencia
Utensilio de cocina plástico,43.69,4,2025-11-14 00:00:00,Bautista del Ríos,Albacete
Cubo organizador,43.18,19,2026-05-27 00:00:00,Isabela Orozco,Navarra
Pelota plástica,8.68,6,2026-04-18 00:00:00,Julieta Batalla Sureda,Asturias
Tupper,35.83,20,2026-01-29 00:00:00,Severino Pazos Villalobos,Alicante
Tupper,30.17,10,2025-07-29 00:00:00,Nacio Solsona Riba,Vizcaya
Cubo de basura plástico,48.55,8,2026-02-09 00:00:00,Amparo Luís-Vallejo,Murcia
Cubo organizador,18.28,1,2025-12-09 00:00:00,Serafina Valls Tejero,La Coruña
Juguete de plástico,39.76,6,2025-10-27 00:00:00,Baltasar Morera Aragonés,Madrid
Cubo organizador,47.04,12,2025-11-20 00:00:00,Felipa Jiménez Millán,Sevilla
Cubo organizador,43.58,16,2026-02-28 00:00:00,Gertrudis Sanmiguel Salamanca,Melilla
Juguete de plástico,31.5,12,2026-04-22 00:00:00,Amador Benito Ayala,La Coruña
Tupper,6.91,3,2025-11-21 00:00:00,Teófila Vallejo Cases,Baleares
Silla plástica,43.66,15,2026-04-23 00:00:00,Elisa Baena-Escobar,Zaragoza
Juguete de plástico,13.56,8,2025-12-26 00:00:00,Hipólito Gaya-Catalán,León
Pelota plástica,47.49,16,2025-10-12 00:00:00,Darío de Casals,Valladolid
Muñeco de plástico,42.66,2,2026-01-30 00:00:00,Aarón del Camino,Las Palmas
Pelota plástica,49.33,18,2025-12-26 00:00:00,Gaspar Jose Luis Hidalgo Anaya,Valladolid
Envase plástico,34.28,10,2026-05-10 00:00:00,Bartolomé Barrena Colom,Lleida
Utensilio de cocina plástico,11.22,3,2026-03-21 00:00:00,Natividad Posada Cadenas,Málaga
Botella PET,29.97,2,2025-10-10 00:00:00,Mireia Saura Solano,Salamanca
Juguete de plástico,7.07,18,2025-08-18 00:00:00,Eliana Gonzalez Raya,Zaragoza
Cubo organizador,29.17,11,2025-11-12 00:00:00,Cleto de Pagès,Palencia
Muñeco de plástico,3.76,17,2026-01-20 00:00:00,Luis Ángel Soler,Ávila
Muñeco de plástico,14.89,5,2025-06-09 00:00:00,Pía Botella Cornejo,Cádiz
Juguete de plástico,40.18,4,2026-03-14 00:00:00,Soledad Teófila Pujadas Duarte,Valencia
Juguete de plástico,24.34,1,2025-07-28 00:00:00,Luz Espejo Morante,Melilla
Pelota plástica,32.2,19,2026-05-21 00:00:00,Encarnacion Conde,Lugo
Tupper,34.15,18,2026-04-28 00:00:00,Susana Aguiló Ferrando,Soria
Juguete de plástico,34.77,10,2026-02-28 00:00:00,Olalla Tejero-Mariscal,Castellón
Cubo organizador,9.81,20,2025-12-22 00:00:00,Régulo Castro Cantón,Cádiz
Tupper,24.57,1,2026-02-28 00:00:00,Aureliano Ureña Arrieta,Zaragoza
Silla plástica,4.46,12,2026-01-20 00:00:00,Amílcar Severo Tamayo Benavente,Málaga
Botella PET,10.02,8,2026-04-19 00:00:00,Rosa Castrillo-Leal,Córdoba
Pelota plástica,33.39,13,2026-02-13 00:00:00,Lidia Cazorla González,León
Botella PET,4.45,4,2025-10-01 00:00:00,Édgar Fuentes Vilar,Jaén
Tupper,12.03,20,2026-05-12 00:00:00,Esteban Prats Solé,Córdoba
Utensilio de cocina plástico,38.05,11,2025-06-05 00:00:00,Coral Ayllón Soler,Girona
Pelota plástica,29.75,11,2026-01-24 00:00:00,Marcelo Jimenez-Crespi,Salamanca
Cubo de basura plástico,30.66,6,2025-10-06 00:00:00,Petrona de Falcó,Álava
Utensilio de cocina plástico,41.6,16,2025-12-26 00:00:00,Chus Arévalo,Badajoz
Cubo de basura plástico,13.36,15,2025-10-04 00:00:00,Julián Cristian Barbero Albero,Murcia
Silla plástica,29.2,1,2026-01-03 00:00:00,Régulo Barranco-Carvajal,Lleida
Pelota plástica,48.81,5,2025-08-14 00:00:00,Nazaret Miralles-Azorin,Palencia
Silla plástica,22.68,20,2025-09-25 00:00:00,Rodolfo Colom Alcántara,Albacete
Muñeco de plástico,3.28,8,2026-01-10 00:00:00,Rosendo Carreras,Granada
Muñeco de plástico,36.98,5,2025-10-16 00:00:00,Javi Fábregas Coronado,Lleida
Muñeco de plástico,24.79,10,2025-11-29 00:00:00,Isaías Carpio Huertas,Asturias
Cubo de basura plástico,1.35,12,2026-03-31 00:00:00,Marcio Royo Espada,Pontevedra
Muñeco de plástico,19.82,6,2025-06-09 00:00:00,Guadalupe Melero,Álava
Juguete de plástico,14.71,19,2025-06-27 00:00:00,Magdalena Salgado Tomé,La Coruña
Muñeco de plástico,24.91,5,2025-12-15 00:00:00,Asdrubal Gracia Artigas,Soria
Cubo de basura plástico,23.93,20,2025-09-26 00:00:00,Cloe Mayoral Jódar,Albacete
Botella PET,49.41,9,2025-08-02 00:00:00,Augusto Suárez-Cervantes,Soria
Envase plástico,33.26,10,2025-10-20 00:00:00,Antonia Flor Casas,Lleida
Utensilio de cocina plástico,46.21,15,2026-02-16 00:00:00,Emilia Toledo Mendizábal,Cantabria
Tupper,48.23,3,2025-12-05 00:00:00,Eduardo Francisco Requena,Cuenca
Botella PET,9.27,15,2025-11-29 00:00:00,Mónica Bosch Alvarado,Albacete
Juguete de plástico,45.89,8,2025-08-26 00:00:00,Lupita Lasa Gomez,Lleida
Pelota plástica,19.66,18,2025-05-29 00:00:00,Vicente Blanch,Albacete
Pelota plástica,17.45,6,2025-08-30 00:00:00,Ruth Domínguez Peñas,Granada
Cubo organizador,16.3,17,2025-08-07 00:00:00,Jose Ignacio Amat Fuster,Barcelona
Pelota plástica,15.23,20,2026-01-22 00:00:00,Juan José Ferreras Cuesta,Palencia
Envase plástico,20.98,2,2026-04-05 00:00:00,Vasco Mas Cabo,Salamanca
Silla plástica,24.1,7,2025-07-21 00:00:00,Cayetano Montero-Tello,Ciudad
Silla plástica,35.54,4,2025-08-16 00:00:00,Maximino Saez Cañas,Jaén
Utensilio de cocina plástico,7.31,12,2025-11-19 00:00:00,Moisés Blanca-Gil,Jaén
Muñeco de plástico,46.66,18,2025-10-06 00:00:00,Ismael Chacón Álvaro,Madrid
Cubo organizador,17.29,8,2025-11-11 00:00:00,Aitana Mariño Saez,Alicante
Botella PET,18.49,11,2025-08-23 00:00:00,Agustina Delgado Montes,Huelva
Cubo organizador,24.96,11,2025-06-04 00:00:00,Luciano Alberola Márquez,Jaén
Utensilio de cocina plástico,13.11,19,2025-12-07 00:00:00,Mateo Sala-Zamorano,Palencia
Muñeco de plástico,36.55,4,2025-07-17 00:00:00,Elena Trillo Beltrán,Melilla
Cubo organizador,11.26,18,2026-03-25 00:00:00,Juan Pablo del Vilar,Huesca
Cubo de basura plástico,17.73,6,2026-03-15 00:00:00,Pánfilo Codina,Cuenca
Envase plástico,3.94,19,2025-10-26 00:00:00,Marcia Acosta Niño,Valencia
Botella PET,9.45,2,2026-05-06 00:00:00,Celestino Nazaret Piñeiro Mas,Castellón
Muñeco de plástico,12.45,2,2026-04-11 00:00:00,Loida Rodrigo,Palencia
Silla plástica,43.49,19,2025-12-03 00:00:00,Brígida Bonet Ródenas,Guadalajara
Cubo de basura plástico,40.64,14,2025-10-21 00:00:00,Clara Morell-Olivares,Soria
Tupper,12.03,6,2026-02-02 00:00:00,Ariel Grande Vizcaíno,Huelva
Cubo de basura plástico,26.35,2,2026-04-01 00:00:00,Inocencio Domínguez Quesada,Cantabria
Tupper,22.06,12,2026-03-13 00:00:00,Mamen Lillo Villegas,Ourense
Botella PET,39.8,20,2026-03-26 00:00:00,Herminio de Peñalver,Ciudad
Envase plástico,7.87,17,2025-07-19 00:00:00,Alejo de Redondo,Tarragona
Envase plástico,3.41,12,2026-03-12 00:00:00,Araceli de Mendizábal,Baleares
Tupper,21.35,9,2025-09-28 00:00:00,Manuelita Duran Redondo,Las Palmas
Pelota plástica,11.17,16,2025-10-31 00:00:00,Elba Olalla Castañeda Urrutia,Valencia
Botella PET,35.88,18,2025-09-02 00:00:00,Basilio Cortes-Pons,Soria
Cubo organizador,2.64,8,2026-02-23 00:00:00,Juan Bautista Lucena-Morales,Ourense
Cubo de basura plástico,22.39,12,2025-08-26 00:00:00,Jacinto Sotelo Monreal,Melilla
Tupper,11.31,16,2025-07-20 00:00:00,Vicente Clemente Cruz Rozas,Toledo
Envase plástico,16.07,18,2025-08-23 00:00:00,Narcisa Menéndez Casas,Huesca
Juguete de plástico,43.88,20,2026-02-19 00:00:00,María Manuela Palomino Piñeiro,Huelva
Envase plástico,39.83,2,2026-05-13 00:00:00,Merche Díaz-Hervia,Córdoba
Utensilio de cocina plástico,46.77,8,2026-02-03 00:00:00,Pascual del Hierro,Lleida
Botella PET,18.33,18,2026-05-04 00:00:00,Florentina Hervia Larrea,Valladolid
Muñeco de plástico,33.37,3,2025-07-06 00:00:00,Jenny Mercader-Arregui,Vizcaya
Muñeco de plástico,26.58,17,2025-07-14 00:00:00,Samu Martin Mancebo,Palencia
Tupper,33.55,17,2026-01-19 00:00:00,Imelda Alcázar González,Salamanca
Utensilio de cocina plástico,17.91,2,2026-05-23 00:00:00,Prudencia Alcalá,Álava
Silla plástica,34.31,17,2025-08-13 00:00:00,Rita Sarabia Padilla,Segovia
Tupper,11.94,12,2025-09-29 00:00:00,Alejandro Correa Ferrándiz,Santa Cruz de Tenerife
Juguete de plástico,6.89,13,2025-06-30 00:00:00,Jorge del Abad,Palencia
Muñeco de plástico,17.4,20,2026-01-19 00:00:00,Luis Guardiola Cid,Zaragoza
Silla plástica,13.58,15,2025-08-11 00:00:00,Bartolomé Salom-Calvet,Toledo
Pelota plástica,45.5,6,2025-12-08 00:00:00,Rubén Marí Priego,Toledo
Muñeco de plástico,33.65,7,2025-07-29 00:00:00,José Manuel Vizcaíno Esteve,Guadalajara
Utensilio de cocina plástico,22.69,18,2026-03-26 00:00:00,Rafa del Ponce,Vizcaya
Muñeco de plástico,6.33,7,2025-12-31 00:00:00,Teodoro Casado Amo,Lugo
Muñeco de plástico,7.77,14,2025-08-21 00:00:00,Ascensión Madrigal Ferreras,Segovia
Silla plástica,47.56,20,2025-11-01 00:00:00,Juliana Coca Dueñas,Segovia
Pelota plástica,28.41,10,2026-05-02 00:00:00,Olivia Olivé,Toledo
Juguete de plástico,5.4,3,2025-11-23 00:00:00,Nieves Alemany Guardia,Las Palmas
Utensilio de cocina plástico,1.97,12,2025-11-25 00:00:00,Ascensión Batalla Alberto,Asturias
Silla plástica,12.81,13,2026-02-24 00:00:00,Fanny Salmerón Andrade,Castellón
Juguete de plástico,37.33,1,2025-10-21 00:00:00,Onofre del Riera,Vizcaya
Silla plástica,31.64,18,2026-01-15 00:00:00,Benigna Heras Bermúdez,Asturias
Cubo organizador,5.34,17,2025-07-26 00:00:00,Hipólito Amílcar Echevarría Sobrino,Álava
Cubo organizador,9.46,7,2025-07-16 00:00:00,Ismael Josep Frías Fiol,Cáceres
Tupper,21.15,4,2025-11-22 00:00:00,Felicidad de Bermudez,La Rioja
Botella PET,22.92,10,2025-11-24 00:00:00,Cirino Sanmiguel Quevedo,Málaga
Silla plástica,48.16,5,2025-05-30 00:00:00,Tomás Duilio Rosell Ripoll,Sevilla
Utensilio de cocina plástico,14.93,8,2025-08-06 00:00:00,Edgardo Valenzuela Batalla,Ceuta
Muñeco de plástico,10.52,11,2025-09-08 00:00:00,Laura Aurelia Molins Cuadrado,Navarra
Juguete de plástico,8.87,12,2026-02-14 00:00:00,Lope de Abad,Teruel
Utensilio de cocina plástico,16.47,14,2025-10-20 00:00:00,Amílcar Bayona,Ceuta
Muñeco de plástico,21.28,4,2025-08-27 00:00:00,David Velázquez Palacios,Huesca
Muñeco de plástico,27.28,7,2025-07-23 00:00:00,Sarita María Cristina Alvarado Nicolau,Teruel
Botella PET,23.58,4,2025-12-22 00:00:00,Lupe Sales Segovia,Valladolid
Tupper,46.41,16,2025-08-08 00:00:00,Manuel Carlos Girón,León
Muñeco de plástico,5.89,19,2025-12-12 00:00:00,Beatriz Torrent Pérez,Ciudad
Cubo organizador,48.47,13,2025-12-29 00:00:00,Guadalupe Taboada Ferreras,Lleida
Tupper,39.91,6,2025-06-23 00:00:00,Oriana Oliver,Soria
Tupper,29.89,2,2026-05-17 00:00:00,Jose Francisco Ocaña Aroca,Asturias
Juguete de plástico,40.43,2,2025-09-29 00:00:00,Carla del Nogués,Valencia
Muñeco de plástico,48.91,10,2026-04-28 00:00:00,Narciso Fiol Martínez,Álava
Botella PET,48.28,12,2025-12-08 00:00:00,Renato Alberto Abellán,Salamanca
Utensilio de cocina plástico,46.18,13,2026-03-17 00:00:00,Paloma Alonso-Checa,Huesca
Cubo organizador,24.21,7,2025-06-24 00:00:00,Tadeo Arcos,Granada
Juguete de plástico,8.34,15,2026-02-26 00:00:00,Hector Almansa Pont,Albacete
Juguete de plástico,39.87,9,2026-02-07 00:00:00,Marianela Crescencia Peiró Hidalgo,Granada
Utensilio de cocina plástico,45.35,15,2025-09-07 00:00:00,Maximino Nilo Olmo Tormo,Valladolid
Juguete de plástico,5.73,2,2025-06-02 00:00:00,Dafne María Del Carmen Méndez Artigas,La Coruña
Tupper,42.16,10,2025-05-29 00:00:00,Miriam Benigna Barón Ferrán,Álava
Cubo de basura plástico,9.09,1,2026-03-16 00:00:00,Gema Carreras Larrañaga,Teruel
Pelota plástica,40.05,16,2025-07-05 00:00:00,Irma Páez Diaz,Sevilla
Tupper,19.07,8,2025-11-27 00:00:00,Feliciana Moreno Pino,Jaén
Cubo de basura plástico,30.72,5,2025-07-29 00:00:00,Paulino Llamas Pinedo,Castellón
Botella PET,20.34,19,2025-10-13 00:00:00,Cristina de Zabala,Burgos
Silla plástica,40.55,1,2026-01-02 00:00:00,Jesús Azcona Elorza,Navarra
Tupper,40.13,16,2025-10-16 00:00:00,Paco Pallarès Manzano,Murcia
Utensilio de cocina plástico,12.4,20,2026-02-28 00:00:00,Alejo de Gelabert,Zaragoza
Silla plástica,33.31,4,2025-12-26 00:00:00,Yago Ojeda Salvador,Lleida
Cubo de basura plástico,28.94,16,2025-12-01 00:00:00,Raúl Reyes Vilalta,Ciudad
Muñeco de plástico,29.7,3,2025-10-15 00:00:00,Noa Guillén Molins,Barcelona
Cubo organizador,12.22,9,2025-07-21 00:00:00,Juan Antonio Cervantes Borrás,Madrid
Muñeco de plástico,8.48,19,2026-03-22 00:00:00,Geraldo de Palomino,Cádiz
Botella PET,39.61,2,2025-10-25 00:00:00,Ale Atienza Murcia,Guipúzcoa
Cubo organizador,47.36,3,2026-04-04 00:00:00,Encarnacion Maestre Blazquez,Vizcaya
Juguete de plástico,32.32,5,2025-11-23 00:00:00,Rubén Tena-Goicoechea,Huelva
Muñeco de plástico,41.48,9,2025-11-07 00:00:00,Priscila Vara-Carreño,Sevilla
Cubo organizador,45.24,2,2026-04-17 00:00:00,Lucho Isidoro Ribas Amor,Toledo
Juguete de plástico,10.97,17,2025-06-09 00:00:00,Morena del Carbajo,Lleida
Tupper,9.06,6,2025-09-21 00:00:00,Bárbara Natalia Reig Báez,Guipúzcoa
Muñeco de plástico,21.52,19,2025-10-02 00:00:00,Mireia Quirós,La Rioja
Cubo de basura plástico,18.17,2,2026-02-17 00:00:00,Roberto Salazar Cabeza,Ciudad
Botella PET,42.85,6,2026-04-29 00:00:00,Hernán Atienza-Riquelme,Álava
Muñeco de plástico,9.48,8,2025-11-23 00:00:00,Carlos Manzano Vélez,Huelva
Utensilio de cocina plástico,16.47,15,2026-01-18 00:00:00,Aroa Albero Blasco,Burgos
Muñeco de plástico,44.56,16,2025-08-26 00:00:00,Débora Redondo Juliá,Tarragona
Envase plástico,37.02,15,2026-04-28 00:00:00,Julián Sans Arenas,Vizcaya
Cubo organizador,36.85,19,2026-02-17 00:00:00,Priscila Marqués-Lumbreras,Guadalajara
Silla plástica,25.16,12,2026-02-08 00:00:00,Albert Uriarte Rovira,Albacete
Muñeco de plástico,41.06,15,2025-11-13 00:00:00,Cruz Saavedra,Sevilla
Utensilio de cocina plástico,44.32,16,2025-08-23 00:00:00,Chuy Teodosio Iriarte Bermejo,Ávila
Tupper,11.59,10,2026-01-14 00:00:00,Graciano Guardia Catalá,Burgos
Tupper,33.35,6,2025-08-24 00:00:00,Jordana Solsona Cid,Sevilla
Utensilio de cocina plástico,38.9,9,2026-01-03 00:00:00,Rita Codina,Cuenca
Silla plástica,36.86,2,2025-10-27 00:00:00,Sandra Rodrigo,Las Palmas
Tupper,24.36,8,2025-11-08 00:00:00,Baldomero Duque Aramburu,Lleida
Juguete de plástico,23.11,9,2026-01-29 00:00:00,Valentina Leticia Comas Batalla,Santa Cruz de Tenerife
Cubo organizador,30.64,3,2026-03-26 00:00:00,Nilda de Elorza,Alicante
Utensilio de cocina plástico,7.52,3,2025-12-05 00:00:00,Joaquina Sanchez Lago,León
Cubo organizador,42.73,15,2026-01-15 00:00:00,Rafa Calderon Ferrando,Pontevedra
Muñeco de plástico,21.39,9,2026-03-24 00:00:00,Pánfilo Colom-Luís,Sevilla
Muñeco de plástico,6.29,3,2026-02-12 00:00:00,Marcia Micaela Roca Alberola,Cádiz
Pelota plástica,45.03,16,2025-06-24 00:00:00,Anastasio Palmer Jordán,Guadalajara
Cubo de basura plástico,35.67,8,2025-10-04 00:00:00,Teobaldo Campillo Hoz,Burgos
Cubo organizador,18.15,19,2025-09-23 00:00:00,Reyna Bonilla Vicens,Asturias
Juguete de plástico,12.3,1,2026-04-15 00:00:00,Mateo Luque Cornejo,Palencia
Botella PET,45.16,8,2026-01-16 00:00:00,Rosario Guardia Colomer,La Rioja
Envase plástico,6.06,4,2025-11-12 00:00:00,Buenaventura Rueda Pedrero,Burgos
Tupper,27.85,3,2025-08-17 00:00:00,Damián Eutropio Viña Valcárcel,Ciudad
Botella PET,22.17,6,2026-04-08 00:00:00,Nidia Mendez Nogueira,Huelva
Envase plástico,38.69,14,2025-10-17 00:00:00,Heliodoro Enrique Segura Rey,Zaragoza
Utensilio de cocina plástico,24.32,18,2026-01-18 00:00:00,Eladio Anguita-Salvador,Huelva
Juguete de plástico,19.8,15,2025-08-28 00:00:00,Rolando Perea Nuñez,Teruel
Tupper,45.49,5,2026-05-07 00:00:00,Ramona Benitez Ródenas,Toledo
Muñeco de plástico,7.1,1,2025-08-06 00:00:00,Laura Alcalá Ureña,Segovia
Utensilio de cocina plástico,8.34,7,2026-03-26 00:00:00,Casemiro Camps,Pontevedra
Silla plástica,41.51,8,2025-06-22 00:00:00,Adora del Castells,Ceuta
Silla plástica,37.18,1,2025-05-28 00:00:00,Marcelino Reyes Cózar,Lleida
Envase plástico,22.4,1,2026-04-19 00:00:00,Desiderio Calatayud Lorenzo,Salamanca
Cubo organizador,44.17,15,2026-01-25 00:00:00,Severino Rovira Porras,Huelva
Utensilio de cocina plástico,2.71,1,2025-10-12 00:00:00,Eulalia Roberta Ferrán Carreras,Burgos
Envase plástico,10.01,2,2025-10-28 00:00:00,Primitivo Pacheco Cisneros,Valladolid
Tupper,14.66,9,2025-12-27 00:00:00,Alcides Rosales-Nevado,Guadalajara
Botella PET,44.07,20,2025-07-27 00:00:00,Priscila Carrasco,Cantabria
Tupper,34.54,14,2025-08-21 00:00:00,Azucena Andrés,Lugo
Juguete de plástico,4.77,3,2025-07-18 00:00:00,Agustín Escrivá Córdoba,La Coruña
Silla plástica,32.57,10,2026-05-13 00:00:00,Mercedes Verdugo Ferrández,León
Juguete de plástico,31.91,20,2025-07-16 00:00:00,Juan Pablo Puerta Escobar,Ceuta
Silla plástica,23.33,1,2025-08-19 00:00:00,Cayetano Vicens Quintero,Vizcaya
Botella PET,37.86,16,2025-07-28 00:00:00,Claudia del Palacio,Girona
Envase plástico,27.17,4,2025-10-29 00:00:00,Ariel Gual Vidal,Pontevedra
Silla plástica,48.8,1,2025-08-17 00:00:00,Martirio Quesada Espejo,Ávila
Silla plástica,35.45,8,2025-09-22 00:00:00,Paz Salvà Yáñez,Burgos
Cubo organizador,12.49,9,2025-09-29 00:00:00,Ernesto Leiva Tormo,Teruel
Cubo de basura plástico,29.76,14,2025-09-08 00:00:00,Fidela de Esteve,Álava
Utensilio de cocina plástico,35.06,11,2025-11-23 00:00:00,Mireia Porras Polo,Ceuta
Botella PET,35.75,3,2026-03-19 00:00:00,Marita Hoz Uría,Asturias
Cubo de basura plástico,21.27,11,2025-10-24 00:00:00,Nico Jurado Piñeiro,Guadalajara
Botella PET,27.12,5,2025-11-19 00:00:00,Beatriz Fuentes Sáez,Ceuta
Pelota plástica,43.37,2,2025-11-16 00:00:00,Lina Murcia Arribas,Almería
Juguete de plástico,41.55,16,2026-02-02 00:00:00,Emilia Uría Sureda,Cádiz
Pelota plástica,17.21,16,2026-02-21 00:00:00,Mariano Santamaria Sanz,Cádiz
Tupper,23.64,18,2025-08-18 00:00:00,Anacleto Crespo-Goñi,Ceuta
Cubo organizador,40.93,12,2026-04-19 00:00:00,Kike Lago Goicoechea,Melilla
Pelota plástica,45.62,3,2025-12-11 00:00:00,Andrés Felipe Guzmán-Luján,Toledo
Juguete de plástico,7.5,18,2025-12-25 00:00:00,Rita Montes Arévalo,Almería
Juguete de plástico,24.82,10,2026-05-10 00:00:00,Rosalía Frutos,Murcia
Cubo de basura plástico,23.01,8,2025-08-19 00:00:00,Filomena Lluch,Segovia
Cubo de basura plástico,32.79,4,2026-02-11 00:00:00,Néstor Sarabia Prieto,Melilla
Cubo organizador,21.81,5,2026-02-06 00:00:00,León Llobet,Teruel
Utensilio de cocina plástico,23.47,12,2026-05-16 00:00:00,José Ángel Piña Arjona,Ciudad
Cubo organizador,25.55,14,2025-11-07 00:00:00,Vito Castillo Baena,Almería
Botella PET,20.14,6,2026-01-03 00:00:00,Eloy Borrell,Álava
Muñeco de plástico,23.19,4,2025-10-07 00:00:00,Jose Antonio Valera Romero,Huesca
Utensilio de cocina plástico,14.18,15,2025-08-03 00:00:00,Encarnación Nevado-Velasco,Albacete
Cubo organizador,38.43,10,2026-03-17 00:00:00,Jordán Vilanova Agustí,Ciudad
Juguete de plástico,33.35,20,2026-01-11 00:00:00,Gastón Bonilla Carreño,Murcia
Utensilio de cocina plástico,16.98,4,2025-07-05 00:00:00,Laura Inés Vergara Bustamante,Zaragoza
Tupper,15.95,4,2025-12-12 00:00:00,Alex Diego Heras,Ourense
Silla plástica,23.9,13,2026-03-25 00:00:00,Amparo Manzanares Criado,Cantabria
Cubo organizador,27.47,3,2026-04-10 00:00:00,Soledad Tormo Somoza,Ceuta
Muñeco de plástico,42.37,10,2026-01-06 00:00:00,Felipa Garrido Frutos,Ávila
Cubo organizador,11.39,9,2026-04-25 00:00:00,Casemiro Blasco Márquez,Burgos
Cubo de basura plástico,1.85,20,2025-09-06 00:00:00,Juliana del Roda,Madrid
Juguete de plástico,29.92,7,2025-09-26 00:00:00,Roberto Araujo Barragán,Barcelona
Tupper,18.62,18,2025-08-31 00:00:00,Gabriel Lucena Chaparro,Sevilla
Pelota plástica,37.31,11,2025-12-10 00:00:00,Virgilio Ibáñez,Guipúzcoa
Cubo de basura plástico,28.71,14,2025-07-02 00:00:00,Celestina Sevillano Lago,Granada
Tupper,37.18,2,2025-08-15 00:00:00,Miguel Ángel Peiró Pozo,Cádiz
Envase plástico,1.8,16,2025-12-23 00:00:00,Bruno Tena,Albacete
Tupper,8.32,6,2025-08-28 00:00:00,Hugo Aguilar Llamas,Huesca
Cubo de basura plástico,31.48,9,2025-09-30 00:00:00,Dionisio Bonet Alegre,Murcia
Pelota plástica,41.47,10,2025-09-26 00:00:00,Jordán Ramón Arregui,Valladolid
Tupper,16.17,18,2025-12-06 00:00:00,Custodio Nebot Berenguer,Madrid
Silla plástica,37.12,7,2026-04-04 00:00:00,César Casal,Girona
Utensilio de cocina plástico,44.29,10,2025-12-26 00:00:00,Artemio Alonso Montoya Lucas,Ceuta
Pelota plástica,27.26,1,2026-05-16 00:00:00,Edelmiro Arenas Cabezas,Granada
Cubo de basura plástico,3.84,13,2025-07-24 00:00:00,Domingo Bermudez Exposito,Huelva
Utensilio de cocina plástico,48.3,10,2026-02-07 00:00:00,Genoveva Puga Moll,Baleares
Utensilio de cocina plástico,48.1,10,2026-05-06 00:00:00,Elisa Escalona Laguna,Santa Cruz de Tenerife
Utensilio de cocina plástico,34.39,19,2026-01-09 00:00:00,Cristóbal Arias Tudela,Vizcaya
Juguete de plástico,24.8,13,2025-07-20 00:00:00,Marta Barbero Perez,Palencia
Silla plástica,9.42,7,2026-02-28 00:00:00,Lilia Paz Briones,Badajoz
Silla plástica,45.97,1,2026-03-31 00:00:00,Tiburcio Donaire-Caro,Huelva
Cubo organizador,43.91,18,2026-03-26 00:00:00,Georgina Barroso Domingo,Madrid
Pelota plástica,30.77,14,2025-09-09 00:00:00,Natalia Checa Clemente,La Rioja
Pelota plástica,13.81,4,2026-02-13 00:00:00,Vicenta Vergara-Yuste,Ávila
Tupper,11.28,5,2025-12-11 00:00:00,Amparo Ángel Torrijos,Cantabria
Tupper,49.7,1,2025-10-02 00:00:00,Miriam Gomis,Vizcaya
Pelota plástica,12.52,16,2026-01-24 00:00:00,Emilia Agustín Almeida,Valladolid
Pelota plástica,37.16,6,2025-07-09 00:00:00,Vilma Sacristán Piñol,Vizcaya
Cubo de basura plástico,37.16,15,2025-11-29 00:00:00,Manu de Azorin,Teruel
Silla plástica,11.31,14,2025-08-24 00:00:00,Edelmira Cárdenas,Almería
Tupper,18.39,1,2025-06-12 00:00:00,Leyre Dominguez Jaume,Álava
Muñeco de plástico,25.1,16,2025-08-30 00:00:00,Esther Valle Lucas,Soria
Envase plástico,33.45,7,2025-06-28 00:00:00,Marcio Ramón Mosquera Palomar,Palencia
Envase plástico,17.88,20,2025-07-05 00:00:00,Mónica Portero-Mendoza,Pontevedra
Tupper,4.53,16,2026-04-09 00:00:00,Lara Marcela Casas Cuadrado,Girona
Botella PET,27.83,11,2025-06-19 00:00:00,Cruz Bermejo Gras,Tarragona
Envase plástico,10.33,7,2025-11-23 00:00:00,Adrián Muñoz Corominas,Pontevedra
Utensilio de cocina plástico,40.28,7,2025-11-08 00:00:00,Nico Galan Trujillo,Cádiz
Cubo de basura plástico,48.7,6,2025-07-25 00:00:00,Evaristo Bayo Benito,Murcia
Muñeco de plástico,18.94,4,2025-12-30 00:00:00,Cirino Alex Salvador Navarro,Ciudad
Silla plástica,44.11,3,2025-10-01 00:00:00,Diana Campos,Valencia
Cubo de basura plástico,43.38,1,2026-03-22 00:00:00,Marisela Carlos Soto,Soria
Envase plástico,12.32,6,2025-11-26 00:00:00,Damián Izaguirre Céspedes,La Rioja
Utensilio de cocina plástico,14.79,8,2025-12-26 00:00:00,Odalis Bueno Campo,Ourense
Silla plástica,49.54,18,2025-08-24 00:00:00,María Fernanda Ojeda,Zaragoza
Cubo organizador,43.76,20,2025-09-01 00:00:00,Macaria del Márquez,Ceuta
Tupper,7.76,17,2025-06-21 00:00:00,Octavia Plana Cervera,Guipúzcoa
Tupper,2.49,17,2026-04-08 00:00:00,Odalys Roda Sedano,Palencia
Cubo organizador,25.01,15,2025-12-15 00:00:00,Lorenza del Gibert,Burgos
Cubo de basura plástico,31.46,10,2025-11-07 00:00:00,Liliana Murcia Jimenez,Ourense
Muñeco de plástico,22.44,11,2025-09-30 00:00:00,Guiomar Calleja Jordá,Badajoz
Cubo organizador,14.66,1,2026-04-21 00:00:00,Chita Roca Querol,Valencia
Utensilio de cocina plástico,31.22,14,2025-11-11 00:00:00,José María Tejedor Rovira,Cádiz
Juguete de plástico,38.74,11,2025-10-30 00:00:00,Ainara Pol Menéndez,Alicante
Botella PET,20.68,19,2025-09-05 00:00:00,Antonia Aranda Cuevas,La Rioja
Pelota plástica,3.84,10,2026-01-14 00:00:00,Ainara Castellanos Arévalo,Barcelona
Muñeco de plástico,11.82,19,2025-12-30 00:00:00,Luis Ángel Iborra-Tenorio,Cáceres
Juguete de plástico,16.96,10,2025-10-10 00:00:00,María Pilar del Torrecilla,Guipúzcoa
Envase plástico,49.39,5,2026-03-31 00:00:00,Ariel Saez Alcázar,Valencia
Cubo organizador,8.68,14,2025-07-27 00:00:00,Ciriaco Correa Boix,Palencia
Utensilio de cocina plástico,37.46,6,2025-12-30 00:00:00,Paulina del Boix,Cantabria
Botella PET,32.56,13,2025-12-17 00:00:00,Herberto Gonzalo Carmona,Sevilla
Cubo de basura plástico,6.47,8,2025-10-27 00:00:00,Atilio Hervás Ayllón,Ciudad
Envase plástico,1.2,19,2025-11-12 00:00:00,Tomás del Blazquez,Alicante
Botella PET,12.03,8,2026-02-19 00:00:00,Encarna Vallejo Fuertes,Sevilla
Muñeco de plástico,33.09,16,2026-03-05 00:00:00,Inmaculada Vizcaíno,Cuenca
Envase plástico,31.86,16,2026-03-06 00:00:00,Trinidad de Rius,Huelva
Utensilio de cocina plástico,29.79,8,2025-12-02 00:00:00,Ramón Sola Serna,Melilla
Botella PET,41.03,18,2025-09-06 00:00:00,Gabriela Escobar Peinado,Toledo
Cubo organizador,33.92,6,2025-06-14 00:00:00,Luís Peña Valderrama,Ceuta
Pelota plástica,45.73,16,2026-01-12 00:00:00,Luciano Ramón Vicente,Albacete
Cubo organizador,17.56,19,2025-07-06 00:00:00,Rosario Núñez-Aguado,Guadalajara
Cubo de basura plástico,19.82,1,2026-01-28 00:00:00,Coral Ramis-Seco,Zamora
Cubo organizador,2.44,1,2025-10-24 00:00:00,Leonor Lladó Zamora,Guadalajara
Cubo de basura plástico,14.29,15,2025-12-10 00:00:00,Rolando Rubio Llorente,Santa Cruz de Tenerife
Botella PET,41.74,14,2026-04-09 00:00:00,Raúl Francisco Javier Vazquez Cervera,Málaga
Botella PET,33.92,6,2025-11-10 00:00:00,Artemio del Tena,Cuenca
Tupper,20.42,16,2025-10-15 00:00:00,Donato de Roma,Soria
Pelota plástica,8.32,9,2026-04-07 00:00:00,Glauco Aliaga Ortiz,Navarra
Botella PET,42.17,20,2025-12-07 00:00:00,Clotilde Alarcón Madrigal,Pontevedra
Silla plástica,25.68,18,2026-05-05 00:00:00,Eleuterio Mate Andrade,Salamanca
Tupper,23.92,18,2025-11-20 00:00:00,Luisa Almeida Gisbert,León
Pelota plástica,40.55,1,2026-04-08 00:00:00,Rafa Cañas Campillo,Lleida
Silla plástica,38.95,9,2025-07-11 00:00:00,Baltasar David Cabrero Asenjo,Valladolid
Juguete de plástico,12.93,1,2025-08-25 00:00:00,Jose Carlos Mayo Urrutia,Ciudad
Cubo de basura plástico,16.67,17,2025-10-06 00:00:00,Iker Haro-Guijarro,Cuenca
Botella PET,33.86,2,2025-12-27 00:00:00,Azucena Gonzalo Ramis,Cantabria
Muñeco de plástico,17.47,3,2026-05-26 00:00:00,Efraín Lastra Esteban,Huelva
Juguete de plástico,27.2,12,2025-10-28 00:00:00,Amor Gonzalo Linares,Santa Cruz de Tenerife
Cubo organizador,48.15,16,2026-05-03 00:00:00,Abilio Marino Trillo Pedraza,Melilla
Pelota plástica,20.87,17,2025-07-25 00:00:00,Xavier de Cerdá,Ciudad
Silla plástica,20.07,15,2025-11-23 00:00:00,Jorge Pelayo Madrigal Nogués,Baleares
Cubo de basura plástico,21.65,8,2026-05-11 00:00:00,Yolanda Miguel Piquer,Melilla
Pelota plástica,41.48,14,2026-01-27 00:00:00,Clementina Amaya Yáñez,Santa Cruz de Tenerife
Cubo organizador,24.68,15,2026-01-12 00:00:00,Azeneth Matas Porcel,Segovia
Cubo organizador,33.76,3,2025-08-30 00:00:00,Adrián Llamas Girón,La Rioja
Pelota plástica,46.55,17,2025-10-29 00:00:00,Amaya Albero Ángel,Cádiz
Envase plástico,33.48,15,2025-06-05 00:00:00,Galo Peñas Ruiz,Pontevedra
Cubo de basura plástico,27.67,6,2025-11-12 00:00:00,Tania del Ojeda,Ourense
Tupper,45.61,1,2026-02-18 00:00:00,Ema Reyes Zurita Quintanilla,Barcelona
Tupper,12.74,11,2026-01-12 00:00:00,Abilio Aznar Redondo,Cantabria
Utensilio de cocina plástico,26.64,4,2025-11-05 00:00:00,Nazario Claudio Corbacho Pont,Valladolid
Muñeco de plástico,4.38,9,2025-12-22 00:00:00,Ciríaco de Carnero,Cantabria
Botella PET,22.46,19,2026-05-27 00:00:00,Abraham Alsina-Rios,Soria
Juguete de plástico,29.45,16,2025-11-04 00:00:00,Angélica de Bartolomé,Huesca
Tupper,45.09,9,2026-04-19 00:00:00,Valerio Ribas Ortiz,Vizcaya
Juguete de plástico,15.36,18,2026-04-03 00:00:00,Bonifacio Bermúdez Maestre,León
Utensilio de cocina plástico,43.51,20,2025-08-20 00:00:00,Ximena Casanova,Álava
Envase plástico,27.73,3,2025-12-10 00:00:00,Hilda Dominguez Escrivá,Murcia
Muñeco de plástico,6.52,7,2025-10-12 00:00:00,Saturnino Belmonte Pallarès,Lleida
Pelota plástica,26.52,1,2026-04-05 00:00:00,Noelia Castells Mercader,Valencia
Cubo de basura plástico,15.89,20,2026-01-02 00:00:00,María Dolores Jordán Taboada,Jaén
Pelota plástica,19.44,13,2025-07-06 00:00:00,Trini Aguilera Novoa,Málaga
Envase plástico,22.82,16,2025-07-05 00:00:00,Arcelia Codina-Piña,Zaragoza
Juguete de plástico,23.16,8,2026-01-11 00:00:00,Lucho Ramis Murcia,Zaragoza
Juguete de plástico,12.0,16,2025-07-06 00:00:00,Leopoldo Villegas Franco,Álava
Botella PET,3.57,16,2026-04-23 00:00:00,Eligio Peña,Palencia
Cubo de basura plástico,38.02,16,2026-04-24 00:00:00,Quique Jordán,Las Palmas
Cubo organizador,17.73,15,2026-03-01 00:00:00,Nicodemo del Matas,La Coruña
Pelota plástica,46.29,13,2025-11-03 00:00:00,Amelia Jordán Rosell,Guipúzcoa
Juguete de plástico,18.33,20,2025-06-09 00:00:00,Venceslás Adán-Teruel,Girona
Cubo organizador,16.71,18,2026-03-22 00:00:00,Eva María Frutos Miranda,Guadalajara
Cubo organizador,10.39,6,2025-10-04 00:00:00,Candelaria Leiva Soria,León
Cubo organizador,13.01,1,2026-03-18 00:00:00,José María Benavent Andrés,Granada
Envase plástico,19.37,3,2025-07-28 00:00:00,Cipriano Adalberto Linares Echevarría,Madrid
Botella PET,34.63,9,2026-04-05 00:00:00,Candelaria Martin Fernández,Cantabria
Tupper,43.19,17,2025-08-16 00:00:00,Mauricio de Toro,Navarra
Tupper,30.02,11,2025-11-28 00:00:00,Elvira Manjón Jaén,León
Cubo organizador,46.77,18,2025-08-27 00:00:00,Joan Cano Torrens,Sevilla
Envase plástico,10.47,20,2025-09-09 00:00:00,Vito Morillo Rosa,Melilla
Juguete de plástico,46.76,20,2026-01-25 00:00:00,Leyre Vendrell Coronado,Baleares
Pelota plástica,30.41,2,2025-08-20 00:00:00,Luciano Mínguez Sales,Santa Cruz de Tenerife
Tupper,22.0,7,2025-12-03 00:00:00,Elisa Múgica Tudela,Pontevedra
Utensilio de cocina plástico,48.38,4,2025-07-05 00:00:00,Francisco Ordóñez Falcó,Ciudad
Cubo organizador,45.54,15,2025-06-18 00:00:00,Antonio Carlos Villena,Zamora
Utensilio de cocina plástico,25.5,4,2025-09-22 00:00:00,Abilio Pozo,Baleares
Muñeco de plástico,39.87,10,2025-06-18 00:00:00,Maricela Bonet Aguiló,Santa Cruz de Tenerife
Utensilio de cocina plástico,20.13,4,2025-12-19 00:00:00,Jose Ramón Vilar Navas,Las Palmas
Botella PET,35.8,20,2026-01-05 00:00:00,Vera Gutiérrez,Vizcaya
Cubo de basura plástico,13.91,10,2025-10-03 00:00:00,Melania de Morán,Pontevedra
Muñeco de plástico,29.25,3,2025-08-23 00:00:00,Rodrigo Tejera Coll,Álava
Muñeco de plástico,41.36,3,2025-12-30 00:00:00,Candela Perea Nadal,Vizcaya
Pelota plástica,42.29,6,2025-07-27 00:00:00,Emigdio Juan Pablo Olmedo Almeida,Ciudad
Cubo de basura plástico,3.83,16,2025-07-08 00:00:00,África Adán-Pomares,León
Tupper,48.87,3,2026-05-05 00:00:00,Pancho Vara Mateu,Ourense
Cubo de basura plástico,7.41,7,2025-12-21 00:00:00,Melania Cabello Casal,Lugo
Utensilio de cocina plástico,7.55,2,2025-11-19 00:00:00,Victoriano Salcedo-Leal,Castellón
Botella PET,14.16,13,2025-07-05 00:00:00,Héctor Pomares Osorio,Navarra
Juguete de plástico,9.79,13,2025-11-23 00:00:00,Yago Machado Miranda,Murcia
Juguete de plástico,2.65,6,2026-05-17 00:00:00,Beatriz Sacristán-Ocaña,Baleares
Pelota plástica,22.12,13,2025-10-30 00:00:00,Román Vicens Roura,Pontevedra
Muñeco de plástico,41.18,19,2026-02-05 00:00:00,Jose Miguel Millán Álamo,Lleida
Cubo organizador,19.19,1,2025-12-08 00:00:00,Marcio de Segovia,Ávila
Botella PET,37.69,9,2026-04-08 00:00:00,Geraldo Bolaños,Huesca
Tupper,46.92,14,2026-03-24 00:00:00,Manola Marita Carbonell Falcón,Valencia
Pelota plástica,39.64,10,2026-03-08 00:00:00,Álvaro Requena Madrigal,Navarra
Tupper,18.69,12,2025-11-05 00:00:00,Jose Miguel Mora Macías,Guipúzcoa
Juguete de plástico,15.06,19,2025-12-20 00:00:00,Rico Cerdá Arnau,Córdoba
Silla plástica,41.56,20,2025-09-17 00:00:00,Jonatan Seco Gargallo,Valencia
Silla plástica,16.07,12,2026-05-05 00:00:00,Felipa Escolano Espada,Baleares
Cubo de basura plástico,2.6,15,2026-01-21 00:00:00,Marcelo Carvajal-Mur,Almería
Utensilio de cocina plástico,10.41,16,2025-08-31 00:00:00,Julie Purificación Cañizares Navarro,Córdoba
Pelota plástica,36.56,6,2025-07-22 00:00:00,Tiburcio del Zabaleta,Álava
Tupper,16.46,20,2025-05-29 00:00:00,Carmina Batalla Palacios,León
Tupper,45.45,11,2026-03-24 00:00:00,Epifanio Esteban Solsona,Toledo
Utensilio de cocina plástico,43.98,19,2026-04-21 00:00:00,Camila Amo Barbero,Cáceres
Envase plástico,13.2,18,2025-10-04 00:00:00,Sonia Andrés Cuevas,Álava
Tupper,1.33,4,2025-11-27 00:00:00,Reyna Mariño Bonilla,Ciudad
Silla plástica,21.34,13,2026-03-21 00:00:00,Isabela Castilla,Las Palmas
Cubo organizador,18.07,9,2025-12-13 00:00:00,Berto de Plana,Baleares
Botella PET,6.17,9,2025-06-12 00:00:00,Anunciación Ramis Falcón,León
Silla plástica,20.74,3,2026-04-12 00:00:00,Maura Pizarro Aller,Sevilla
Utensilio de cocina plástico,35.38,14,2025-12-18 00:00:00,Haroldo Font Tomas,Tarragona
Envase plástico,48.96,19,2025-12-07 00:00:00,Juan Antonio Celestino Simó Gimeno,Toledo
Botella PET,29.7,3,2026-03-17 00:00:00,Tito Caro Torrent,Cádiz
Silla plástica,16.88,2,2026-04-08 00:00:00,Damián Álvaro Fuentes,Valencia
Juguete de plástico,34.21,18,2025-12-13 00:00:00,Plácido Espinosa Font,Guipúzcoa
Tupper,15.35,11,2025-07-30 00:00:00,Pascual Tudela Armengol,Ourense
Juguete de plástico,19.84,4,2025-05-28 00:00:00,Águeda López Sandoval,La Rioja
Muñeco de plástico,3.18,7,2025-07-02 00:00:00,Isaac Lobo,Almería
Envase plástico,43.53,10,2026-03-27 00:00:00,Telmo Rico Francisco Duran,Huesca
Juguete de plástico,8.74,1,2026-02-11 00:00:00,Valero España-Pons,Zaragoza
Silla plástica,18.52,11,2025-08-06 00:00:00,Efraín Carrillo Raya,Álava
Juguete de plástico,45.66,19,2026-01-28 00:00:00,Chema Cruz Andres,Ceuta
Pelota plástica,49.04,15,2026-03-17 00:00:00,Bernarda Mármol Gelabert,Girona
Cubo de basura plástico,4.1,6,2026-03-14 00:00:00,Maribel Gilabert,Cáceres
Cubo organizador,9.59,14,2025-06-01 00:00:00,Marcelino Segura Valls,Vizcaya
Tupper,8.74,15,2026-03-21 00:00:00,Fulgencio Pastor Pablo,Vizcaya
Utensilio de cocina plástico,24.04,10,2026-04-22 00:00:00,Osvaldo Botella-Lucas,Santa Cruz de Tenerife
Pelota plástica,25.68,1,2026-04-06 00:00:00,Artemio Ferrándiz Segarra,Ávila
Envase plástico,14.77,11,2026-03-10 00:00:00,Abilio Flor,Córdoba
Juguete de plástico,49.93,12,2025-07-31 00:00:00,Leonor Yaiza Castro Diez,Alicante
Utensilio de cocina plástico,2.54,13,2026-05-22 00:00:00,Mamen del Silva,Madrid
Tupper,6.5,20,2025-09-12 00:00:00,Édgar Ambrosio Larrañaga Comas,Toledo
Juguete de plástico,24.77,20,2026-01-24 00:00:00,Lucio Pedraza,Lleida
Juguete de plástico,49.07,1,2026-03-14 00:00:00,Apolinar Andrés Rovira,Soria
Silla plástica,33.16,1,2026-01-03 00:00:00,Agustín Campos Pérez,Guadalajara
Cubo organizador,22.04,8,2026-04-30 00:00:00,Victoriano Julián,Albacete
Tupper,17.9,3,2026-01-13 00:00:00,Gerónimo Pagès Caballero,Guipúzcoa
Tupper,21.34,8,2026-03-09 00:00:00,Martirio Robles Gómez,Cáceres
Cubo de basura plástico,40.29,11,2026-01-21 00:00:00,Jeremías Francisco López,Soria
Juguete de plástico,8.97,4,2026-01-12 00:00:00,Geraldo del Ferreras,Pontevedra
Tupper,28.69,14,2026-04-10 00:00:00,Luciana Bautista Figuerola,Soria
Utensilio de cocina plástico,14.24,2,2026-05-26 00:00:00,Rodolfo Amor,Granada
Muñeco de plástico,31.15,12,2025-10-01 00:00:00,Pastora Osuna Rueda,Ourense
Tupper,18.91,1,2025-05-31 00:00:00,Flora Nuñez Bilbao,Girona
Cubo de basura plástico,22.54,5,2025-10-06 00:00:00,Cloe Méndez Español,Melilla
Pelota plástica,6.39,7,2026-02-14 00:00:00,Isabel Verónica Coronado Costa,Badajoz
Tupper,12.08,18,2025-08-23 00:00:00,Charo Duran Marcos,Murcia
Pelota plástica,13.33,7,2025-06-10 00:00:00,Elías Corbacho Alcántara,Valencia
Tupper,31.01,9,2025-11-24 00:00:00,Eligia Amor,Navarra
Cubo organizador,28.39,14,2025-07-30 00:00:00,Belén Calvo Camps,Sevilla
Muñeco de plástico,44.04,3,2026-02-26 00:00:00,Teodoro Seco Echeverría,Guipúzcoa
Utensilio de cocina plástico,29.62,16,2025-09-18 00:00:00,Eva María Maldonado Higueras,Pontevedra
Muñeco de plástico,43.56,12,2025-06-24 00:00:00,Ulises Darío Toledo Borrás,Murcia
Muñeco de plástico,49.03,9,2026-03-17 00:00:00,Esther Pastor Pi,Valencia
Utensilio de cocina plástico,2.35,5,2025-07-04 00:00:00,Juan Manuel Morell Hierro,Badajoz
Muñeco de plástico,9.28,9,2025-12-01 00:00:00,Jacinto Borrell-Batlle,Teruel
Utensilio de cocina plástico,38.15,14,2025-11-22 00:00:00,Nieves Esteve-Marco,Cuenca
Juguete de plástico,29.34,8,2026-01-13 00:00:00,Raquel Llorens,Sevilla
Botella PET,25.13,8,2025-12-30 00:00:00,Rufina Hernandez-Gordillo,Valencia
Muñeco de plástico,46.62,15,2026-05-12 00:00:00,Nazario Reina-Oliva,Teruel
Cubo organizador,28.42,3,2026-03-11 00:00:00,Ámbar Nicolau Alcalá,Castellón
Botella PET,12.41,1,2026-01-06 00:00:00,Onofre Cerdá Corominas,Guipúzcoa
Silla plástica,11.78,12,2026-04-30 00:00:00,Fortunato Vigil Lopez,Álava
Cubo organizador,24.93,13,2025-10-25 00:00:00,Norberto Tito Quirós Barriga,Ourense
Envase plástico,28.05,13,2026-02-19 00:00:00,Modesta Martín-Gálvez,Teruel
Cubo organizador,2.01,4,2026-04-14 00:00:00,Reinaldo Cantero Pintor,Badajoz
Tupper,7.72,9,2026-02-08 00:00:00,Eloísa Agustín-Mayol,Valencia
Cubo organizador,26.9,4,2026-05-19 00:00:00,Dorotea Delgado Miranda,Zamora
Muñeco de plástico,12.63,7,2026-04-17 00:00:00,Lidia Planas,Castellón
Muñeco de plástico,12.96,6,2026-01-24 00:00:00,Salomón de Tovar,La Coruña
Cubo organizador,44.08,19,2025-06-06 00:00:00,Sara Mancebo,Lugo
Botella PET,8.96,16,2025-12-14 00:00:00,Dimas Jonatan Acevedo Pont,Tarragona
Envase plástico,37.79,3,2026-01-23 00:00:00,Purificación Carrera Ferrando,Ciudad
Botella PET,5.15,5,2025-09-30 00:00:00,Hernán del Carmona,Ourense
Cubo de basura plástico,49.39,14,2025-08-21 00:00:00,Demetrio Viña-Corral,Soria
Envase plástico,42.95,8,2025-09-05 00:00:00,Lina Roldán Clemente,Zamora
Cubo organizador,49.03,8,2025-09-26 00:00:00,Irene Berrocal Cabrero,Valencia
Pelota plástica,19.87,12,2026-03-25 00:00:00,Erasmo Coca Carlos,Tarragona
Envase plástico,44.75,17,2025-08-13 00:00:00,Manu Ripoll,Alicante
Botella PET,26.72,15,2026-04-17 00:00:00,Gil Ureña-Manzanares,Burgos
Pelota plástica,34.48,7,2025-06-10 00:00:00,Soraya de Bellido,Almería
Cubo de basura plástico,10.29,2,2026-04-05 00:00:00,Guadalupe Doménech,Salamanca
Pelota plástica,40.7,17,2025-05-27 00:00:00,Toni Salcedo Alcalá,Zaragoza
Pelota plástica,11.41,14,2025-12-23 00:00:00,Jessica de Fabregat,Ávila
Silla plástica,40.09,11,2026-04-28 00:00:00,Emma Abigaíl Palomino Paz,Málaga
Muñeco de plástico,1.04,11,2026-03-22 00:00:00,Aránzazu Josefina Manzano Crespi,Navarra
Muñeco de plástico,15.36,15,2026-03-04 00:00:00,Lara Ruano Arévalo,Baleares
Tupper,24.44,18,2026-02-18 00:00:00,Joaquín Peinado Mulet,Toledo
Tupper,11.03,20,2025-11-05 00:00:00,Anastasia del Pedro,Ourense
Utensilio de cocina plástico,7.0,7,2025-07-22 00:00:00,Isaura Ayala Tomas,Granada
Utensilio de cocina plástico,7.94,4,2026-04-07 00:00:00,Chema Montoya Solana,Guipúzcoa
Muñeco de plástico,14.14,12,2025-09-12 00:00:00,Prudencia Palacio Posada,Ourense
Utensilio de cocina plástico,2.58,19,2026-01-02 00:00:00,Isaac Alcántara,Vizcaya
Silla plástica,41.67,9,2025-08-23 00:00:00,Raimundo Flor Arias,Navarra
Tupper,20.47,14,2026-05-06 00:00:00,Fabiola Cuéllar Rey,León
Cubo de basura plástico,36.71,1,2025-10-15 00:00:00,Ignacia Rocha Exposito,Soria
Pelota plástica,11.32,1,2026-02-04 00:00:00,Lupe Contreras Isern,Badajoz
Tupper,30.58,12,2025-08-27 00:00:00,Teresa Comas Casares,Soria
Cubo organizador,28.62,10,2025-06-04 00:00:00,Jessica Ruano,Las Palmas
Botella PET,39.36,15,2025-11-23 00:00:00,Gerónimo Peñalver Roura,Alicante
Muñeco de plástico,12.67,6,2026-03-22 00:00:00,Maribel Uriarte Peñas,Valladolid
Tupper,3.92,14,2026-02-04 00:00:00,Abril Abellán,Albacete
Juguete de plástico,32.16,5,2025-09-11 00:00:00,Ana Belén Alcántara Bernad,Asturias
Cubo organizador,18.55,3,2025-09-18 00:00:00,Encarna de Mendez,Baleares
Botella PET,4.45,17,2026-04-09 00:00:00,Albino Criado Valencia,Toledo
Tupper,44.81,8,2026-02-01 00:00:00,Adela Marco Iniesta,Sevilla
Envase plástico,24.34,3,2025-06-08 00:00:00,Epifanio Mancebo-Marquez,Cuenca
Juguete de plástico,37.93,10,2026-02-08 00:00:00,Edgardo del Recio,León
Pelota plástica,45.85,3,2025-11-19 00:00:00,Isaac Garay Badía,Tarragona
Botella PET,27.1,11,2025-10-05 00:00:00,Pascuala Arana Marti,Badajoz
Botella PET,28.07,2,2025-10-22 00:00:00,Ale Checa Soria,Guadalajara
Pelota plástica,37.63,8,2026-01-28 00:00:00,Eli Alegria Tejedor,Cantabria
Juguete de plástico,31.92,3,2025-10-04 00:00:00,Lucía Montero Peralta,Jaén
Tupper,14.24,1,2026-05-21 00:00:00,Chus Gomez Gomis,Ciudad
Utensilio de cocina plástico,39.75,9,2025-08-02 00:00:00,Purificación Barroso Oliver,Cáceres
Envase plástico,1.58,2,2025-08-21 00:00:00,Ariel Rufina Granados Bejarano,Valencia
Pelota plástica,1.36,8,2026-04-27 00:00:00,Glauco Quesada Vega,Navarra
Silla plástica,34.62,14,2025-06-21 00:00:00,Macario Bolaños Casanovas,Cuenca
Utensilio de cocina plástico,21.07,17,2025-10-20 00:00:00,Olegario Requena Mayol,La Rioja
Botella PET,30.59,16,2026-05-01 00:00:00,Juan Manuel Paz Herrera,Guadalajara
Cubo organizador,2.61,13,2025-12-22 00:00:00,Maximiano Torrecilla Campoy,Valencia
Utensilio de cocina plástico,33.14,17,2026-03-03 00:00:00,Leopoldo Molins Noriega,Salamanca
Pelota plástica,26.58,4,2025-12-07 00:00:00,Aarón Álamo Villa,Badajoz
Silla plástica,44.57,8,2025-10-06 00:00:00,Aránzazu Abella Gilabert,Ciudad
Tupper,23.95,6,2025-07-01 00:00:00,Nadia Palau-Noguera,Madrid
Tupper,37.03,6,2025-12-09 00:00:00,Octavio Anguita Cánovas,Huesca
Pelota plástica,40.2,5,2026-05-06 00:00:00,Fito Sancho Soler,Teruel
Pelota plástica,9.98,19,2025-11-22 00:00:00,Margarita Baños Miralles,Girona
Silla plástica,46.24,18,2025-09-04 00:00:00,Segismundo Benito Mascaró,Cádiz
Cubo de basura plástico,33.96,12,2025-07-06 00:00:00,Lola Esteve Ojeda,Teruel
Botella PET,31.52,18,2025-11-04 00:00:00,Manu del Bastida,Álava
Muñeco de plástico,37.52,9,2025-12-05 00:00:00,José Ángel del Jáuregui,Navarra
Muñeco de plástico,19.5,7,2026-05-12 00:00:00,Juan Luis Giralt Cordero,La Coruña
Cubo organizador,27.91,11,2025-10-15 00:00:00,Tiburcio Marin,Toledo
Envase plástico,27.16,8,2026-02-03 00:00:00,Graciana Palacios Ibáñez,Sevilla
Muñeco de plástico,39.16,12,2025-11-05 00:00:00,Chus Mata Tello,Badajoz
Cubo de basura plástico,23.0,14,2026-02-27 00:00:00,Zaida Vila Patiño,Vizcaya
Silla plástica,25.35,8,2025-09-16 00:00:00,Lina Florencia Salvà Sáez,Almería
Envase plástico,12.95,14,2026-01-20 00:00:00,Eutimio Cantón Estévez,Cuenca
Juguete de plástico,45.72,7,2025-06-05 00:00:00,Eladio Martorell Pintor,Valladolid
Tupper,6.03,17,2025-12-04 00:00:00,Mariana Cabo-Palma,Girona
Utensilio de cocina plástico,49.85,17,2025-06-25 00:00:00,Roldán Frutos Cuadrado,Salamanca
Cubo organizador,1.81,4,2026-01-12 00:00:00,Roldán Lopez Río,Cáceres
Muñeco de plástico,19.64,6,2026-03-28 00:00:00,Tatiana Sureda Mora,Barcelona
Pelota plástica,47.37,1,2025-08-18 00:00:00,Fito Mateu Correa,Valladolid
Muñeco de plástico,38.62,10,2025-10-30 00:00:00,Brígida Segura Saldaña,Murcia
Cubo de basura plástico,37.9,5,2026-02-08 00:00:00,Maribel del Miralles,Valladolid
Botella PET,24.68,4,2026-02-28 00:00:00,Ale del Campoy,Lugo
Juguete de plástico,19.91,20,2025-06-11 00:00:00,Eric Neira Estévez,Alicante
Cubo de basura plástico,5.57,4,2025-08-04 00:00:00,Toño Ramis Luz,Zamora
Muñeco de plástico,46.77,11,2026-04-06 00:00:00,Patricia Bolaños Olivares,Ceuta
Utensilio de cocina plástico,2.88,9,2026-01-04 00:00:00,Gabriel Arco Piñeiro,Ourense
Envase plástico,23.63,12,2026-05-07 00:00:00,José Marco Riera,Córdoba
Botella PET,22.96,19,2026-05-17 00:00:00,Toño Rios Crespi,Ceuta
Cubo de basura plástico,49.44,14,2025-06-21 00:00:00,Óscar Palomo Carrión,Las Palmas
Utensilio de cocina plástico,47.22,20,2026-01-18 00:00:00,Ceferino Palomares Amador,Guadalajara
Cubo de basura plástico,43.82,7,2026-05-02 00:00:00,Ciriaco Ibán Gimenez Canales,Málaga
Utensilio de cocina plástico,12.42,7,2026-01-29 00:00:00,Eduardo Solé-Rocamora,Zaragoza
Tupper,27.86,2,2025-09-15 00:00:00,Hipólito Galvez,Madrid
Utensilio de cocina plástico,25.1,12,2025-08-22 00:00:00,Rafael Jose Ramón Garay Mayo,Lugo
Envase plástico,14.38,20,2025-07-09 00:00:00,Pascual de Pujol,Huelva
Cubo organizador,14.21,8,2025-09-08 00:00:00,Filomena Lucas Clemente,Vizcaya
Cubo de basura plástico,20.85,1,2026-01-21 00:00:00,Eloy Canales Camacho,Huelva
Juguete de plástico,2.2,12,2025-09-22 00:00:00,Clotilde Alfonso Viña,Valencia
Tupper,21.64,12,2025-11-09 00:00:00,Trini Morillo Abril,Sevilla
Utensilio de cocina plástico,36.17,9,2026-04-09 00:00:00,Sarita Clementina Amor Patiño,Murcia
Juguete de plástico,35.7,7,2026-04-13 00:00:00,Balduino Jorge Galiano Capdevila,Toledo
Cubo de basura plástico,4.3,6,2025-12-23 00:00:00,Azeneth Ferrando Benitez,Barcelona
Utensilio de cocina plástico,1.73,11,2026-05-23 00:00:00,Anastasio Manjón Osorio,Pontevedra
Muñeco de plástico,5.66,4,2026-01-17 00:00:00,Amanda Arnal González,Cantabria
Utensilio de cocina plástico,25.3,6,2025-11-12 00:00:00,Socorro Goicoechea Flores,Vizcaya
Tupper,35.9,3,2026-01-14 00:00:00,Felipa Nogués-Rojas,Zaragoza
Silla plástica,31.87,7,2025-10-16 00:00:00,Gerónimo Tovar Marquez,La Rioja
Cubo organizador,8.8,3,2025-12-08 00:00:00,Pía Chico-Martín,Baleares
Envase plástico,46.94,1,2025-08-04 00:00:00,Rolando Aliaga Blazquez,León
Cubo organizador,8.54,14,2025-11-12 00:00:00,Omar Julio Fuentes Poza,Barcelona
Envase plástico,23.4,12,2025-07-06 00:00:00,Régulo Román Samper,Ceuta
Utensilio de cocina plástico,35.48,4,2026-05-23 00:00:00,Alonso Salmerón,Barcelona
Silla plástica,42.44,12,2025-05-28 00:00:00,Berta María Manuela Valenzuela Roldan,Cádiz
Envase plástico,16.47,2,2026-05-14 00:00:00,Adelia Leal Prat,Huelva
Botella PET,22.89,11,2025-11-15 00:00:00,Celestina Chita Campo Salazar,Valencia
Pelota plástica,13.16,17,2025-12-09 00:00:00,Rufina Moya Agustín,Valladolid
Utensilio de cocina plástico,26.58,18,2026-05-06 00:00:00,Matilde Gálvez,Valencia
Cubo de basura plástico,47.42,1,2026-03-12 00:00:00,Matías Miranda Ferrera,Sevilla
Envase plástico,9.62,12,2025-07-18 00:00:00,Rosa María Benet Llano,Valladolid
Silla plástica,49.06,3,2026-01-15 00:00:00,Carmelo Gutierrez Paz,La Coruña
Botella PET,42.43,20,2026-04-10 00:00:00,Sabas Cesar Mata Casado,Barcelona
Botella PET,5.75,7,2026-03-03 00:00:00,Anacleto Benavides Serna,Málaga
Tupper,14.3,1,2026-05-01 00:00:00,Hermenegildo Diego Redondo,Ávila
Muñeco de plástico,44.68,6,2026-01-02 00:00:00,Esther Salcedo Portero,Lleida
Cubo de basura plástico,8.99,8,2025-08-23 00:00:00,Julie Báez-Fuente,Girona
Silla plástica,39.48,11,2025-10-08 00:00:00,Jose Ignacio Puga Valle,Madrid
Tupper,20.38,9,2025-10-05 00:00:00,Carlota Tur-Goicoechea,Málaga
Utensilio de cocina plástico,6.29,9,2025-09-25 00:00:00,Matías de Piñol,Teruel
Tupper,45.02,8,2025-07-05 00:00:00,Estefanía Hervia Quero,Pontevedra
Botella PET,38.54,12,2025-09-06 00:00:00,Ariadna Vila Lastra,Ávila
Cubo organizador,37.45,11,2026-03-03 00:00:00,Silvia Concha Gomez Castellanos,Las Palmas
Botella PET,26.37,7,2026-05-16 00:00:00,Juanito Viñas Folch,Murcia
Envase plástico,42.6,12,2025-12-14 00:00:00,Ximena Balaguer Pazos,Tarragona
Muñeco de plástico,8.79,11,2025-12-01 00:00:00,Alfonso Gaya Amor,Ávila
Botella PET,15.65,4,2026-05-07 00:00:00,María Teresa Múñiz Ojeda,Castellón
Utensilio de cocina plástico,37.56,9,2026-02-09 00:00:00,Lupe Padilla Zaragoza,Álava
Tupper,17.03,16,2025-09-19 00:00:00,Lupita Soto Araujo,Asturias
Utensilio de cocina plástico,8.77,6,2025-06-29 00:00:00,Vidal Castell Oliver,Soria
Silla plástica,42.7,5,2025-07-21 00:00:00,Ruperto Sureda Pizarro,Sevilla
Muñeco de plástico,22.16,11,2026-02-19 00:00:00,Armida Urrutia Diego,Tarragona
Envase plástico,36.39,3,2025-08-31 00:00:00,Nando Olmo Torrijos,Asturias
Utensilio de cocina plástico,19.36,13,2025-06-22 00:00:00,Lupita Infante Urrutia,Zamora
Tupper,27.85,13,2026-01-01 00:00:00,Antonia Mas Montalbán,Zamora
Tupper,28.56,1,2025-09-07 00:00:00,Evita Busquets Terrón,Baleares
Botella PET,32.39,12,2026-02-04 00:00:00,Ariadna de Sacristán,Barcelona
Cubo organizador,43.31,20,2025-12-16 00:00:00,Amando Grau Armengol,Granada
Cubo de basura plástico,49.23,14,2026-04-28 00:00:00,Anastasia Dulce Menéndez Espada,Burgos
Utensilio de cocina plástico,18.15,3,2025-12-29 00:00:00,Tomasa Llorens Amaya,Alicante
Muñeco de plástico,35.08,3,2025-09-14 00:00:00,José Folch Santos,Albacete
Cubo de basura plástico,20.66,4,2025-06-24 00:00:00,Trini Costa Solana,Pontevedra
Envase plástico,6.38,20,2025-08-08 00:00:00,Clara de Pascual,Zaragoza
Utensilio de cocina plástico,1.92,4,2026-04-28 00:00:00,Olivia Marín-Pinedo,Asturias
Utensilio de cocina plástico,17.73,16,2026-01-21 00:00:00,Trinidad Baeza Escudero,Castellón
Silla plástica,11.31,18,2025-06-07 00:00:00,Rafa Hernando Cabello,León
Utensilio de cocina plástico,43.79,17,2025-08-07 00:00:00,Goyo Aller,Ceuta
Tupper,37.93,4,2025-08-16 00:00:00,Natanael Soriano Zurita,Valencia
Utensilio de cocina plástico,20.25,15,2025-06-26 00:00:00,Jonatan Manrique Mulet,Ourense
Utensilio de cocina plástico,12.1,1,2025-09-10 00:00:00,Moreno Cruz Estrada,Cantabria
Silla plástica,43.36,19,2025-06-12 00:00:00,Carlota de Castell,Teruel
Utensilio de cocina plástico,21.3,2,2026-03-31 00:00:00,Camila Gabriela Francisco Rocamora,Málaga
Muñeco de plástico,18.15,15,2025-09-09 00:00:00,Teobaldo Pedraza García,Baleares
Muñeco de plástico,17.92,13,2026-01-25 00:00:00,Sabas Jose Carlos Larrea Blanch,Madrid
Silla plástica,20.75,5,2026-01-20 00:00:00,Hipólito Arroyo,Alicante
Muñeco de plástico,5.31,4,2025-07-31 00:00:00,Nilda Marti Jurado,Huelva
Botella PET,5.65,4,2025-12-18 00:00:00,Eli del Galán,Melilla
Juguete de plástico,24.96,12,2025-10-30 00:00:00,Calisto García Aparicio,Santa Cruz de Tenerife
Pelota plástica,12.3,3,2025-06-07 00:00:00,Lina Manjón Posada,Melilla
Silla plástica,49.44,12,2025-10-18 00:00:00,Diana Planas Torres,Cantabria
Pelota plástica,13.03,13,2025-08-10 00:00:00,Cruz Gargallo Terrón,Barcelona
Envase plástico,15.74,20,2026-04-16 00:00:00,Lina Bárcena Martorell,Badajoz
Silla plástica,40.04,1,2026-04-15 00:00:00,Leonel Moles Alegria,Tarragona
Cubo organizador,33.45,19,2026-05-10 00:00:00,Quirino Villanueva Perera,Ceuta
Pelota plástica,40.51,20,2026-03-01 00:00:00,Daniel Iriarte Rozas,Jaén
Silla plástica,3.61,3,2025-07-21 00:00:00,Ramón Doménech,Lleida
Silla plástica,47.29,16,2026-04-22 00:00:00,Evelia Albero Rodrigo,Lleida
Juguete de plástico,44.0,10,2025-08-29 00:00:00,Adolfo Roig Díaz,Sevilla
Juguete de plástico,42.24,4,2026-01-17 00:00:00,Rosaura de Coronado,Soria
Juguete de plástico,49.39,12,2025-07-29 00:00:00,María Del Carmen Claudia Rodrigo Moya,Cáceres
Botella PET,16.07,19,2025-12-22 00:00:00,Visitación Uriarte Fabra,Cantabria
Cubo organizador,29.14,3,2025-09-11 00:00:00,Néstor Alvarez Izaguirre,Jaén
Juguete de plástico,27.17,4,2025-07-20 00:00:00,Heriberto Gargallo Puig,Asturias
Botella PET,10.92,9,2026-02-01 00:00:00,Ezequiel Tenorio Vallejo,Girona
Silla plástica,37.27,1,2025-06-17 00:00:00,Yolanda de Gascón,Guipúzcoa
Envase plástico,8.03,1,2025-10-18 00:00:00,Cloe Cánovas Varela,Barcelona
Muñeco de plástico,13.83,3,2026-02-13 00:00:00,Camilo Mayol Quirós,Guadalajara
Cubo de basura plástico,30.08,10,2025-08-08 00:00:00,Teodoro Nicolás Puerta,Tarragona
Envase plástico,30.9,8,2026-03-09 00:00:00,Bernardino Gil Ruiz,Jaén
Envase plástico,46.14,7,2025-06-11 00:00:00,Leonel Mena Lamas,Ourense
Envase plástico,28.01,20,2026-04-20 00:00:00,Camilo Fernández Guerra,Cádiz
Muñeco de plástico,24.66,5,2025-10-31 00:00:00,Andrés Alcázar Montenegro,Salamanca
Botella PET,18.25,13,2026-02-19 00:00:00,Ainoa Laguna Jordán,Salamanca
Envase plástico,49.23,7,2026-04-09 00:00:00,Hilda Arnal-Albero,Valladolid
Botella PET,2.24,16,2026-01-08 00:00:00,Curro Cózar-Castro,Ourense
Tupper,37.05,11,2025-11-03 00:00:00,Félix Pinilla Nadal,Huelva
Botella PET,3.57,11,2026-01-23 00:00:00,Máxima Vergara-Vaquero,Asturias
Pelota plástica,33.65,11,2025-10-23 00:00:00,Renato Castilla Salgado,León
Juguete de plástico,12.26,5,2025-09-06 00:00:00,Tristán Esteban Sandoval,Girona
Cubo de basura plástico,24.46,17,2026-05-10 00:00:00,Marcia Alberdi,Vizcaya
Juguete de plástico,4.96,15,2026-04-04 00:00:00,Heriberto Peña Barceló,Cádiz
Juguete de plástico,43.99,2,2025-09-28 00:00:00,Xiomara Duarte Aguirre,Palencia
Pelota plástica,22.1,12,2026-03-13 00:00:00,Edmundo Corominas,Jaén
Silla plástica,36.02,3,2026-05-14 00:00:00,Dionisia Cordero-Silva,Barcelona
Cubo de basura plástico,30.6,3,2026-03-29 00:00:00,María Oliver-Quesada,Pontevedra
Muñeco de plástico,33.77,17,2025-12-17 00:00:00,Inés Esparza,Melilla
Botella PET,20.05,4,2025-06-20 00:00:00,Wálter Julián Cuenca Herranz,Cádiz
Cubo de basura plástico,3.34,17,2025-11-24 00:00:00,Ricarda Aguilera Amador,Guadalajara
Silla plástica,27.4,6,2025-12-14 00:00:00,Griselda Ripoll Sarmiento,León
Pelota plástica,6.55,6,2025-09-11 00:00:00,Julián Victorino Ariza Castells,Guadalajara
Botella PET,16.89,12,2025-06-06 00:00:00,Gema Rosa Fortuny Pinedo,Pontevedra
Envase plástico,23.1,3,2026-05-07 00:00:00,Concha Sosa,Cáceres
Cubo de basura plástico,20.53,20,2025-05-29 00:00:00,Chuy Pardo Roselló,Zaragoza
Botella PET,31.69,20,2025-06-17 00:00:00,Cristian Ramón-Pinilla,Almería
Pelota plástica,40.39,4,2026-03-06 00:00:00,Celestino Guijarro Acero,Sevilla
Silla plástica,35.85,1,2026-04-20 00:00:00,Teresita Salmerón Almazán,Cantabria
Pelota plástica,47.85,16,2025-10-26 00:00:00,María Pilar de Cruz,Palencia
Silla plástica,41.23,14,2026-05-03 00:00:00,Alfredo Moreno,Albacete
Tupper,37.29,19,2026-03-06 00:00:00,Bautista Porfirio Riquelme Carpio,Guadalajara
Muñeco de plástico,21.16,12,2025-08-11 00:00:00,Fortunata Benigna Mariño Maestre,Lugo
Envase plástico,27.84,3,2026-01-27 00:00:00,Luz de Piñeiro,Baleares
Botella PET,20.58,14,2026-04-30 00:00:00,Feliciano Vizcaíno Peñas,Salamanca
Utensilio de cocina plástico,17.21,14,2025-06-01 00:00:00,Angelita Barriga Monreal,Tarragona
Silla plástica,29.02,19,2026-02-14 00:00:00,Herminio Girona Carvajal,Álava
Tupper,20.27,7,2025-12-14 00:00:00,Remedios Pérez,Segovia
Silla plástica,11.82,6,2026-01-06 00:00:00,Pánfilo Prado Manuel,Asturias
Tupper,8.09,20,2025-07-23 00:00:00,Raúl de Egea,Cádiz
Utensilio de cocina plástico,45.05,9,2025-11-18 00:00:00,Salomón Diez Carbó,Huesca
Pelota plástica,22.64,5,2026-03-10 00:00:00,Lucio Vergara Marqués,Girona
Muñeco de plástico,33.71,16,2026-04-26 00:00:00,Susana Rivera Piquer,Sevilla
Botella PET,9.58,20,2025-10-27 00:00:00,Eli Beltran Lladó,Teruel
Utensilio de cocina plástico,48.02,11,2026-03-30 00:00:00,Claudio Echeverría Cabeza,Barcelona
Juguete de plástico,46.5,2,2025-07-30 00:00:00,Marcia Posada Rios,León
Utensilio de cocina plástico,14.37,7,2026-05-08 00:00:00,Lola Esteve Zorrilla,Cáceres
Utensilio de cocina plástico,25.19,16,2026-04-13 00:00:00,Graciana Ríos-Sabater,Tarragona
Envase plástico,21.39,9,2026-05-21 00:00:00,Fermín Blanch Sancho,Jaén
Cubo organizador,1.55,17,2025-12-05 00:00:00,Mónica Iglesias Cabrero,Málaga
Pelota plástica,25.83,20,2026-04-26 00:00:00,Eustaquio Marcos Arroyo,Guipúzcoa
Tupper,25.12,16,2025-06-01 00:00:00,Feliciana Santos Cano,León
Cubo organizador,30.63,10,2025-07-13 00:00:00,Agustín del Lillo,Toledo
Juguete de plástico,23.33,6,2025-11-10 00:00:00,Lino del Montesinos,Palencia
Silla plástica,42.36,17,2026-04-06 00:00:00,Mireia Jerez Collado,León
Pelota plástica,41.75,18,2025-10-30 00:00:00,Juan Arrieta Gutiérrez,Jaén
Envase plástico,33.21,15,2026-03-06 00:00:00,Rosaura Torre Gutiérrez,Salamanca
Muñeco de plástico,19.77,3,2026-02-02 00:00:00,Dimas Varela Salamanca,Sevilla
Tupper,11.09,8,2026-03-05 00:00:00,Atilio Uribe-Velázquez,Zamora
Cubo de basura plástico,1.06,3,2025-08-05 00:00:00,Primitivo Guillermo Sosa Bayo,Zaragoza
Juguete de plástico,18.26,11,2025-08-08 00:00:00,Vinicio Talavera Vilar,Alicante
Muñeco de plástico,4.11,16,2026-04-02 00:00:00,Bernabé Roma Fuente,Girona
Botella PET,24.67,6,2025-11-24 00:00:00,Ariel Hervás Gargallo,Girona
Silla plástica,15.74,12,2026-03-16 00:00:00,Vanesa Arias Céspedes,Lleida
Muñeco de plástico,16.75,3,2025-08-23 00:00:00,Rosario Pellicer Carvajal,La Rioja
Muñeco de plástico,19.75,6,2025-10-03 00:00:00,Marcos Mateos Arias,Cuenca
Cubo organizador,26.8,17,2025-08-06 00:00:00,Ángeles Silva-Amigó,Pontevedra
Cubo organizador,17.79,4,2025-12-16 00:00:00,Amador Hernán Bustos Salvà,Salamanca
Cubo de basura plástico,45.79,15,2026-03-18 00:00:00,Luís Lorenzo Morán,Cádiz
Tupper,8.04,18,2026-05-16 00:00:00,Leandro Bolaños-Benavente,Almería
Juguete de plástico,6.91,16,2025-08-26 00:00:00,Abril Verdejo Valentín,Sevilla
Muñeco de plástico,17.31,13,2026-02-11 00:00:00,Lupita Alba Córdoba,Valencia
Envase plástico,28.13,15,2025-11-25 00:00:00,Mateo de Rojas,Baleares
Envase plástico,10.78,20,2026-01-16 00:00:00,Joaquín Aitor Roldan Salamanca,Castellón
Silla plástica,11.21,1,2025-06-12 00:00:00,Leocadio Aguirre Montalbán,Valladolid
Silla plástica,15.47,2,2026-04-20 00:00:00,Pía Egea Rey,Valladolid
Cubo organizador,31.92,11,2026-02-21 00:00:00,Adelina María Del Carmen Tenorio Serra,Tarragona
Cubo organizador,25.73,11,2025-07-16 00:00:00,Gloria Navarrete Carballo,Soria
Botella PET,26.06,16,2025-07-12 00:00:00,Roxana Yáñez Fuentes,Soria
Silla plástica,43.5,11,2026-04-29 00:00:00,Victorino Lloret Montserrat,Córdoba
Pelota plástica,20.85,19,2026-05-15 00:00:00,Estefanía Acosta Téllez,Pontevedra
Cubo organizador,29.23,5,2025-07-16 00:00:00,Isabel Vilanova Burgos,Huesca
Tupper,15.62,6,2025-12-27 00:00:00,Macarena Quintero-Alemany,Las Palmas
Juguete de plástico,22.97,16,2025-09-09 00:00:00,Leticia Arévalo-Donoso,Ávila
Botella PET,3.27,14,2025-09-27 00:00:00,Edmundo Norberto Aramburu Trillo,Cádiz
Juguete de plástico,37.01,5,2025-05-27 00:00:00,Américo Beltran Bravo,Alicante
Pelota plástica,30.79,18,2025-12-04 00:00:00,Fabián Marino Ribes Verdugo,Alicante
Cubo organizador,10.87,5,2026-02-04 00:00:00,Ruth Miralles Arcos,Cantabria
Tupper,19.18,5,2026-02-13 00:00:00,Teresita Josefa Iglesia Corral,Tarragona
Silla plástica,7.64,16,2025-10-16 00:00:00,Prudencia Llanos Santamaría,Toledo
Pelota plástica,15.39,14,2026-03-09 00:00:00,Mar Mas Arroyo,Castellón
Cubo de basura plástico,19.16,3,2025-12-23 00:00:00,Yaiza Carmen Palau Dominguez,Pontevedra
Muñeco de plástico,21.32,7,2026-01-22 00:00:00,Olimpia Roma Garrido,Badajoz
Juguete de plástico,20.8,16,2025-12-20 00:00:00,Jennifer de Falcó,Guipúzcoa
Pelota plástica,16.19,7,2025-06-28 00:00:00,Malena Cisneros Riera,Lugo
Botella PET,15.09,11,2026-03-04 00:00:00,Julio César Noguera Riera,Almería
Envase plástico,29.75,5,2025-11-17 00:00:00,Serafina del Montenegro,Barcelona
Pelota plástica,33.83,11,2025-06-13 00:00:00,Nicanor Burgos,Guadalajara
Pelota plástica,22.64,20,2025-06-07 00:00:00,Maximino Prats Carro,Teruel
Envase plástico,11.76,3,2025-07-04 00:00:00,Sandalio Coronado Andrade,Ceuta
Muñeco de plástico,29.99,9,2025-07-19 00:00:00,Heraclio Solís,Madrid
Silla plástica,2.93,10,2026-03-23 00:00:00,Paula Elorza Figueras,Zaragoza
Juguete de plástico,17.06,20,2025-06-23 00:00:00,Ovidio Montoya-Lastra,Murcia
Muñeco de plástico,37.08,20,2026-05-10 00:00:00,Leticia Dávila,Málaga
Silla plástica,26.76,4,2025-06-17 00:00:00,Amada Pons,Cáceres
Silla plástica,12.4,8,2025-11-01 00:00:00,Alexandra Castell Garmendia,Lleida
Utensilio de cocina plástico,36.0,13,2025-11-11 00:00:00,Goyo Fábregas Cuevas,Vizcaya
Silla plástica,37.65,14,2026-05-13 00:00:00,Priscila Pizarro Guerra,Palencia
Muñeco de plástico,34.78,15,2025-08-17 00:00:00,Roberta Ortega-Cuevas,Baleares
Envase plástico,31.72,14,2026-04-07 00:00:00,Yaiza Girón Serna,Cuenca
Cubo organizador,38.6,6,2025-07-22 00:00:00,Nacio Pozo Barceló,Asturias
Muñeco de plástico,15.93,7,2026-01-19 00:00:00,Odalys Sainz Arcos,Las Palmas
Botella PET,12.37,4,2026-03-10 00:00:00,Lorenza Saldaña Quiroga,Badajoz
Tupper,8.97,1,2025-07-18 00:00:00,África Arjona-Artigas,Cuenca
Juguete de plástico,34.62,10,2026-05-11 00:00:00,Toni del Porcel,Málaga
Muñeco de plástico,13.22,2,2026-02-18 00:00:00,Gabriel Losada Casals,Santa Cruz de Tenerife
Muñeco de plástico,23.69,20,2025-07-26 00:00:00,Rocío Baquero Montserrat,Zamora
Silla plástica,22.77,9,2026-04-16 00:00:00,Jimena Llorens Gilabert,Pontevedra
Cubo de basura plástico,31.74,14,2025-07-21 00:00:00,Adelina del Morillo,Alicante
Muñeco de plástico,42.59,15,2025-09-25 00:00:00,Pancho Corbacho Ponce,Cantabria
Cubo organizador,5.66,1,2025-10-08 00:00:00,Maricela Carro Alberola,Ceuta
Botella PET,36.81,16,2025-11-24 00:00:00,Melchor de Cortes,Huelva
Muñeco de plástico,3.45,8,2026-04-28 00:00:00,Francisca Alcázar Vilalta,Soria
Muñeco de plástico,21.54,10,2026-02-11 00:00:00,Rómulo Sanjuan Blasco,Soria
Cubo de basura plástico,41.03,18,2026-03-24 00:00:00,Paola Abad,Jaén
Utensilio de cocina plástico,9.7,11,2025-06-14 00:00:00,Carina Morata Ribera,La Coruña
Cubo organizador,35.28,15,2025-11-05 00:00:00,Reina Estévez Lastra,Córdoba
Envase plástico,8.01,5,2025-07-03 00:00:00,Ruben del Chamorro,Albacete
Juguete de plástico,48.41,9,2025-06-11 00:00:00,Carlos Montes Pedrero,Málaga
Envase plástico,16.44,19,2025-10-20 00:00:00,Diana Carolina Morales Collado,Teruel
Pelota plástica,14.72,16,2025-10-05 00:00:00,Gertrudis Barbero Villalobos,Zamora
Muñeco de plástico,36.81,5,2025-08-05 00:00:00,Candelario de Cantero,Albacete
Cubo organizador,27.87,4,2026-01-09 00:00:00,Matilde Vergara,Granada
Cubo de basura plástico,15.52,1,2026-01-30 00:00:00,Amelia Egea Lopez,Ceuta
Juguete de plástico,42.38,12,2026-04-19 00:00:00,Juan Antonio Gibert Sabater,Lleida
Botella PET,26.39,6,2026-05-26 00:00:00,Brígida Carpio-Tejedor,Pontevedra
Botella PET,22.26,9,2026-04-03 00:00:00,Tecla Maestre Font,Toledo
Cubo organizador,26.15,9,2026-01-01 00:00:00,Mariana Maldonado Arranz,Tarragona
Cubo de basura plástico,23.56,4,2025-12-01 00:00:00,Quirino Cerdá Collado,Soria
Muñeco de plástico,38.03,14,2025-10-01 00:00:00,Sebastián de Montserrat,Toledo
Tupper,35.17,8,2026-03-25 00:00:00,Juan José Cuervo Nicolau,Pontevedra
Silla plástica,22.35,20,2025-10-14 00:00:00,Cayetana Mateo Espinosa,Guipúzcoa
Cubo de basura plástico,26.62,8,2026-01-16 00:00:00,Aroa Octavia Font Lago,Guadalajara
Juguete de plástico,41.23,18,2025-10-20 00:00:00,Jesús Seguí,Vizcaya
Utensilio de cocina plástico,44.24,17,2025-09-10 00:00:00,Juanita Ibáñez Prat,Lleida
Pelota plástica,39.33,12,2026-03-14 00:00:00,Mayte Palacio Coello,Girona
Muñeco de plástico,3.43,11,2026-05-25 00:00:00,Albina Rozas Llopis,Murcia
Utensilio de cocina plástico,40.07,14,2025-06-28 00:00:00,Ruben Gomez Uribe,Valencia
Envase plástico,45.89,8,2025-08-27 00:00:00,José Manuel Talavera Vigil,Cantabria
Cubo organizador,32.12,4,2026-03-24 00:00:00,Octavio Báez Cueto,Ceuta
Envase plástico,9.17,13,2026-01-01 00:00:00,Sigfrido José Antonio Uría Arnal,Lleida
Pelota plástica,39.96,11,2026-02-05 00:00:00,Crescencia Alfaro Rico,Toledo
Utensilio de cocina plástico,48.7,2,2025-11-15 00:00:00,María Teresa Moraleda,Cuenca
Silla plástica,5.15,11,2025-10-27 00:00:00,Sara del Luna,Granada
Envase plástico,29.11,3,2025-06-06 00:00:00,Úrsula Vicens Roman,Cuenca
Cubo organizador,13.29,10,2026-04-02 00:00:00,Jeremías Silvestre Díaz Barba,Valencia
Envase plástico,31.53,14,2025-06-26 00:00:00,Ariel Redondo,Navarra
Botella PET,5.99,8,2026-03-31 00:00:00,Vicenta Bauzà Laguna,Zamora
Cubo de basura plástico,28.2,16,2025-07-18 00:00:00,Benigna Badía,Córdoba
Silla plástica,30.19,2,2025-08-26 00:00:00,Olegario Martínez Tenorio,Navarra
Silla plástica,44.4,18,2026-05-06 00:00:00,Cristian Valverde Llamas,Ciudad
Pelota plástica,26.1,4,2026-02-05 00:00:00,Julieta Tolosa-Flor,Madrid
Juguete de plástico,4.73,16,2025-08-21 00:00:00,Renata Cámara Báez,Ciudad
Utensilio de cocina plástico,40.83,1,2026-02-20 00:00:00,Cristina Jovita Castillo Belda,Baleares
Juguete de plástico,16.72,10,2026-03-27 00:00:00,Evangelina María Carmen Osorio Jaume,Zamora
Botella PET,16.62,20,2025-11-30 00:00:00,Maximino Maximiliano Roig Álvarez,Ourense
Cubo de basura plástico,15.42,7,2025-09-30 00:00:00,Jose Antonio Ordóñez Casanova,Valencia
Botella PET,19.35,10,2026-05-11 00:00:00,Francisco Sevillano,Cáceres
Pelota plástica,37.49,15,2026-03-16 00:00:00,Rosaura Coello Pelayo,Tarragona
Pelota plástica,24.34,5,2026-05-06 00:00:00,Griselda Barral Beltran,Navarra
Utensilio de cocina plástico,33.52,5,2025-12-28 00:00:00,Yago Zabaleta-Ríos,Jaén
Cubo de basura plástico,28.8,9,2025-11-18 00:00:00,Renato Segarra,León
Juguete de plástico,20.0,11,2025-07-07 00:00:00,Alma del Querol,Murcia
Tupper,9.8,4,2026-04-09 00:00:00,Paola Sanjuan Planas,Ávila
Cubo organizador,23.85,7,2026-04-22 00:00:00,Serafina Zorrilla Miró,Albacete
Envase plástico,4.7,19,2026-03-03 00:00:00,Alejandro del Pereira,Navarra
Tupper,7.83,6,2025-11-07 00:00:00,Jose Francisco Rozas Lumbreras,Cáceres
Pelota plástica,48.1,6,2025-12-10 00:00:00,Delia Mulet Bernat,Zaragoza
Envase plástico,2.6,7,2025-07-13 00:00:00,José Ángel Robledo Marqués,Jaén
Botella PET,17.39,7,2026-03-28 00:00:00,Berto Pons Ibarra,Ávila
Silla plástica,21.76,10,2025-06-03 00:00:00,Eutimio Yuste Asenjo,Zaragoza
Cubo de basura plástico,26.59,3,2026-05-25 00:00:00,Herminio Almagro Portero,Lugo
Muñeco de plástico,49.07,6,2026-03-20 00:00:00,Reyes Barreda Ramírez,Pontevedra
Tupper,40.71,9,2025-12-28 00:00:00,Estela Cárdenas-Poza,Tarragona
Botella PET,18.52,13,2025-10-30 00:00:00,Vicenta Obdulia Rueda Cerezo,Álava
Utensilio de cocina plástico,8.6,4,2025-09-01 00:00:00,Donato Sabater-Fuentes,Cuenca
Cubo de basura plástico,45.41,4,2025-07-16 00:00:00,Paco Fabregat Manjón,Sevilla
Pelota plástica,29.46,5,2026-01-16 00:00:00,Felicidad Romero Gil,La Rioja
Juguete de plástico,6.39,2,2026-03-31 00:00:00,Aurora Carro Chacón,Castellón
Cubo de basura plástico,38.89,3,2025-12-08 00:00:00,Cayetano Bastida Alberdi,Santa Cruz de Tenerife
Utensilio de cocina plástico,37.75,4,2026-04-01 00:00:00,Jose Ramón Arteaga,Sevilla
Juguete de plástico,39.72,13,2025-11-23 00:00:00,Goyo Llobet Sebastián,Valladolid
Utensilio de cocina plástico,13.99,15,2025-11-10 00:00:00,Emma del Guillén,Guadalajara
Botella PET,11.99,1,2025-07-04 00:00:00,Reyes Diego Segarra,Segovia
Tupper,44.75,18,2025-12-24 00:00:00,Leoncio Figuerola Román,Melilla
Pelota plástica,35.39,14,2026-04-04 00:00:00,Anacleto Darío Blázquez Montenegro,Melilla
Tupper,26.78,4,2026-05-17 00:00:00,Dolores Lorenzo Murillo,Salamanca
Botella PET,7.98,6,2025-07-16 00:00:00,Tatiana Varela Borrell,Málaga
Juguete de plástico,47.68,9,2025-06-09 00:00:00,Jose Antonio Carrera Casas,Vizcaya
Botella PET,24.64,7,2025-07-28 00:00:00,Ramón Corral Cánovas,Navarra
Pelota plástica,2.71,10,2025-06-17 00:00:00,Francisco Jose Galvez Valentín,Castellón
Cubo de basura plástico,16.23,16,2026-03-19 00:00:00,Ángela Almeida Adadia,Valencia
Botella PET,47.19,13,2026-01-08 00:00:00,Benjamín Cristóbal Feliu Mora,Girona
Pelota plástica,3.62,18,2026-01-03 00:00:00,Luciana del Giner,Lleida
Juguete de plástico,45.63,5,2026-02-01 00:00:00,Gema Duran-Acevedo,Madrid
Pelota plástica,40.44,5,2026-05-26 00:00:00,Fidel de Barros,Ciudad
Pelota plástica,45.88,19,2026-03-04 00:00:00,Judith Jurado Sastre,Guipúzcoa
Pelota plástica,48.19,8,2025-09-30 00:00:00,Herberto Hierro-Higueras,Lugo
Pelota plástica,30.73,8,2026-03-27 00:00:00,Manuel Donato Miró Ferreras,Navarra
Pelota plástica,24.03,1,2025-08-17 00:00:00,Fabiola Sebastián-Hierro,Almería
Cubo de basura plástico,47.12,6,2026-01-22 00:00:00,Marcela Maldonado,Guadalajara
Cubo de basura plástico,41.33,1,2025-11-11 00:00:00,América Larrea-Acosta,La Rioja
Cubo de basura plástico,33.62,19,2026-05-10 00:00:00,Melchor Carreño Azorin,Palencia
Envase plástico,2.95,3,2026-01-26 00:00:00,Fito Palau-Herrera,Cádiz
Botella PET,29.75,16,2025-09-29 00:00:00,Mateo de Sánchez,Barcelona
Envase plástico,3.47,9,2025-05-30 00:00:00,Ruperto Girona Vergara,Baleares
Cubo organizador,32.66,18,2026-03-01 00:00:00,Piedad del Bravo,Madrid
Silla plástica,6.63,8,2025-06-05 00:00:00,Juan Carlos Gaspar Cáceres Cámara,Cádiz
Silla plástica,9.58,10,2025-12-06 00:00:00,Bienvenida Lumbreras Vazquez,Huelva
Pelota plástica,6.41,7,2026-05-23 00:00:00,Constanza Torrents-Posada,Guipúzcoa
Juguete de plástico,26.43,3,2026-02-26 00:00:00,Candela Juárez Pombo,Girona
Juguete de plástico,12.75,3,2026-04-20 00:00:00,Agapito Aguirre-Morera,Asturias
Muñeco de plástico,22.76,1,2025-07-26 00:00:00,Mamen de Tomé,Melilla
Juguete de plástico,3.83,13,2025-05-30 00:00:00,Josué Ayllón Guillén,Jaén
Tupper,31.0,17,2025-12-31 00:00:00,Miguel Patiño,Pontevedra
Envase plástico,17.37,9,2026-05-09 00:00:00,Segismundo Nieto Saez,Valladolid
Pelota plástica,32.1,4,2025-08-26 00:00:00,Francisco Javier Ariza Verdejo,Córdoba
Botella PET,36.61,18,2025-07-23 00:00:00,Daniela Viñas Aparicio,Granada
Cubo de basura plástico,1.76,8,2026-05-16 00:00:00,María Fernanda de Ballester,La Rioja
Pelota plástica,7.35,10,2026-02-25 00:00:00,Maura Ariño-Serra,La Coruña
Silla plástica,5.95,14,2025-10-10 00:00:00,Tamara Morales,Soria
Pelota plástica,12.43,17,2025-07-24 00:00:00,Julio César Plana-Farré,Valladolid
Cubo organizador,39.54,12,2025-10-04 00:00:00,Casemiro Iniesta Castilla,Ourense
Botella PET,20.96,18,2025-08-29 00:00:00,Zaira Fátima Mir Villaverde,Cuenca
Tupper,43.41,19,2025-06-30 00:00:00,Donato Tello Pineda,Cuenca
Muñeco de plástico,14.69,2,2025-09-20 00:00:00,Clímaco Fuente,Lleida
Muñeco de plástico,15.1,19,2026-01-17 00:00:00,Victor Sebastián-Dueñas,Cádiz
Tupper,34.26,2,2026-02-07 00:00:00,Chema Heras,Baleares
Pelota plástica,35.82,7,2025-08-10 00:00:00,Gerardo Mendoza Estrada,Girona
Botella PET,28.31,18,2026-05-02 00:00:00,Rosalía Lladó Valero,Cantabria
Juguete de plástico,43.23,17,2026-01-03 00:00:00,Marta Albero Morata,Teruel
Cubo de basura plástico,22.79,4,2026-03-03 00:00:00,Inmaculada Bárcena Echeverría,Málaga
Cubo organizador,26.32,13,2026-02-05 00:00:00,Isidora Torralba-Múñiz,Lugo
Botella PET,5.61,17,2025-07-05 00:00:00,Angélica de Miralles,Córdoba
Utensilio de cocina plástico,26.08,5,2025-06-21 00:00:00,Ale Pascual Ibarra,Ourense
Cubo de basura plástico,5.27,3,2026-02-26 00:00:00,Fortunata Font Capdevila,Salamanca
Envase plástico,46.85,13,2026-05-12 00:00:00,Begoña Merino-Aroca,Guipúzcoa
Muñeco de plástico,17.57,16,2025-09-10 00:00:00,Casemiro Osuna Martí,Ciudad
Tupper,8.33,19,2026-04-13 00:00:00,Eva Nebot Alberto,Pontevedra
Utensilio de cocina plástico,42.58,9,2025-12-02 00:00:00,Apolinar Narciso Álamo Cobos,Ávila
Envase plástico,34.27,4,2026-04-10 00:00:00,Francisco Jose Acero,Cantabria
Utensilio de cocina plástico,8.24,12,2026-05-09 00:00:00,Chema Vicente Crespo Tapia,León
Silla plástica,34.79,17,2025-12-04 00:00:00,Juan Carlos Barrios Belda,Huesca
Juguete de plástico,4.7,19,2025-12-06 00:00:00,María Manuela Bustamante-Gomez,Granada
Envase plástico,43.69,16,2025-08-17 00:00:00,Ester Barrio Esteve,Murcia
Pelota plástica,15.17,19,2025-06-11 00:00:00,Ulises Aranda Ferrando,Álava
Pelota plástica,2.82,17,2026-03-14 00:00:00,Onofre Riba Infante,Girona
Botella PET,19.47,4,2025-12-16 00:00:00,Alonso Cabanillas,Cádiz
Cubo organizador,11.16,1,2025-12-27 00:00:00,María Manuela Cabrero Miró,Vizcaya
Muñeco de plástico,33.92,16,2026-02-05 00:00:00,Imelda Sebastián Garriga,Valencia
Pelota plástica,20.34,12,2025-08-08 00:00:00,Emigdio Nebot Mateos,La Rioja
Cubo de basura plástico,7.89,13,2025-12-29 00:00:00,Pablo Prado Álamo,Toledo
Envase plástico,25.91,6,2026-03-29 00:00:00,Édgar Esteban Valero Elías,Cantabria
Cubo organizador,17.88,5,2026-01-12 00:00:00,Juan Francisco Sainz,Guadalajara
Pelota plástica,32.08,7,2025-12-10 00:00:00,Jacobo Montserrat Gonzalez,Vizcaya
Cubo de basura plástico,39.75,14,2025-08-12 00:00:00,Trinidad Esperanza Vives Puerta,Alicante
Muñeco de plástico,6.89,19,2026-03-28 00:00:00,Pedro Gámez Neira,Córdoba
Muñeco de plástico,7.3,17,2025-06-16 00:00:00,Angélica de Azcona,Ciudad
Cubo de basura plástico,43.82,3,2026-02-12 00:00:00,Elena Leyre Rebollo Aragonés,Toledo
Cubo organizador,14.33,14,2026-05-20 00:00:00,Natanael Acosta Barrio,Lleida
Utensilio de cocina plástico,17.31,14,2026-05-23 00:00:00,Pacífica Arnaiz Lara,Zaragoza
Botella PET,32.78,17,2025-09-03 00:00:00,Celia Sosa Alemán,Girona
Muñeco de plástico,38.26,16,2026-02-10 00:00:00,Crescencia de Exposito,Valladolid
Muñeco de plástico,9.83,4,2025-12-21 00:00:00,Evelia Cabañas Valbuena,Las Palmas
Muñeco de plástico,31.11,14,2025-07-22 00:00:00,Eligia de Galán,Huelva
Silla plástica,4.23,9,2025-07-13 00:00:00,Chita Barrena-Alcalá,Murcia
Utensilio de cocina plástico,25.12,4,2026-03-07 00:00:00,Elisa Soria Soto,Ceuta
Juguete de plástico,26.17,14,2025-12-09 00:00:00,Alondra Cerro Varela,León
Botella PET,47.94,18,2025-10-04 00:00:00,Luna Segovia,Soria
Pelota plástica,20.02,16,2026-05-03 00:00:00,Ruth Lumbreras-Rey,Huesca
Tupper,30.49,8,2026-04-20 00:00:00,Felicidad Isa Uriarte Cabanillas,Barcelona
Cubo organizador,33.22,11,2025-11-01 00:00:00,Jerónimo Montes Valenzuela,Pontevedra
Muñeco de plástico,27.63,11,2026-03-23 00:00:00,María Manuela Villalobos-Pombo,Albacete
Silla plástica,26.37,6,2025-12-19 00:00:00,Martin Alberto Asenjo,Salamanca
Cubo organizador,4.09,14,2025-06-11 00:00:00,Violeta Bárcena Portillo,Teruel
Silla plástica,4.32,16,2025-09-03 00:00:00,Rufina Llopis Cordero,Ciudad
Cubo organizador,31.15,13,2025-11-02 00:00:00,Francisco Alberto Carrión Torrecilla,Pontevedra
Muñeco de plástico,29.59,16,2025-06-21 00:00:00,Anacleto Belda-Maza,La Coruña
Cubo de basura plástico,5.98,13,2025-09-03 00:00:00,Manu Sedano Oller,Albacete
Botella PET,23.28,3,2025-06-24 00:00:00,Juan Luis Maldonado Chaves,Santa Cruz de Tenerife
Utensilio de cocina plástico,25.27,8,2025-05-27 00:00:00,Violeta Querol Abellán,Teruel
Silla plástica,11.38,15,2025-12-24 00:00:00,Jerónimo Eusebio Aznar Arco,Valladolid
Pelota plástica,42.02,7,2025-11-02 00:00:00,Jose Ramón Camilo Quesada Daza,Guadalajara
Pelota plástica,14.83,10,2026-03-11 00:00:00,Hector Martín Abad,Segovia
Silla plástica,4.24,17,2026-04-28 00:00:00,Yolanda Granados Vilanova,Lugo
Utensilio de cocina plástico,1.14,3,2026-04-02 00:00:00,Pili Morata Raya,Asturias
Utensilio de cocina plástico,40.38,10,2026-04-21 00:00:00,Tiburcio Borrego,La Rioja
Tupper,25.22,3,2025-12-10 00:00:00,Adelardo Sancho Solís,Córdoba
Cubo organizador,13.38,14,2025-11-21 00:00:00,Custodia Quiroga Navarro,Lleida
Cubo de basura plástico,7.44,20,2026-05-02 00:00:00,Anabel Luna Santamaria Toro,Jaén
Muñeco de plástico,10.36,10,2025-06-24 00:00:00,Carmen Benavides Bernad,Vizcaya
Pelota plástica,10.91,17,2026-05-08 00:00:00,Pelayo de Zamora,Cantabria
Envase plástico,40.19,18,2026-04-26 00:00:00,Fernando Osorio Nadal,Pontevedra
Botella PET,27.98,19,2026-05-18 00:00:00,Carlos Bejarano,Vizcaya
Silla plástica,20.03,3,2025-11-16 00:00:00,Roldán Borrego Montalbán,Cantabria
Envase plástico,17.86,8,2025-08-05 00:00:00,Calisto Roldan Escamilla,Zaragoza
Cubo organizador,24.39,16,2026-02-17 00:00:00,Borja Escamilla Sierra,Cádiz
Tupper,46.6,5,2025-11-26 00:00:00,Manolo Moliner Farré,Málaga
Cubo de basura plástico,44.5,13,2026-01-21 00:00:00,Jose Francisco Cristóbal Ariño Palomares,Zaragoza
Silla plástica,42.68,2,2025-05-27 00:00:00,José Mari Roselló Gisbert,Lugo
Pelota plástica,43.04,7,2025-12-31 00:00:00,Feliciana José Palomino Ibañez,Ciudad
Utensilio de cocina plástico,1.16,2,2026-01-31 00:00:00,Mariano Folch Cadenas,Huesca
Cubo de basura plástico,27.98,12,2026-02-26 00:00:00,Reyes Gomila Chaparro,Las Palmas
Envase plástico,14.85,13,2025-09-29 00:00:00,Ascensión Manzanares Carbó,Ourense
Envase plástico,7.24,7,2026-01-08 00:00:00,Eloy Bartolomé Carbajo,Albacete
Envase plástico,8.37,12,2025-08-15 00:00:00,María Luisa Alvarado Lluch,Soria
Cubo organizador,45.31,10,2026-01-25 00:00:00,Juan Antonio Nuñez Salgado,Álava
Muñeco de plástico,31.71,15,2025-11-04 00:00:00,Timoteo Llorens-Roldán,Valencia
Pelota plástica,31.6,1,2025-08-15 00:00:00,Mayte Román Tejero,Lugo
Cubo organizador,25.39,8,2026-04-17 00:00:00,Jaime Fabregat Ramón,Segovia
Cubo de basura plástico,7.8,16,2025-10-31 00:00:00,Aura Ruano Cañellas,Huesca
Envase plástico,46.36,1,2025-06-13 00:00:00,Vilma Palomino Ariño,Ciudad
Utensilio de cocina plástico,21.46,15,2025-07-28 00:00:00,Ana Piña,Tarragona
Cubo organizador,37.22,13,2025-12-29 00:00:00,Joel Martorell Tejedor,Salamanca
Pelota plástica,46.98,17,2025-10-15 00:00:00,Adelardo Guillen Barroso,Barcelona
Tupper,45.56,16,2025-12-24 00:00:00,Dionisia del Tello,Zaragoza
Muñeco de plástico,22.29,1,2025-09-02 00:00:00,Estrella Palomar Pizarro,Toledo
Pelota plástica,40.31,4,2025-11-15 00:00:00,Nacho del Vergara,Asturias
Silla plástica,12.4,10,2026-04-07 00:00:00,Epifanio de Salgado,Melilla
Pelota plástica,40.98,19,2025-10-26 00:00:00,Albano Ciríaco Farré Olmo,Murcia
Pelota plástica,42.98,17,2025-12-09 00:00:00,Caridad Arranz Pozo,Madrid
Muñeco de plástico,47.25,9,2025-06-26 00:00:00,Lupe Romero Amat,Pontevedra
Tupper,37.61,11,2025-07-13 00:00:00,Roberta Carballo Jimenez,Jaén
Pelota plástica,40.41,4,2026-04-07 00:00:00,María del Campo,Cádiz
Muñeco de plástico,3.46,5,2025-07-23 00:00:00,Carina Sevillano-Pedraza,Ceuta
Juguete de plástico,35.1,14,2025-06-17 00:00:00,Oriana Ignacia Sevillano Armas,Soria
Tupper,1.24,6,2025-06-05 00:00:00,Leonardo Serna Rosell,Álava
Botella PET,28.62,2,2025-07-23 00:00:00,Wálter Bonet Hoz,Badajoz
Tupper,42.35,19,2025-12-18 00:00:00,Merche Carreras Lucas,Cantabria
Silla plástica,45.52,19,2025-09-05 00:00:00,Micaela de Exposito,Guipúzcoa
Cubo de basura plástico,45.94,15,2026-05-23 00:00:00,Nieves Rodriguez Naranjo,Jaén
Muñeco de plástico,7.52,11,2026-03-25 00:00:00,Vanesa Otilia Llano Segarra,Málaga
Muñeco de plástico,7.5,11,2026-02-01 00:00:00,Mariana del Ramón,Almería
Envase plástico,26.32,14,2025-07-26 00:00:00,Modesto Guzman Milla,Asturias
Cubo de basura plástico,29.7,10,2026-05-03 00:00:00,Perlita Soto Julián,Lleida
Envase plástico,3.92,12,2026-02-28 00:00:00,Noemí Colom Beltran,Asturias
Botella PET,21.83,6,2025-11-12 00:00:00,Eutropio Pino Ojeda,Ciudad
Envase plástico,30.46,8,2026-04-14 00:00:00,Ibán Galván Uría,Badajoz
Juguete de plástico,26.98,11,2025-06-28 00:00:00,Tiburcio Flor Revilla,Girona
Juguete de plástico,37.88,18,2026-01-27 00:00:00,Máximo Rosselló Marquez,Vizcaya
Pelota plástica,13.33,14,2026-03-07 00:00:00,Raúl Pinilla Seguí,Pontevedra
Tupper,17.32,5,2025-05-28 00:00:00,Aitana Quesada Montalbán,Las Palmas
Pelota plástica,40.22,13,2026-05-13 00:00:00,Reina de Fernandez,Lugo
Cubo organizador,5.7,14,2026-02-01 00:00:00,Javiera Pinto Pol,Badajoz
Pelota plástica,1.16,14,2026-02-13 00:00:00,Miguel Sanabria Melero,Navarra
Envase plástico,33.39,12,2026-03-06 00:00:00,Trini del Mesa,Tarragona
Pelota plástica,12.75,6,2025-08-05 00:00:00,Mercedes Olmedo Alfaro,Guipúzcoa
Tupper,25.78,16,2026-05-09 00:00:00,Sol Puerta León,Teruel
Utensilio de cocina plástico,37.32,5,2026-05-22 00:00:00,Pilar de Montalbán,Madrid
Juguete de plástico,5.72,20,2025-12-05 00:00:00,Donato Zamorano Hierro,Sevilla
Juguete de plástico,37.38,17,2025-09-17 00:00:00,Jordán Julio César Prado Riquelme,Segovia
Cubo organizador,48.73,17,2025-09-11 00:00:00,Bernarda Exposito Mercader,Huesca
Tupper,46.81,2,2025-11-11 00:00:00,África Ámbar Boada Duque,Alicante
Cubo organizador,15.23,19,2026-01-26 00:00:00,Hilda Anaya Aller,Las Palmas
Silla plástica,26.09,16,2026-01-30 00:00:00,Patricia Laguna Chaves,Guadalajara
Silla plástica,9.44,15,2026-02-15 00:00:00,Félix de Riquelme,Albacete
Botella PET,17.21,16,2026-03-11 00:00:00,Alfonso Baños Soriano,Sevilla
Utensilio de cocina plástico,34.23,6,2025-09-11 00:00:00,Rolando del Guardia,Burgos
Silla plástica,37.78,4,2026-04-27 00:00:00,Florentina Eloísa Pomares Guillen,Salamanca
Muñeco de plástico,18.12,18,2025-08-18 00:00:00,Plácido Badía Saura,Las Palmas
Tupper,36.53,17,2026-04-11 00:00:00,Nacio Mora-Casado,Sevilla
Pelota plástica,38.64,5,2025-12-07 00:00:00,Hernando Lucho Miranda Chaparro,Alicante
Silla plástica,20.94,6,2025-06-13 00:00:00,Bernardita del Galán,Vizcaya
Pelota plástica,27.83,4,2026-02-28 00:00:00,Morena Manrique-Palacio,Alicante
Muñeco de plástico,44.63,14,2026-02-11 00:00:00,Anita Lupita Villalba Arnau,Madrid
Utensilio de cocina plástico,9.27,4,2025-09-09 00:00:00,Marcelino Ferreras Llopis,León
Juguete de plástico,23.86,15,2026-02-24 00:00:00,Concha Perez,Córdoba
Silla plástica,1.84,9,2026-02-19 00:00:00,Aarón Zabala Coello,Cádiz
Juguete de plástico,33.33,9,2025-11-17 00:00:00,Camila Arce Manso,Asturias
Pelota plástica,47.33,7,2026-03-18 00:00:00,Eusebio Gutiérrez Urrutia,Ciudad
Muñeco de plástico,30.26,13,2026-03-12 00:00:00,Mónica Evangelina Alcázar Borja,Navarra
Envase plástico,8.44,12,2026-05-22 00:00:00,Marcelo Velázquez Acevedo,Vizcaya
Utensilio de cocina plástico,7.57,15,2025-07-07 00:00:00,Régulo Blázquez Cuadrado,Málaga
Cubo organizador,15.76,16,2026-01-27 00:00:00,Mateo Benet Amor,Granada
Botella PET,19.02,10,2025-11-21 00:00:00,Sandalio Llamas Carbonell,Badajoz
Silla plástica,22.53,18,2026-04-09 00:00:00,Arturo Valenzuela Madrid,Toledo
Botella PET,35.7,20,2025-06-02 00:00:00,Ricardo Jara Arnaiz,Baleares
Cubo organizador,1.43,10,2025-11-28 00:00:00,Emperatriz Abellán-Sainz,Soria
Cubo organizador,25.01,6,2025-06-17 00:00:00,Borja Heraclio Franch Caballero,Cáceres
Cubo organizador,29.66,3,2025-07-30 00:00:00,Arsenio Salas-Adán,Navarra
Utensilio de cocina plástico,47.42,5,2025-10-26 00:00:00,Natividad Segura,Cádiz
Pelota plástica,36.01,7,2026-01-28 00:00:00,Buenaventura Castillo Ureña,Málaga
Botella PET,30.11,16,2026-02-05 00:00:00,Timoteo Angulo,Santa Cruz de Tenerife
Utensilio de cocina plástico,35.91,19,2025-12-29 00:00:00,Francisco Anacleto Huguet Daza,Sevilla
Envase plástico,31.47,18,2025-10-02 00:00:00,Maura Luna Aller,Soria
Cubo de basura plástico,8.23,11,2025-12-06 00:00:00,María Del Carmen Barrena,Girona
Muñeco de plástico,4.11,11,2025-10-30 00:00:00,Bartolomé Coloma-Fajardo,Teruel
Botella PET,21.3,7,2026-05-16 00:00:00,Paulino Correa Raya,Guadalajara
Pelota plástica,25.37,5,2025-12-06 00:00:00,Roldán Alarcón Canals,León
Cubo de basura plástico,40.7,13,2026-04-12 00:00:00,Renata Roura,Ourense
Silla plástica,39.98,7,2026-02-21 00:00:00,Berta Orozco-Valencia,Segovia
Botella PET,43.61,9,2025-08-15 00:00:00,Leandro Rovira,Jaén
Utensilio de cocina plástico,47.93,1,2025-12-22 00:00:00,Ainara Valentín Serrano,Salamanca
Utensilio de cocina plástico,3.21,16,2025-06-14 00:00:00,Vinicio Gómez Samper,Castellón
Utensilio de cocina plástico,41.4,11,2025-11-24 00:00:00,Marianela Carreño Vera,Córdoba
Silla plástica,39.51,19,2026-05-02 00:00:00,Rufino Baró Cortés,Girona
Envase plástico,12.99,14,2025-11-25 00:00:00,Haroldo Padilla,Ceuta
Silla plástica,18.46,9,2025-07-26 00:00:00,Gerónimo Sanchez,Pontevedra
Silla plástica,32.09,19,2025-06-23 00:00:00,Benita Tello Carbonell,León
Juguete de plástico,4.49,9,2025-08-31 00:00:00,Jordana Tamayo,Málaga
Envase plástico,37.63,19,2026-02-01 00:00:00,Belén Puig,Murcia
Cubo de basura plástico,31.71,8,2026-03-05 00:00:00,Isabel Coello,Toledo
Tupper,21.65,15,2025-09-05 00:00:00,Gerónimo del Cases,Ciudad
Cubo organizador,29.88,15,2026-02-13 00:00:00,Dafne de Cantón,La Rioja
Cubo organizador,25.32,4,2025-07-24 00:00:00,Dionisia Sol Arteaga Cepeda,Salamanca
Envase plástico,7.52,2,2026-03-13 00:00:00,Isidro Donaire-Ordóñez,Sevilla
Tupper,20.66,14,2026-05-26 00:00:00,Prudencia Cortés Pérez,Murcia
Pelota plástica,22.58,10,2025-09-24 00:00:00,Silvia Antón-Galván,Tarragona
Silla plástica,25.74,11,2025-06-17 00:00:00,Hilda Esteve Seguí,Cantabria
Cubo organizador,49.69,5,2026-04-14 00:00:00,Tadeo Alemán Ropero,Cádiz
Silla plástica,7.28,14,2025-12-29 00:00:00,Jose Luis Cárdenas Cortina,Ourense
Cubo organizador,47.17,16,2026-03-26 00:00:00,Narcisa Asensio Piñol,Palencia
Muñeco de plástico,7.57,6,2026-02-28 00:00:00,Lucía Perales-Márquez,Girona
Muñeco de plástico,29.72,20,2026-05-08 00:00:00,Daniela Valcárcel,Las Palmas
Cubo organizador,41.01,4,2025-06-02 00:00:00,Jonatan Norberto Rosales Ayala,Barcelona
Utensilio de cocina plástico,13.03,13,2026-04-13 00:00:00,Juan Pablo Baró-Marín,Burgos
Cubo de basura plástico,3.87,15,2025-09-04 00:00:00,Plinio Mariscal Macías,Huelva
Botella PET,8.2,20,2025-08-09 00:00:00,Lorenza Pinto Amorós,Teruel
Muñeco de plástico,23.48,16,2025-12-10 00:00:00,Paca Mínguez-Garzón,Valladolid
Tupper,19.3,3,2026-02-28 00:00:00,Yago Salinas Benito,Asturias
Botella PET,49.28,1,2025-07-30 00:00:00,Narcisa Gascón-Canales,Badajoz
Pelota plástica,11.43,13,2025-11-11 00:00:00,Ulises Moles Enríquez,Lugo
Muñeco de plástico,30.96,3,2026-03-08 00:00:00,Irene de Río,Santa Cruz de Tenerife
Juguete de plástico,14.42,16,2025-07-04 00:00:00,Bautista Lupe Baquero Bayo,Las Palmas
Muñeco de plástico,15.84,19,2025-10-25 00:00:00,Edelmiro del Boada,Cuenca
Envase plástico,42.01,5,2025-09-21 00:00:00,Nico Llopis Guerrero,Pontevedra
Pelota plástica,42.7,12,2025-07-28 00:00:00,Dorita del Mesa,Huelva
Utensilio de cocina plástico,13.85,9,2025-11-24 00:00:00,Humberto Serna Frías,Tarragona
Botella PET,33.8,6,2025-11-06 00:00:00,Teodoro Arrieta Ferrández,Soria
Silla plástica,26.11,19,2026-03-05 00:00:00,Noa Salamanca Llano,Sevilla
Juguete de plástico,45.8,11,2025-07-20 00:00:00,Yésica Meléndez Vilar,La Coruña
Cubo organizador,25.14,18,2026-04-05 00:00:00,Pacífica Millán,Madrid
Silla plástica,41.8,12,2026-04-24 00:00:00,Adrián Duque Lastra,Lleida
Cubo organizador,14.57,7,2026-01-17 00:00:00,Eva María de Garrido,Girona
Cubo de basura plástico,48.84,7,2025-11-05 00:00:00,Cándido Máximo Contreras Granados,Tarragona
Botella PET,3.85,10,2025-11-10 00:00:00,Dan Segismundo Rueda Cerezo,Málaga
Botella PET,17.81,9,2025-10-17 00:00:00,Amelia Royo Águila,Almería
Silla plástica,46.12,10,2026-02-17 00:00:00,Darío de Villa,Madrid
Envase plástico,36.83,12,2025-06-08 00:00:00,Valentín Chacón Cortés,Huelva
Silla plástica,26.83,19,2026-01-11 00:00:00,Hipólito Cabo Palomino,Lugo
Tupper,33.68,1,2026-01-22 00:00:00,Raimundo Quique Segura Bas,Lleida
Utensilio de cocina plástico,34.57,17,2026-04-30 00:00:00,Juan Manuel Vazquez Pellicer,Tarragona
Tupper,41.44,1,2026-04-03 00:00:00,Daniel Valera Santamaría,Zamora
Cubo organizador,20.06,17,2025-08-29 00:00:00,Serafina Vila Fortuny,Ceuta
Envase plástico,25.39,4,2026-05-14 00:00:00,Saturnino Tur Bejarano,Las Palmas
Juguete de plástico,25.89,16,2025-10-31 00:00:00,Diego Mulet Pineda,Alicante
Pelota plástica,19.04,19,2026-03-18 00:00:00,Heriberto Abilio Baró Cañete,Pontevedra
Cubo de basura plástico,12.81,6,2026-03-31 00:00:00,Delia Zabala Exposito,Huesca
Envase plástico,31.67,14,2025-11-15 00:00:00,Corona Novoa,Cádiz
Muñeco de plástico,39.89,14,2026-05-04 00:00:00,Lidia de Capdevila,Las Palmas
Cubo de basura plástico,48.54,2,2026-02-23 00:00:00,Candelario Nazario Elorza Rodriguez,Cuenca
Utensilio de cocina plástico,5.71,8,2026-04-22 00:00:00,Victoriano de Espinosa,Salamanca
Utensilio de cocina plástico,29.33,12,2026-03-11 00:00:00,Celia Rosa Oller,Alicante
Tupper,40.73,18,2026-01-04 00:00:00,Palmira Iriarte Pomares,Guipúzcoa
Botella PET,32.79,17,2025-08-16 00:00:00,Rosaura Pérez Pomares,Asturias
Utensilio de cocina plástico,4.34,16,2025-07-21 00:00:00,Anita Ainara Ropero Lledó,Murcia
Tupper,4.17,2,2025-11-10 00:00:00,Marianela Parra Fuster,Barcelona
Pelota plástica,12.65,7,2026-04-07 00:00:00,Pastora Avilés Donoso,Huelva
Utensilio de cocina plástico,10.22,3,2025-06-05 00:00:00,Celestino Guardiola Martin,Zamora
Utensilio de cocina plástico,12.48,13,2026-02-01 00:00:00,Juan Francisco Cánovas Francisco,Ciudad
Cubo de basura plástico,46.2,13,2025-11-21 00:00:00,Godofredo Eustaquio Alvarez Terrón,Navarra
Pelota plástica,37.82,6,2025-09-30 00:00:00,Marino Nazaret Rios Cobo,Huelva
Tupper,20.72,4,2025-10-08 00:00:00,Nereida Velasco Ramón,Guipúzcoa
Silla plástica,39.09,10,2026-03-09 00:00:00,Fortunato de Donoso,Álava
Envase plástico,39.74,3,2026-04-10 00:00:00,Valero Barrera Requena,Valencia
Botella PET,34.36,18,2025-06-20 00:00:00,Liliana Blanes Valencia,Cantabria
Silla plástica,4.79,10,2025-06-24 00:00:00,Bernarda Ballesteros Manrique,Cuenca
Envase plástico,4.83,10,2025-09-13 00:00:00,Urbano Company-Martin,Toledo
Cubo de basura plástico,11.38,5,2026-04-17 00:00:00,Rita Florentina Rodrigo Garmendia,Alicante
Envase plástico,31.49,16,2026-05-11 00:00:00,Nilda Molina Sebastián,Soria
Cubo organizador,12.87,17,2026-04-12 00:00:00,Crescencia Requena Caparrós,Guipúzcoa
Cubo de basura plástico,5.79,4,2026-01-23 00:00:00,Gilberto Gregorio Cordero Alfaro,Teruel
Pelota plástica,2.64,10,2025-09-19 00:00:00,María Ángeles Blasco Cobo,Murcia
Utensilio de cocina plástico,42.75,20,2026-01-29 00:00:00,Julia Alondra Chico Tena,Valladolid
Tupper,24.16,1,2025-07-18 00:00:00,Juan Manuel Cortes-Chamorro,Albacete
Silla plástica,40.91,2,2025-05-27 00:00:00,Inocencio Nando Garmendia Anaya,Huesca
Silla plástica,32.4,2,2025-11-03 00:00:00,Agustina Bayona Díaz,Murcia
Silla plástica,48.58,20,2026-01-18 00:00:00,Luisina Echevarría Amigó,Burgos
Pelota plástica,11.37,10,2025-06-05 00:00:00,Gema Benavente-Cervantes,Barcelona
Tupper,8.1,1,2026-04-26 00:00:00,Albina Nogués Pons,Córdoba
Silla plástica,25.54,8,2025-12-11 00:00:00,Ceferino Soto Murillo,Salamanca
Envase plástico,23.45,11,2025-09-07 00:00:00,Maximiliano Vera Falcón,Cantabria
Cubo de basura plástico,3.18,5,2025-11-18 00:00:00,Pancho Iniesta Bello,Tarragona
Botella PET,26.17,18,2026-03-16 00:00:00,Paz Luján Ros,Valencia
Pelota plástica,44.13,14,2025-10-11 00:00:00,Blanca Rosalina Rodrigo Jódar,Palencia
Utensilio de cocina plástico,24.45,7,2025-07-04 00:00:00,Cosme Palomo-Millán,Melilla
Botella PET,40.42,17,2026-03-17 00:00:00,Octavia Nicolasa Yuste Cabañas,Cádiz
Botella PET,31.38,15,2025-07-25 00:00:00,Aristides Vaquero,Ávila
Juguete de plástico,33.36,14,2026-05-19 00:00:00,Telmo Marti,Asturias
Pelota plástica,4.43,4,2025-12-27 00:00:00,Anunciación Ordóñez Gálvez,Tarragona
Envase plástico,35.94,18,2025-07-18 00:00:00,Antonia Blanes Abril,Baleares
Utensilio de cocina plástico,41.85,9,2026-02-07 00:00:00,Rogelio de Jimenez,Huesca
Tupper,17.06,18,2025-07-14 00:00:00,Rosalva de Velasco,Zaragoza
Botella PET,47.92,13,2026-04-26 00:00:00,Fidela Villalonga Rovira,Valladolid
Muñeco de plástico,40.8,14,2025-12-26 00:00:00,Godofredo Abellán Guillén,Albacete
Tupper,2.33,18,2025-09-09 00:00:00,Nicodemo Puente-Ibañez,Guadalajara
Envase plástico,14.88,10,2025-11-14 00:00:00,Felipe Angulo Zorrilla,Teruel
Muñeco de plástico,46.57,15,2025-10-19 00:00:00,Arcelia Saavedra Estevez,Vizcaya
Tupper,29.09,15,2026-05-13 00:00:00,Corona Rueda-Pintor,Zaragoza
Utensilio de cocina plástico,26.22,4,2026-03-27 00:00:00,Pastora Luís Quintero,Valencia
Botella PET,16.26,9,2026-01-03 00:00:00,José Antonio del Prat,Melilla
Botella PET,1.74,11,2026-04-12 00:00:00,Violeta Baena Morata,Huesca
Cubo de basura plástico,13.6,19,2026-04-30 00:00:00,Gustavo Quintana Niño,Valencia
Cubo de basura plástico,5.39,18,2025-11-23 00:00:00,María Cristina Trillo Barón,Toledo
Muñeco de plástico,17.83,17,2026-04-02 00:00:00,Baltasar Bautista Prada,Las Palmas
Pelota plástica,10.5,20,2025-12-02 00:00:00,Luciana Tamayo Pellicer,Barcelona
Cubo de basura plástico,37.07,7,2026-02-28 00:00:00,Nadia Losada-Roura,Segovia
Cubo organizador,43.84,12,2026-03-23 00:00:00,Leocadio Blasco,León
Silla plástica,29.96,10,2026-02-27 00:00:00,Morena Alemany Garmendia,Valladolid
Juguete de plástico,37.53,7,2026-02-05 00:00:00,María Belén Mir Martorell,Zamora
Botella PET,1.5,4,2025-08-24 00:00:00,Dominga Monreal Bárcena,Ciudad
Tupper,35.28,11,2025-11-26 00:00:00,Jacinto Llorens,León
Juguete de plástico,18.74,16,2025-08-28 00:00:00,Malena Salcedo Roldan,Cádiz
Juguete de plástico,20.29,5,2026-04-10 00:00:00,Obdulia Tamarit Ferrero,Guipúzcoa
Cubo de basura plástico,41.49,14,2025-11-17 00:00:00,Porfirio Fernández,Ciudad
Cubo organizador,41.66,5,2025-08-29 00:00:00,Maristela Cánovas Morante,Murcia
Cubo de basura plástico,3.67,12,2025-08-28 00:00:00,Victoriano Néstor Monreal Rozas,Álava
Cubo de basura plástico,49.19,3,2025-12-28 00:00:00,Severiano Álvaro Cerdá Perelló,Huesca
Cubo organizador,11.66,11,2026-04-18 00:00:00,Manu Amores Prats,Guadalajara
Muñeco de plástico,38.56,9,2025-11-27 00:00:00,Sonia Quintana Juárez,Lleida
Utensilio de cocina plástico,23.49,1,2025-10-29 00:00:00,Clara de Valbuena,Segovia
Silla plástica,3.14,6,2026-05-06 00:00:00,Perla de Rosell,Vizcaya
Envase plástico,32.5,4,2026-03-17 00:00:00,Octavio de Cabeza,Ourense
Cubo organizador,47.62,15,2026-02-23 00:00:00,Plácido Valdés-Giralt,Almería
Cubo organizador,9.24,8,2025-12-14 00:00:00,Maura Xiomara Flor Perelló,Tarragona
Cubo organizador,13.59,11,2025-11-11 00:00:00,Mirta Orozco Báez,Córdoba
Tupper,35.54,9,2025-12-06 00:00:00,María Del Carmen Macaria Requena Sanmiguel,Sevilla
Botella PET,10.82,19,2026-01-30 00:00:00,Nilda Caro Rodríguez,Lugo
Envase plástico,31.16,3,2025-10-22 00:00:00,Plinio Agullo Beltran,Toledo
Juguete de plástico,35.05,10,2025-11-16 00:00:00,Lisandro Mur Ruano,Ciudad
Cubo organizador,14.92,6,2025-05-27 00:00:00,Benita Ramón Alfaro,Vizcaya
Utensilio de cocina plástico,1.71,5,2025-06-09 00:00:00,Oriana Ferreras,Ávila
Juguete de plástico,10.21,5,2026-03-01 00:00:00,Jordana Torrens-Querol,Álava
Pelota plástica,19.07,16,2026-05-11 00:00:00,Esther Asenjo Alarcón,Las Palmas
Tupper,45.66,7,2025-12-27 00:00:00,Maximiano Checa Bonet,Madrid
Cubo organizador,41.56,4,2025-12-22 00:00:00,Hernán Gibert,Alicante
Cubo de basura plástico,47.37,16,2025-11-07 00:00:00,Florentina Colom Donaire,La Coruña
Juguete de plástico,34.56,14,2026-01-08 00:00:00,Salomón Martorell Sacristán,Guipúzcoa
Envase plástico,17.02,2,2025-12-05 00:00:00,Macario Jose Angel Juárez Campillo,Santa Cruz de Tenerife
Utensilio de cocina plástico,46.03,5,2026-04-03 00:00:00,Crescencia Cámara Rivera,Soria
Cubo de basura plástico,39.02,13,2026-02-23 00:00:00,Macarena Espinosa,Málaga
Botella PET,32.13,2,2025-08-05 00:00:00,Milagros María Jesús Alvarado Santiago,Guipúzcoa
Botella PET,24.3,18,2026-05-17 00:00:00,Roque Gallego Huguet,Santa Cruz de Tenerife
Utensilio de cocina plástico,42.83,6,2025-08-02 00:00:00,Abril Domitila Quintero Caballero,Almería
Muñeco de plástico,20.54,4,2025-10-28 00:00:00,Alexandra de Larrea,Las Palmas
Botella PET,22.88,7,2025-10-17 00:00:00,Esperanza Palau Meléndez,Murcia
Silla plástica,28.24,8,2025-10-15 00:00:00,Sonia de Aranda,Salamanca
Muñeco de plástico,14.12,14,2025-06-28 00:00:00,Beatriz Muñoz Sancho,La Coruña
Envase plástico,31.8,3,2025-12-01 00:00:00,Hortensia Cuevas Antón,Asturias
Cubo organizador,24.23,12,2025-11-24 00:00:00,Chus Girona-Piquer,Zamora
Silla plástica,27.99,17,2025-10-08 00:00:00,Héctor Alonso Baños,Zamora
Juguete de plástico,20.31,3,2026-03-03 00:00:00,Tania Pons Orozco,Girona
Botella PET,27.34,8,2025-05-29 00:00:00,Demetrio Franch Tejedor,Tarragona
Botella PET,24.68,11,2025-07-17 00:00:00,Reina Barberá Aguiló,Guadalajara
Botella PET,49.07,12,2025-10-30 00:00:00,Evangelina Vicente Tenorio,Las Palmas
Tupper,32.63,2,2025-06-23 00:00:00,Rafael de Cañas,Lleida
Cubo organizador,5.65,1,2026-01-26 00:00:00,Andrea Bonilla-Baquero,Granada
Tupper,48.42,14,2025-08-01 00:00:00,Dan Juárez Porras,Valladolid
Utensilio de cocina plástico,43.67,14,2025-07-16 00:00:00,Vicenta Carrión Seguí,Toledo
Cubo de basura plástico,34.38,3,2025-08-11 00:00:00,Bienvenida Ródenas Murcia,León
Utensilio de cocina plástico,18.88,9,2025-09-14 00:00:00,Filomena Puerta Cantón,Huesca
Silla plástica,8.48,4,2025-06-30 00:00:00,Olivia Jaume Alba,Cáceres
Muñeco de plástico,3.81,14,2026-02-27 00:00:00,Liliana Iñiguez Alvarez,Cádiz
Botella PET,43.56,6,2025-09-20 00:00:00,Juan Antonio Cadenas Escrivá,Castellón
Cubo de basura plástico,8.16,4,2026-03-01 00:00:00,Guadalupe del Abascal,Melilla
Juguete de plástico,8.03,8,2026-03-03 00:00:00,Visitación de Coloma,Granada
Silla plástica,27.01,16,2026-01-29 00:00:00,Palmira Luján Villalba,Zaragoza
Cubo organizador,21.57,4,2026-04-14 00:00:00,Adelia Badía-Fabregat,Zaragoza
Cubo de basura plástico,40.42,8,2026-05-12 00:00:00,Estela Gonzalo Catalán,Melilla
Tupper,43.08,15,2026-03-04 00:00:00,Nico Alcides Galvez Barrio,Pontevedra
Botella PET,22.88,16,2026-05-14 00:00:00,Brígida Aznar Gárate,Cuenca
Muñeco de plástico,16.46,19,2025-06-18 00:00:00,Luis Dominguez Garay,Toledo
Botella PET,4.89,10,2025-09-25 00:00:00,Máximo Carrera-Olivares,Granada
Tupper,23.91,7,2025-11-11 00:00:00,Purificación Pol Cámara,Badajoz
Envase plástico,9.38,15,2025-11-01 00:00:00,Trinidad Valle,Albacete
Cubo organizador,48.46,18,2025-12-06 00:00:00,Julieta Seguí Andrés,Valencia
Juguete de plástico,39.42,19,2025-10-07 00:00:00,Martin Geraldo Miralles Cabanillas,Ourense
Envase plástico,13.01,10,2025-07-22 00:00:00,María Del Carmen Anaya Campos,Melilla
Muñeco de plástico,39.08,10,2025-07-07 00:00:00,Maximiliano Ferreras Guerra,Álava
Utensilio de cocina plástico,5.6,2,2026-05-14 00:00:00,Elisabet Pellicer Montoya,Salamanca
Envase plástico,49.98,11,2025-09-23 00:00:00,Mariano Guzmán Garriga,Burgos
Muñeco de plástico,44.71,19,2025-07-25 00:00:00,Telmo Arrieta Montalbán,La Coruña
Pelota plástica,13.67,6,2025-06-19 00:00:00,Imelda Ferrán Capdevila,Huesca
Envase plástico,40.87,16,2025-09-23 00:00:00,Perlita Escalona Arjona,Lugo
Juguete de plástico,2.88,16,2025-10-31 00:00:00,Ernesto Ureña Aguirre,Las Palmas
Envase plástico,42.6,6,2025-10-26 00:00:00,Olegario Pelayo Porta,Álava
Utensilio de cocina plástico,29.87,12,2026-04-03 00:00:00,Ángel Seguí Montero,Santa Cruz de Tenerife
Envase plástico,27.09,6,2025-12-17 00:00:00,César Robles,Tarragona
Botella PET,25.98,18,2025-12-11 00:00:00,Fortunata Valderrama Barriga,Baleares
Cubo organizador,39.74,1,2025-08-27 00:00:00,Lilia Cabrera Cañizares,Huelva
Silla plástica,43.82,8,2026-04-01 00:00:00,Bernardo Ribes Mir,Cantabria
Muñeco de plástico,5.11,11,2025-07-26 00:00:00,Ovidio Coca Saldaña,Toledo
Tupper,11.31,1,2026-02-10 00:00:00,Mayte Casanova Sosa,Badajoz
Botella PET,7.55,4,2025-07-16 00:00:00,Cecilia Sevillano Prado,Lugo
Cubo de basura plástico,48.93,9,2025-07-16 00:00:00,Fanny Benavente Pizarro,Madrid
Envase plástico,25.48,7,2026-03-19 00:00:00,Anselma Odalys Cobo Nogueira,Vizcaya
Juguete de plástico,30.73,18,2026-01-04 00:00:00,Luciano Riera Vilar,Ávila
Cubo de basura plástico,7.78,19,2025-11-15 00:00:00,Cristóbal Rueda Diéguez,Ourense
Botella PET,39.81,19,2025-06-20 00:00:00,Haydée Múñiz,La Rioja
Pelota plástica,18.13,1,2026-02-28 00:00:00,Teodosio Cabrera Flores,Guadalajara
Juguete de plástico,33.99,5,2026-05-10 00:00:00,Gonzalo Alfredo Larrea Morante,Cáceres
Juguete de plástico,11.9,8,2025-09-23 00:00:00,Carlota de Vicente,Cádiz
Envase plástico,7.0,19,2026-02-18 00:00:00,Maura Mateo Alvarez,León
Tupper,12.15,17,2025-09-04 00:00:00,Nando Rovira,Las Palmas
Cubo de basura plástico,13.51,20,2025-08-23 00:00:00,Ana Arenas,Jaén
Cubo organizador,17.34,4,2026-03-01 00:00:00,Celso Aranda Gómez,Asturias
Cubo organizador,2.29,17,2026-03-12 00:00:00,María Ángeles Serrano-Gascón,Murcia
Cubo organizador,43.79,10,2025-12-19 00:00:00,Ligia Baquero Arteaga,Palencia
Pelota plástica,6.37,14,2025-06-12 00:00:00,Belén Hoz,Guipúzcoa
Cubo de basura plástico,46.25,13,2025-12-21 00:00:00,Nicolás Company Amorós,León
Envase plástico,39.61,6,2026-02-06 00:00:00,Yaiza Odalys Pujadas Sarabia,Ciudad
Botella PET,17.38,17,2025-07-06 00:00:00,Tristán Rueda Macias,Álava
Silla plástica,48.6,8,2026-01-31 00:00:00,Teobaldo de Martorell,Jaén
Muñeco de plástico,35.85,3,2025-08-04 00:00:00,Ricardo Santos Pulido,Asturias
Tupper,31.31,2,2025-11-11 00:00:00,Joan Santamaria Salcedo,Valencia
Envase plástico,6.79,18,2025-12-11 00:00:00,Isidora Selena Iborra Gómez,Asturias
Cubo organizador,46.27,17,2025-07-04 00:00:00,Jordana Ramos-Saura,León
Cubo organizador,46.68,8,2025-10-27 00:00:00,Eli Soria-Tena,Álava
Tupper,36.78,4,2025-08-25 00:00:00,María Carmen del Trillo,Álava
Cubo organizador,13.16,19,2025-12-22 00:00:00,Rosendo Olegario Guardia Llorens,Valencia
Silla plástica,21.36,10,2026-03-25 00:00:00,Lorenza Alemán Céspedes,Alicante
Juguete de plástico,15.83,17,2025-07-04 00:00:00,Asdrubal de Valero,Almería
Pelota plástica,15.24,8,2026-01-29 00:00:00,Felisa Vila Durán,Teruel
Botella PET,26.97,16,2026-05-11 00:00:00,Lara Guzman-Carmona,Valencia
Juguete de plástico,29.4,15,2025-12-26 00:00:00,Jacinta Pelayo Riba,Lugo
Cubo de basura plástico,1.25,4,2025-12-25 00:00:00,Eusebia Estrada Villar,Santa Cruz de Tenerife
Tupper,25.04,16,2025-12-09 00:00:00,Susana Tomé,La Rioja
Silla plástica,10.68,7,2025-07-08 00:00:00,Rufino Gaspar Puente Peña,Valencia
Cubo de basura plástico,8.32,2,2025-08-22 00:00:00,María José Velázquez Valencia,Ourense
Juguete de plástico,3.73,5,2026-04-05 00:00:00,Azahar Vergara,Lleida
Botella PET,33.57,19,2025-11-09 00:00:00,Adora Bautista Pons,Álava
Juguete de plástico,49.72,3,2026-03-30 00:00:00,Samu Pablo Almansa Pavón,Almería
Cubo organizador,19.12,20,2025-09-11 00:00:00,Fabricio Garzón Chaparro,Guipúzcoa
Cubo organizador,12.48,7,2026-05-19 00:00:00,Raúl Montesinos Ramón,Guipúzcoa
Cubo de basura plástico,14.66,16,2026-03-17 00:00:00,Rosendo Castañeda,Baleares
Envase plástico,6.53,9,2026-01-12 00:00:00,Celestina Serra-Pereira,Ceuta
Juguete de plástico,47.81,13,2025-12-10 00:00:00,Galo Redondo Fuentes,Guipúzcoa
Tupper,32.72,10,2025-11-08 00:00:00,Manu Humberto Bas Alcántara,Las Palmas
Muñeco de plástico,20.18,1,2025-12-19 00:00:00,Joaquín de Cabañas,Segovia
Juguete de plástico,49.83,5,2025-11-13 00:00:00,Lourdes del Barco,Las Palmas
Cubo de basura plástico,39.35,18,2026-03-10 00:00:00,Saturnino del Lopez,Guadalajara
Cubo de basura plástico,22.0,19,2025-08-23 00:00:00,Elpidio Río,Soria
Envase plástico,1.14,9,2025-09-24 00:00:00,Lorenza Simó Adadia,Granada
Juguete de plástico,26.76,1,2026-02-15 00:00:00,Rosendo Oliver Vidal,León
Utensilio de cocina plástico,17.3,12,2026-01-10 00:00:00,Gracia Vallés-Borrás,Lleida
Envase plástico,15.14,6,2025-07-17 00:00:00,Dora Olivares,Barcelona
Botella PET,15.68,3,2026-01-15 00:00:00,Lupita Fanny Barceló Morillo,Álava
Silla plástica,30.2,1,2025-09-11 00:00:00,Carmen Molina Palma,Burgos
Utensilio de cocina plástico,4.23,16,2026-03-22 00:00:00,Manolo Roma-Lladó,Huelva
Juguete de plástico,8.77,17,2025-09-20 00:00:00,Violeta Barriga Vera,Zaragoza
Utensilio de cocina plástico,23.19,13,2026-05-14 00:00:00,Dimas Leoncio Conde Franco,Murcia
Tupper,34.0,8,2026-03-18 00:00:00,Santiago Duarte,Guadalajara
Silla plástica,37.24,12,2026-02-19 00:00:00,Zoraida Mercader Vallejo,Ourense
Silla plástica,29.58,15,2025-09-01 00:00:00,Agustina Flor-Casado,Almería
Envase plástico,11.03,13,2026-01-29 00:00:00,Nacho del Palomo,Huesca
Cubo de basura plástico,34.54,4,2025-07-02 00:00:00,Curro Vázquez Balaguer,Ávila
Muñeco de plástico,44.64,9,2025-06-03 00:00:00,Reyes Rodrigo Rozas,Ciudad
Envase plástico,46.61,15,2025-11-28 00:00:00,Álvaro Sainz Borrás,Toledo
Tupper,20.64,9,2025-12-04 00:00:00,Paola Nebot Mercader,Málaga
Utensilio de cocina plástico,35.73,15,2026-01-18 00:00:00,Venceslás Palmer Mariscal,La Rioja
Botella PET,9.56,8,2025-07-18 00:00:00,Juan Pacheco Ribera,Barcelona
Silla plástica,39.91,10,2026-03-31 00:00:00,Hector Andreu Gómez,Zamora
Juguete de plástico,30.91,12,2026-02-21 00:00:00,Mónica del Casals,La Coruña
Cubo organizador,3.13,18,2025-12-10 00:00:00,Zaida Grande Mateos,Teruel
Juguete de plástico,14.35,14,2026-02-03 00:00:00,Chuy Piñol Molina,Almería
Utensilio de cocina plástico,39.55,13,2025-10-25 00:00:00,Gastón Mas Alvarez,Cuenca
Cubo organizador,24.45,5,2025-06-28 00:00:00,Filomena Manrique Revilla,Guipúzcoa
Utensilio de cocina plástico,2.86,13,2026-02-18 00:00:00,Concepción del Segovia,Toledo
Botella PET,32.22,4,2025-08-31 00:00:00,Reyna Ordóñez Carbó,Córdoba
Cubo de basura plástico,13.81,4,2025-10-27 00:00:00,Paca Gilabert Villalobos,Lugo
Juguete de plástico,14.81,2,2025-07-09 00:00:00,Calixto Estevez-Planas,Teruel
Envase plástico,14.75,12,2025-12-24 00:00:00,María Cristina Gertrudis Corbacho Morell,Alicante
Envase plástico,16.66,19,2026-01-21 00:00:00,Salomé Galiano-Llamas,Ceuta
Silla plástica,18.07,14,2026-03-05 00:00:00,Lupe Manzano Jordá,Vizcaya
Utensilio de cocina plástico,22.19,12,2026-02-01 00:00:00,Juanito Campillo Bastida,Navarra
Envase plástico,10.01,8,2026-05-13 00:00:00,Guadalupe del Bermejo,Badajoz
Envase plástico,25.97,15,2025-07-20 00:00:00,Leonardo Lucio Canales Prado,Badajoz
Botella PET,41.59,6,2025-12-25 00:00:00,Luna Antón,Jaén
Cubo organizador,3.63,16,2026-03-22 00:00:00,Belén Arnal-Saez,Badajoz
Botella PET,11.79,19,2025-08-20 00:00:00,Alma del Vaquero,Huelva
Juguete de plástico,16.9,19,2025-05-28 00:00:00,Luna Giner Gárate,Baleares
Utensilio de cocina plástico,49.37,19,2026-04-20 00:00:00,Elpidio Alcolea Pina,Granada
Utensilio de cocina plástico,46.05,3,2026-03-01 00:00:00,Fanny Borrell Lara,Madrid
Tupper,25.64,11,2025-08-06 00:00:00,Marciano del Carbó,Burgos
Pelota plástica,25.68,7,2026-02-01 00:00:00,Hugo Seguí Martin,Ourense
Envase plástico,8.96,4,2026-03-24 00:00:00,Rosario Leal Prieto,Teruel
Botella PET,34.44,11,2025-08-21 00:00:00,Fabricio Hernandez,Sevilla
Tupper,15.97,11,2025-08-30 00:00:00,Domingo Paz Pons,Girona
Cubo de basura plástico,20.48,2,2025-12-28 00:00:00,Nilo Diéguez Montesinos,Baleares
Cubo de basura plástico,36.6,20,2025-05-30 00:00:00,Valentina del Arnaiz,Cáceres
Muñeco de plástico,28.22,16,2025-08-15 00:00:00,Rosario Segura,Soria
Envase plástico,11.38,17,2025-11-04 00:00:00,Gloria Ugarte Román,La Rioja
Utensilio de cocina plástico,8.18,5,2026-01-13 00:00:00,Anselmo Navarrete Arrieta,Córdoba
Silla plástica,18.65,14,2025-10-16 00:00:00,Estefanía Martínez Llobet,Las Palmas
Envase plástico,4.46,6,2026-04-29 00:00:00,Brígida Carro Puig,Santa Cruz de Tenerife
Pelota plástica,16.33,11,2025-08-12 00:00:00,Fulgencio Barreda Macías,Guipúzcoa
Cubo organizador,15.77,16,2025-06-03 00:00:00,Humberto Juanito Cabrero Duran,Tarragona
Pelota plástica,40.94,11,2026-05-03 00:00:00,Jose Ramón de Cuadrado,Teruel
Envase plástico,20.99,11,2025-09-05 00:00:00,Toni Rico,Asturias
Silla plástica,29.25,12,2025-05-27 00:00:00,Concha Saldaña-Tur,Melilla
Utensilio de cocina plástico,24.95,2,2026-05-05 00:00:00,Sonia del Figueras,Valladolid
Silla plástica,43.57,8,2025-07-31 00:00:00,María Espiridión Catalán Moreno,Ávila
Tupper,31.98,13,2025-11-03 00:00:00,Mariano Fiol Roselló,Tarragona
Utensilio de cocina plástico,3.16,18,2026-01-21 00:00:00,Trinidad Vidal,Vizcaya
Juguete de plástico,15.01,5,2026-04-27 00:00:00,Anastasio Exposito Sierra,Zamora
Cubo de basura plástico,37.83,4,2025-07-20 00:00:00,Sabina Nicolau Hurtado,Teruel
Envase plástico,4.26,2,2025-05-31 00:00:00,Alejandra de Muñoz,Huesca
Cubo de basura plástico,13.6,17,2026-01-06 00:00:00,Gerónimo Sanz Cánovas,Badajoz
Botella PET,34.0,7,2026-04-24 00:00:00,Dorotea Camila Frías Izquierdo,Melilla
Utensilio de cocina plástico,1.29,8,2025-07-23 00:00:00,Fabricio Clemente Casanova,Málaga
Cubo de basura plástico,32.88,2,2025-08-16 00:00:00,María Ángeles Dalila Goicoechea Zamora,Las Palmas
Tupper,16.96,16,2026-03-03 00:00:00,Lázaro Diaz-Marí,Sevilla
Botella PET,20.92,11,2026-03-04 00:00:00,Gregorio Paniagua Herranz,Melilla
Cubo organizador,46.48,20,2025-11-26 00:00:00,Pepita Mascaró Diego,Soria
Envase plástico,14.48,9,2026-03-01 00:00:00,Catalina Guzmán Garcés,Álava
Cubo organizador,30.11,15,2025-06-21 00:00:00,Apolonia Cadenas-Almeida,Guipúzcoa
Pelota plástica,45.08,8,2026-03-27 00:00:00,Salud Marcia Vizcaíno Pellicer,Navarra
Juguete de plástico,26.32,15,2026-05-01 00:00:00,Nazaret Jove Miralles,Navarra
Tupper,44.25,3,2025-09-14 00:00:00,Brunilda Luís Elorza,Ávila
Silla plástica,23.55,10,2026-04-18 00:00:00,Begoña del Sanabria,Cáceres
Utensilio de cocina plástico,30.14,5,2025-07-22 00:00:00,Lidia Mascaró Cañete,Segovia
Muñeco de plástico,4.03,4,2025-12-29 00:00:00,Cristian Palma,Castellón
Tupper,16.46,13,2026-04-17 00:00:00,María Dolores Velasco Molina,Santa Cruz de Tenerife
Pelota plástica,10.47,16,2026-03-17 00:00:00,Azahar Iñiguez Montalbán,Teruel
Juguete de plástico,40.52,16,2026-05-06 00:00:00,Francisco Velasco,León
Utensilio de cocina plástico,43.79,4,2026-04-06 00:00:00,Dionisio Higueras Vega,Madrid
Cubo organizador,15.28,8,2025-06-15 00:00:00,Arcelia Alfonso,Ciudad
Pelota plástica,25.85,15,2026-05-20 00:00:00,Herminio Alfaro Lucena,Santa Cruz de Tenerife
Botella PET,28.38,16,2025-08-05 00:00:00,Faustino Martín Anguita,Ávila
Utensilio de cocina plástico,28.16,9,2025-11-15 00:00:00,Georgina Aramburu,Cádiz
Juguete de plástico,8.36,20,2025-11-28 00:00:00,Cesar de Rebollo,Ciudad
Cubo organizador,24.95,11,2026-05-11 00:00:00,Isidora Barón Cabeza,Palencia
Juguete de plástico,12.14,7,2026-04-21 00:00:00,Sosimo Gerardo Noriega Tamayo,Badajoz
Tupper,5.39,17,2026-02-26 00:00:00,Virginia Oller Palomares,Ciudad
Juguete de plástico,48.61,9,2025-11-24 00:00:00,Jerónimo Montserrat Cuesta,Madrid
Juguete de plástico,4.27,8,2026-04-13 00:00:00,Berta Vallés Cerro,Valencia
Tupper,12.83,12,2025-08-30 00:00:00,Macarena Girona Mesa,Soria
Juguete de plástico,36.22,4,2025-09-05 00:00:00,Ismael Guardia Martí,Guadalajara
Juguete de plástico,36.59,14,2026-02-01 00:00:00,Emilia Benet Espejo,Córdoba
Tupper,38.67,8,2025-08-29 00:00:00,Calisto Geraldo Carbó Tamayo,Albacete
Silla plástica,21.08,1,2025-11-01 00:00:00,Nicolasa Priego Castell,Ourense
Silla plástica,8.22,20,2026-04-10 00:00:00,María Del Carmen Montaña Jódar,Soria
Muñeco de plástico,6.18,4,2025-09-26 00:00:00,Dionisia Rita Luna Gimenez,Ourense
Silla plástica,34.41,1,2025-10-26 00:00:00,Gervasio Gallardo Arnal,Alicante
Envase plástico,27.53,16,2025-10-10 00:00:00,Felisa Reyes Fajardo,Huesca
Cubo organizador,23.37,1,2025-05-28 00:00:00,Simón Duarte Baró,Cuenca
Juguete de plástico,28.72,5,2026-01-01 00:00:00,Ainoa Segarra Ordóñez,Ourense
Pelota plástica,21.53,8,2025-12-19 00:00:00,Regina Mateos,Tarragona
Envase plástico,26.55,1,2025-07-31 00:00:00,Julieta Poza,La Coruña
Juguete de plástico,28.76,1,2025-06-27 00:00:00,Esther del Salgado,Ourense
Cubo de basura plástico,28.95,4,2025-06-23 00:00:00,Salvador Navas Almeida,Madrid
Cubo de basura plástico,32.73,11,2026-03-31 00:00:00,Edu Tamayo Blasco,Alicante
Tupper,30.91,20,2026-04-08 00:00:00,Sabas Moliner Ortuño,Zaragoza
Juguete de plástico,28.78,11,2025-07-25 00:00:00,Juan Carlos Medina Garcia,Guipúzcoa
Muñeco de plástico,18.1,14,2025-09-24 00:00:00,Otilia Espinosa Vilalta,Álava
Botella PET,45.52,9,2025-07-11 00:00:00,Cesar Bartolomé Quiroga,Teruel
Envase plástico,28.43,9,2025-06-02 00:00:00,Sonia Gibert Iborra,Jaén
Utensilio de cocina plástico,27.18,9,2025-08-29 00:00:00,Kike Salamanca Artigas,Álava
Utensilio de cocina plástico,32.5,18,2025-11-17 00:00:00,Alejandra Viña Marín,Badajoz
Tupper,2.68,2,2025-06-17 00:00:00,Dora Leiva Gutierrez,Toledo
Tupper,40.39,5,2026-03-24 00:00:00,Esther Sans,Badajoz
Silla plástica,22.81,12,2026-04-26 00:00:00,Juanito Tadeo Vargas Piñeiro,Melilla
Muñeco de plástico,29.11,1,2025-07-19 00:00:00,Herberto Estévez Sáez,Teruel
Muñeco de plástico,3.15,15,2025-05-28 00:00:00,Leocadia Sandoval Bernat,Córdoba
Pelota plástica,23.45,14,2025-10-27 00:00:00,Hilda Perez-Saez,Castellón
Cubo de basura plástico,41.17,7,2025-11-01 00:00:00,Isidro Lobato Luján,Toledo
Botella PET,28.07,17,2025-08-01 00:00:00,Rita Fernanda Macías Gallo,Cádiz
Tupper,25.91,2,2026-02-16 00:00:00,Dafne Calatayud Trujillo,Barcelona
Botella PET,44.8,2,2026-01-07 00:00:00,Esmeralda Alma Martín Pinto,Cádiz
Utensilio de cocina plástico,29.61,13,2025-10-08 00:00:00,Adán Gabriel Torre Miguel,Almería
Muñeco de plástico,8.47,1,2025-10-03 00:00:00,Miguel Campo Quiroga,Guadalajara
Muñeco de plástico,47.68,14,2025-12-28 00:00:00,Begoña Solís Barragán,Málaga
Envase plástico,47.89,13,2025-12-26 00:00:00,Haroldo Alfaro Barón,Málaga
Cubo organizador,23.84,8,2025-06-13 00:00:00,Salomé Loreto Cerdán Rivera,Lleida
Silla plástica,9.5,3,2025-10-17 00:00:00,Isabela Marqués,Huelva
Utensilio de cocina plástico,35.16,9,2025-06-19 00:00:00,Emelina Pedro Benítez,Teruel
Cubo de basura plástico,8.44,7,2026-01-06 00:00:00,Valero Valera Rovira,Cantabria
Botella PET,35.53,10,2026-02-08 00:00:00,Natalia Uribe Naranjo,Badajoz
Muñeco de plástico,16.04,9,2025-07-15 00:00:00,Sarita Eufemia Manuel Ramirez,Las Palmas
Utensilio de cocina plástico,39.44,5,2026-01-08 00:00:00,Plinio Chaves León,Cáceres
Pelota plástica,35.91,1,2025-09-08 00:00:00,Edu Lobo,Navarra
Utensilio de cocina plástico,16.98,14,2026-01-08 00:00:00,Celia Echeverría,Guadalajara
Botella PET,40.33,3,2026-02-15 00:00:00,Édgar Alsina,Sevilla
Botella PET,3.1,20,2025-09-30 00:00:00,Adelaida Quintana Blázquez,Cantabria
Juguete de plástico,12.95,14,2025-07-28 00:00:00,Gil Montero Bermúdez,Cádiz
Cubo organizador,15.33,8,2025-11-09 00:00:00,Eleuterio Godoy,Ourense
Envase plástico,34.31,3,2025-11-03 00:00:00,Alcides del Saldaña,Segovia
Envase plástico,36.98,5,2025-10-12 00:00:00,Wilfredo Chacón Arenas,Granada
Utensilio de cocina plástico,30.25,8,2025-07-17 00:00:00,Manuela Samper Palma,Alicante
Muñeco de plástico,44.9,12,2025-06-13 00:00:00,Bonifacio Cerro Arco,Sevilla
Pelota plástica,39.92,17,2025-09-30 00:00:00,Mercedes Ariño,Toledo
Tupper,43.35,14,2025-09-22 00:00:00,Bernardo Cantón-Salinas,Lugo
Pelota plástica,46.28,5,2026-01-13 00:00:00,Cristina Asenjo Ortiz,Asturias
Tupper,3.6,16,2025-12-20 00:00:00,Adriana Corbacho Cepeda,Albacete
Envase plástico,31.23,19,2026-05-14 00:00:00,Adela Mendizábal Nuñez,Almería
Utensilio de cocina plástico,35.9,13,2025-07-10 00:00:00,Maxi Jerez Bernat,Asturias
Envase plástico,21.6,3,2026-01-28 00:00:00,Gilberto Batlle Mateu,Almería
Pelota plástica,6.79,3,2026-04-17 00:00:00,Maura Saura-Almazán,Tarragona
Cubo organizador,13.62,12,2025-06-15 00:00:00,Florencia Belda Fiol,Toledo
Botella PET,27.47,6,2026-05-08 00:00:00,Moreno Maximino Amat Solera,Ceuta
Botella PET,3.4,16,2026-04-12 00:00:00,Gala Bru Amorós,Tarragona
Botella PET,5.69,11,2025-11-12 00:00:00,Pablo Cabrera Arcos,Vizcaya
Utensilio de cocina plástico,35.34,2,2025-07-12 00:00:00,Alejandra Gabriela Aznar Montserrat,Almería
Muñeco de plástico,11.49,15,2026-01-15 00:00:00,Olga Marí,Toledo
Cubo organizador,49.89,8,2026-02-26 00:00:00,Elba Cañas Vicente,Vizcaya
Envase plástico,43.89,2,2025-11-01 00:00:00,Amaro Garzón Español,Toledo
Botella PET,7.26,13,2026-03-24 00:00:00,Amando Carrera Ortiz,Baleares
Cubo de basura plástico,19.43,17,2025-12-03 00:00:00,Gil Agullo Roura,Toledo
Cubo organizador,3.87,9,2025-06-16 00:00:00,Albina Piñeiro Jiménez,Las Palmas
Cubo de basura plástico,14.31,18,2025-08-27 00:00:00,Salvador Elorza Mariño,Palencia
Pelota plástica,22.78,3,2026-04-02 00:00:00,Trinidad Revilla-Carbó,Ávila
Envase plástico,47.93,8,2026-02-18 00:00:00,Rosa María América Olivé Yáñez,Girona
Tupper,11.07,3,2026-03-18 00:00:00,Lina Vergara Gomis,Castellón
Cubo de basura plástico,24.19,12,2025-07-29 00:00:00,María Dolores Pineda Cantero,Ávila
Utensilio de cocina plástico,42.42,11,2026-04-10 00:00:00,Baldomero Riera Agustín,Cáceres
Pelota plástica,29.2,7,2026-04-25 00:00:00,Marina de Caparrós,Huesca
Botella PET,19.49,17,2025-07-04 00:00:00,Eli del Carbó,Granada
Tupper,27.95,20,2025-11-14 00:00:00,Fabián Martinez Reina,Huelva
Tupper,4.44,13,2025-12-02 00:00:00,Édgar Raya-Guzman,Pontevedra
Envase plástico,11.41,7,2026-04-14 00:00:00,Bárbara Pozuelo Comas,Baleares
Silla plástica,49.95,15,2025-11-21 00:00:00,Lisandro Orozco Aguilar,Cuenca
Utensilio de cocina plástico,21.83,1,2026-02-16 00:00:00,Ana Belén Aguado Vergara,Guadalajara
Cubo de basura plástico,46.81,11,2025-08-26 00:00:00,Simón Rodrigo Múgica Fernández,Guadalajara
Tupper,39.27,2,2026-04-25 00:00:00,Álvaro Ernesto Cabello Rubio,Barcelona
Cubo organizador,25.62,20,2025-08-08 00:00:00,Rosenda Recio-Tur,Las Palmas
Juguete de plástico,31.48,2,2025-10-10 00:00:00,Danilo Arenas Amaya,Burgos
Muñeco de plástico,4.27,14,2025-08-26 00:00:00,Hugo José Manuel Andres Prado,Cádiz
Cubo de basura plástico,6.49,7,2026-05-02 00:00:00,Reyes Cifuentes,Pontevedra
Pelota plástica,20.73,8,2025-07-06 00:00:00,Felix del Soria,Teruel
Envase plástico,6.07,3,2026-05-09 00:00:00,Candelario Suárez Asensio,Guipúzcoa
Silla plástica,29.44,5,2026-04-08 00:00:00,Ana Sofía Gabaldón Navas,Pontevedra
Cubo organizador,13.25,16,2025-08-15 00:00:00,Zaida Pulido Becerra,Santa Cruz de Tenerife
Juguete de plástico,14.08,16,2025-05-28 00:00:00,Cloe Fuster Sarmiento,Navarra
Cubo de basura plástico,14.9,5,2026-03-21 00:00:00,Rodolfo Daniel Arco Lara,Jaén
Envase plástico,4.43,15,2025-12-08 00:00:00,Alma Priego Vizcaíno,Almería
Botella PET,2.63,4,2025-12-07 00:00:00,Priscila del Verdú,Santa Cruz de Tenerife
Tupper,46.37,17,2025-10-03 00:00:00,Evaristo Merino Marín,Toledo
Muñeco de plástico,21.68,2,2026-04-15 00:00:00,Che de Casares,Soria
Tupper,1.23,17,2025-07-20 00:00:00,Olivia Tejedor Riquelme,Valladolid
Utensilio de cocina plástico,19.44,7,2026-02-19 00:00:00,Aureliano Sáenz Pombo,Vizcaya
Juguete de plástico,49.75,9,2025-10-27 00:00:00,Blanca Saavedra-Blasco,Zaragoza
Botella PET,10.64,3,2025-09-25 00:00:00,Nazaret Lola Bosch Chamorro,Soria
Muñeco de plástico,26.51,14,2025-10-06 00:00:00,Gervasio del Cortes,Cantabria
Utensilio de cocina plástico,16.91,19,2025-12-24 00:00:00,Abigaíl Roda Ávila,Asturias
Envase plástico,29.12,10,2025-11-30 00:00:00,Amada Sedano Benavides,Lugo
Cubo de basura plástico,32.84,17,2026-05-11 00:00:00,Felipe Quintanilla-Bauzà,Ciudad
Utensilio de cocina plástico,39.8,10,2025-10-05 00:00:00,Jose Carlos Guardiola Antón,Valencia
Silla plástica,21.42,16,2025-08-17 00:00:00,María Luisa Espada,Cantabria
Envase plástico,3.53,7,2026-05-18 00:00:00,Julieta Águila Quintana,La Rioja
Muñeco de plástico,11.25,8,2025-08-17 00:00:00,Patricio Castejón Cordero,La Coruña
Cubo de basura plástico,33.37,7,2025-07-23 00:00:00,Anselma Cañas Gonzalo,Girona
Utensilio de cocina plástico,39.46,5,2025-05-31 00:00:00,Jessica Salgado Maza,Málaga
Cubo organizador,20.73,6,2025-07-12 00:00:00,Melania Solera,Cáceres
Silla plástica,36.19,19,2026-03-15 00:00:00,Teresita Alcolea Chico,Lleida
Tupper,14.33,15,2025-06-12 00:00:00,Pili Garcia Muro,Huesca
Cubo organizador,13.48,11,2026-04-04 00:00:00,Patricio Román Bosch,Guadalajara
Cubo de basura plástico,16.17,19,2026-03-26 00:00:00,Goyo Anguita,Huesca
Tupper,25.98,15,2026-04-13 00:00:00,Encarnación Pastora Millán Rosselló,Teruel
Envase plástico,3.54,6,2025-12-13 00:00:00,Candelaria del Borrell,Salamanca
Botella PET,22.17,20,2025-07-14 00:00:00,Agustina del Miralles,Badajoz
Muñeco de plástico,14.93,20,2025-10-21 00:00:00,Bruno Ramos Verdú,Palencia
Cubo organizador,14.15,19,2026-03-19 00:00:00,Yago Contreras Berrocal,Ceuta
Silla plástica,4.38,15,2025-09-26 00:00:00,Carlota Campoy-Bosch,Albacete
Silla plástica,17.45,8,2025-12-06 00:00:00,Berto Bermejo Rius,Soria
Envase plástico,30.7,11,2026-04-30 00:00:00,Emigdio Cuenca Machado,Vizcaya
Utensilio de cocina plástico,11.15,3,2026-05-12 00:00:00,Rufina Ocaña Niño,Zamora
Cubo organizador,43.15,9,2026-01-08 00:00:00,Elena Gutierrez Ferrández,Burgos
Silla plástica,43.77,9,2025-07-10 00:00:00,Griselda Román Manzano,Toledo
Cubo organizador,47.47,11,2025-06-26 00:00:00,Dafne Puig Mercader,Palencia
Envase plástico,29.13,2,2025-10-03 00:00:00,Leonardo del Casado,Jaén
Botella PET,3.89,3,2025-09-15 00:00:00,Adalberto de Ledesma,Albacete
Cubo organizador,19.95,19,2025-10-17 00:00:00,Hipólito Trujillo,Burgos
Envase plástico,43.88,16,2025-06-08 00:00:00,Fátima Roig-Ferrán,Vizcaya
Silla plástica,47.3,4,2026-04-09 00:00:00,Baltasar Canales Espejo,Ciudad
Muñeco de plástico,48.11,4,2025-09-18 00:00:00,Jesús Mulet Abascal,Ávila
Cubo de basura plástico,20.72,11,2025-08-26 00:00:00,Wálter Cano Oliver,Jaén
Cubo de basura plástico,11.57,12,2025-12-02 00:00:00,Fabiola Escamilla,Guipúzcoa
Tupper,16.27,18,2025-06-18 00:00:00,Fernando Salgado,Huesca
Cubo organizador,34.93,13,2025-12-08 00:00:00,Lorenzo José Manuel Codina Báez,Guipúzcoa
Tupper,3.16,5,2025-12-12 00:00:00,Amor de Blanch,Guipúzcoa
Cubo de basura plástico,35.36,11,2025-06-04 00:00:00,Tere Encarnación Mendoza Carbó,Cáceres
Botella PET,30.92,13,2026-03-16 00:00:00,Susana Requena,Murcia
Juguete de plástico,40.64,11,2026-02-24 00:00:00,Amado Anacleto Vilanova López,Las Palmas
Juguete de plástico,22.05,16,2025-11-12 00:00:00,Tristán Barrio Morata,Tarragona
Muñeco de plástico,36.7,16,2026-03-04 00:00:00,Fermín Bou Sedano,Granada
Muñeco de plástico,40.52,20,2026-05-02 00:00:00,Josep Celestino Vallés Zamorano,Burgos
Envase plástico,21.37,6,2025-12-04 00:00:00,Joan Garcia Parejo,Teruel
Cubo de basura plástico,47.87,12,2025-10-30 00:00:00,Fortunata Rivero Cordero,Álava
Utensilio de cocina plástico,31.2,12,2025-08-11 00:00:00,Lara Ferrando,León
Muñeco de plástico,18.3,17,2025-12-06 00:00:00,Jose del Carrión,Burgos
Silla plástica,17.48,6,2026-05-05 00:00:00,Maximiliano Cabañas,Huelva
Silla plástica,4.5,4,2026-03-14 00:00:00,Juan Antonio Saavedra Artigas,Murcia
Envase plástico,46.58,8,2025-07-21 00:00:00,Luisina Cánovas,Palencia
Utensilio de cocina plástico,18.09,20,2025-12-15 00:00:00,Milagros Mate Gargallo,La Rioja
Juguete de plástico,5.63,20,2025-07-09 00:00:00,Roxana Terrón Peralta,Córdoba
Cubo de basura plástico,23.86,10,2025-10-29 00:00:00,Delfina Guardiola-Cortina,Albacete
Muñeco de plástico,8.01,10,2025-12-16 00:00:00,Isidora de Bayón,Castellón
Cubo de basura plástico,31.2,10,2025-12-06 00:00:00,Etelvina Planas Cañete,Ávila
Pelota plástica,6.92,8,2025-07-17 00:00:00,Máximo Nogués Tejera,Teruel
Pelota plástica,43.98,11,2025-11-15 00:00:00,María Ángeles Carbó Ureña,Valladolid
Tupper,4.16,12,2025-06-26 00:00:00,Cristian Mario Quirós Noguera,Alicante
Envase plástico,42.94,18,2025-10-14 00:00:00,Modesto Salom Miralles,Toledo
Envase plástico,39.38,3,2025-09-26 00:00:00,Moreno Baudelio Figueras Adadia,Cáceres
Muñeco de plástico,41.24,14,2025-11-06 00:00:00,Luis Ángel Acedo Araujo,Alicante
Utensilio de cocina plástico,36.82,17,2026-03-17 00:00:00,Dalila Yáñez Francisco,Lugo
Envase plástico,21.88,12,2026-03-31 00:00:00,José Manuel Frutos Varela,Valladolid
Botella PET,2.63,3,2025-12-19 00:00:00,Marina Tolosa-Macías,Guipúzcoa
Cubo organizador,20.03,2,2026-05-19 00:00:00,Morena Leiva Echeverría,Huelva
Muñeco de plástico,28.26,14,2025-12-15 00:00:00,Pánfilo Perelló Pelayo,Salamanca
Juguete de plástico,49.41,16,2025-11-25 00:00:00,Luz Herrero Mercader,Badajoz
Botella PET,13.69,1,2026-02-08 00:00:00,Águeda de Baró,Burgos
Silla plástica,30.44,8,2026-02-06 00:00:00,Bernabé Ricart Tejada,Burgos
Utensilio de cocina plástico,44.92,1,2026-03-12 00:00:00,Encarnacion del Solís,Huelva
Envase plástico,18.24,10,2025-09-07 00:00:00,Loida del Gomis,Asturias
Utensilio de cocina plástico,42.83,4,2026-03-21 00:00:00,José María Bastida Galindo,Lugo
Envase plástico,30.99,11,2026-02-27 00:00:00,Timoteo Llamas-Vargas,Ciudad
Silla plástica,25.75,7,2025-10-12 00:00:00,Noemí Millán Paz,Ceuta
Cubo de basura plástico,21.05,18,2025-08-12 00:00:00,Gilberto del Figueras,Valladolid
Tupper,28.2,16,2025-10-11 00:00:00,Evangelina del Cabeza,La Coruña
Botella PET,40.08,7,2026-01-08 00:00:00,Fabián Arribas Santana,Tarragona
Muñeco de plástico,41.16,19,2025-12-01 00:00:00,Rosalinda del Tello,Baleares
Silla plástica,21.97,19,2026-02-18 00:00:00,Quirino Prat,Las Palmas
Cubo de basura plástico,18.4,6,2025-09-27 00:00:00,Abraham Rosa Arcos,Melilla
Cubo organizador,3.07,2,2026-02-21 00:00:00,Marcela Mínguez Alberto,Cuenca
Juguete de plástico,8.19,13,2025-10-06 00:00:00,Amor de Taboada,Navarra
Botella PET,15.04,11,2025-08-11 00:00:00,Carmelo Benitez Suarez,La Rioja
Botella PET,35.56,7,2025-06-12 00:00:00,Pepe Ocaña,Barcelona
Muñeco de plástico,33.35,19,2025-08-30 00:00:00,Leyre Sancho,Almería
Utensilio de cocina plástico,29.49,5,2026-04-07 00:00:00,Prudencia de Villalobos,Sevilla
Cubo de basura plástico,36.55,6,2026-03-02 00:00:00,Adoración Gargallo Fuentes,Burgos
Botella PET,17.63,11,2025-10-02 00:00:00,Natalia Ofelia Sastre Busquets,Soria
Silla plástica,37.35,19,2026-02-19 00:00:00,Salud Cerdán Fuster,Córdoba
Pelota plástica,34.66,9,2025-12-16 00:00:00,Ovidio Macías Coloma,Lugo
Pelota plástica,15.21,10,2026-04-19 00:00:00,Luisina Aragonés Carreño,Girona
Cubo organizador,6.03,14,2026-05-19 00:00:00,Delia Silva Catalá,Valladolid
Cubo de basura plástico,17.16,4,2025-07-14 00:00:00,Flora Paola Bilbao Llamas,Guadalajara
Tupper,14.48,9,2025-11-08 00:00:00,Amador Alcalde Hernandez,Ciudad
Silla plástica,32.61,3,2025-11-25 00:00:00,Urbano Colomer Feijoo,Santa Cruz de Tenerife
Silla plástica,5.59,11,2025-06-13 00:00:00,Regina Dominguez Soria,Córdoba
Botella PET,32.96,20,2025-09-22 00:00:00,Francisca Paola Ayuso Santana,Zamora
Pelota plástica,11.31,19,2025-06-11 00:00:00,Cristian Miguel Roselló,Sevilla
Juguete de plástico,34.19,10,2025-09-30 00:00:00,Carina de Morales,Cáceres
Utensilio de cocina plástico,31.34,5,2026-01-01 00:00:00,Teresa Heras-Querol,Burgos
Cubo de basura plástico,6.02,18,2025-07-01 00:00:00,Florentina Paz Pons,La Coruña
Envase plástico,43.84,5,2025-10-23 00:00:00,Clarisa Mir Llamas,Sevilla
Juguete de plástico,29.11,13,2025-08-09 00:00:00,Ricardo Sandoval,Burgos
Cubo de basura plástico,17.23,11,2025-10-10 00:00:00,Elena Valdés Aller,Cuenca
Muñeco de plástico,30.77,20,2025-06-06 00:00:00,Luz Carreño Franco,Palencia
Botella PET,25.2,3,2025-10-06 00:00:00,Severino Agustí Beltrán,Guipúzcoa
Juguete de plástico,4.21,8,2025-10-11 00:00:00,Reina Tamayo Fuster,Baleares
Pelota plástica,49.74,5,2026-04-26 00:00:00,Jose Miguel Anguita Olmedo,Lugo
Botella PET,48.49,16,2026-04-16 00:00:00,Juan Francisco Luque-Báez,Almería
Cubo de basura plástico,6.17,5,2026-03-28 00:00:00,Cristian Marcos,Guadalajara
Cubo organizador,8.55,1,2026-05-15 00:00:00,Baltasar Barranco Ruiz,Soria
Envase plástico,7.33,19,2026-04-12 00:00:00,Soledad Girona Palau,Valladolid
Pelota plástica,7.64,6,2025-06-29 00:00:00,Brunilda Morell Burgos,Ávila
Juguete de plástico,46.0,8,2025-09-12 00:00:00,Rolando Mosquera Madrid,Salamanca
Utensilio de cocina plástico,46.76,13,2025-06-10 00:00:00,Domingo Seco Beltrán,Córdoba
Utensilio de cocina plástico,3.44,18,2026-05-04 00:00:00,Petrona Benavides Zamora,Cádiz
Botella PET,19.87,5,2026-01-29 00:00:00,Lorenzo Padilla Cervera,Lugo
Tupper,18.37,13,2025-07-24 00:00:00,Emilio del Jiménez,Salamanca
Utensilio de cocina plástico,12.62,5,2026-02-27 00:00:00,Jaime Macías Bellido,Barcelona
Silla plástica,25.96,8,2025-07-06 00:00:00,Demetrio Cervantes-Nadal,Murcia
Muñeco de plástico,3.43,15,2026-04-08 00:00:00,Jacinta Folch Guerrero,Madrid
Pelota plástica,24.48,12,2026-04-20 00:00:00,Clarisa Lorenzo Ibañez,Almería
Cubo organizador,47.06,1,2026-05-18 00:00:00,Pánfilo Diez,Ávila
Muñeco de plástico,28.62,10,2025-08-24 00:00:00,Cecilio Dionisio Bermudez Camacho,Girona
Envase plástico,3.62,18,2025-12-22 00:00:00,Francisca Ponce Sánchez,Málaga
Utensilio de cocina plástico,32.51,6,2025-07-03 00:00:00,Pepe Talavera Reyes,Huesca
Juguete de plástico,10.26,6,2025-09-07 00:00:00,Narcisa Diéguez Montero,Badajoz
Muñeco de plástico,40.62,7,2025-12-08 00:00:00,Aureliano Matías Arnal Calatayud,Albacete
Utensilio de cocina plástico,11.77,9,2026-04-13 00:00:00,Iris Vizcaíno Rocamora,Valencia
Juguete de plástico,16.5,10,2025-09-15 00:00:00,Pía Riera Seco,Navarra
Envase plástico,18.33,19,2025-07-18 00:00:00,Amor Torrent-Yuste,Zaragoza
Botella PET,39.65,7,2025-08-12 00:00:00,Aitor Cuéllar-Bartolomé,León
Utensilio de cocina plástico,35.05,17,2025-09-04 00:00:00,Estefanía Pelayo Bou,Huelva
Botella PET,33.43,7,2025-08-07 00:00:00,Herberto Rey Asensio,La Coruña
Utensilio de cocina plástico,12.73,19,2025-11-21 00:00:00,Cornelio Guardia,Huesca
Muñeco de plástico,10.46,17,2025-08-15 00:00:00,Micaela Luque Jordán,Valencia
Silla plástica,47.89,7,2026-01-14 00:00:00,Renato del Neira,Zamora
Cubo de basura plástico,1.49,14,2025-09-30 00:00:00,Faustino de Gárate,La Rioja
Botella PET,9.91,3,2026-03-25 00:00:00,Maricruz Garriga Villaverde,Zamora
Muñeco de plástico,48.28,19,2026-04-07 00:00:00,Apolonia Gracia Verdugo Guzman,Asturias
Juguete de plástico,26.1,12,2025-11-13 00:00:00,Osvaldo Neira Amores,Santa Cruz de Tenerife
Tupper,12.98,6,2025-09-18 00:00:00,Nydia Hoyos-Roman,Baleares
Cubo organizador,44.58,1,2025-07-11 00:00:00,Eligia Baquero Blázquez,Cantabria
Utensilio de cocina plástico,44.84,13,2025-10-31 00:00:00,Roberta Vilalta Diaz,Córdoba
Botella PET,24.13,9,2025-08-08 00:00:00,Telmo de Cuevas,Córdoba
Pelota plástica,7.43,19,2025-09-10 00:00:00,Inés del Castelló,Segovia
Tupper,11.61,9,2025-10-01 00:00:00,Aníbal Barrios Borrell,León
Pelota plástica,41.95,16,2026-05-01 00:00:00,Josefina Tello,Segovia
Envase plástico,47.45,14,2025-08-13 00:00:00,Matías Palacio Pla,Zamora
Silla plástica,9.08,13,2025-12-27 00:00:00,Asunción del Pedrero,Segovia
Muñeco de plástico,14.8,15,2025-08-22 00:00:00,Anacleto Cepeda,Asturias
Envase plástico,2.39,20,2026-02-14 00:00:00,Vito Ibáñez Jordán,Castellón
Silla plástica,26.71,20,2025-10-23 00:00:00,Francisco Javier Alcalá Villena,Valladolid
Cubo organizador,41.87,16,2025-08-12 00:00:00,Anita del Ureña,Girona
Juguete de plástico,36.65,13,2026-04-07 00:00:00,Verónica Hervia Gálvez,Zaragoza
Pelota plástica,21.69,17,2025-08-16 00:00:00,Rosario Abella Ribas,Valladolid
Tupper,16.46,12,2025-11-26 00:00:00,Milagros Ballester Baró,Baleares
Juguete de plástico,25.85,19,2025-09-05 00:00:00,Cirino de Jódar,Pontevedra
Pelota plástica,24.62,19,2026-03-07 00:00:00,Sosimo Jódar Chico,Segovia
Envase plástico,4.99,14,2026-04-09 00:00:00,Josué Espejo Pons,León
Pelota plástica,39.21,2,2026-01-05 00:00:00,Amarilis Torre Vargas,La Rioja
Pelota plástica,6.49,19,2025-07-08 00:00:00,Paulina Roldan-Girona,Jaén
Silla plástica,44.06,12,2025-12-13 00:00:00,Domingo de Batalla,Toledo
Tupper,29.13,2,2025-06-03 00:00:00,Susanita Fuertes Bermudez,Zaragoza
Muñeco de plástico,39.98,13,2025-11-20 00:00:00,Silvia Collado Beltran,Álava
Pelota plástica,17.25,15,2026-04-02 00:00:00,Rafa Martin Mosquera,Zamora
Cubo organizador,41.78,16,2026-05-10 00:00:00,Florina Pedro Carbonell,Barcelona
Pelota plástica,2.03,5,2025-12-08 00:00:00,Luis Mur,Cuenca
Envase plástico,1.73,16,2026-04-05 00:00:00,Gonzalo de Dominguez,Ciudad
Utensilio de cocina plástico,36.13,13,2025-12-21 00:00:00,Teobaldo Castellanos Infante,Valencia
Pelota plástica,23.02,7,2025-07-02 00:00:00,Maribel de Guerra,Murcia
Tupper,29.69,10,2026-03-27 00:00:00,Arturo Espada,Madrid
Juguete de plástico,10.68,12,2026-01-06 00:00:00,Saturnina Peral Solano,Navarra
Silla plástica,20.14,9,2025-09-15 00:00:00,Diego Piñol,Tarragona
Silla plástica,14.93,5,2026-05-18 00:00:00,Marita Beltrán Planas,Cuenca
Cubo organizador,28.13,2,2026-01-28 00:00:00,Leire Monreal-Espinosa,Álava
Juguete de plástico,33.43,20,2025-08-19 00:00:00,Tecla Giralt-Jover,Cádiz
Tupper,26.02,11,2026-02-04 00:00:00,Leonel Ramirez,Cáceres
Pelota plástica,4.54,15,2025-10-09 00:00:00,Jennifer Montesinos Marqués,Baleares
Pelota plástica,11.57,12,2025-08-10 00:00:00,Edu Hoyos Maestre,Madrid
Muñeco de plástico,11.84,8,2025-12-22 00:00:00,Pacífica Lastra,Albacete
Tupper,48.53,11,2025-06-02 00:00:00,Concepción Salvador,Sevilla
Muñeco de plástico,13.15,14,2026-02-13 00:00:00,Quique Alba Pera,La Coruña
Cubo organizador,44.26,19,2025-08-19 00:00:00,Marcia de Teruel,Navarra
Pelota plástica,15.75,5,2026-02-21 00:00:00,Rosario Jáuregui Múgica,Soria
Juguete de plástico,32.85,16,2026-05-08 00:00:00,Horacio Heliodoro Benavent Luís,La Coruña
Botella PET,43.25,19,2025-05-30 00:00:00,Gema Simó,Madrid
Botella PET,26.36,19,2026-05-18 00:00:00,Noemí Cintia Sanz Aguilar,Jaén
Silla plástica,5.67,8,2026-02-20 00:00:00,Fortunato Correa Ballesteros,Ourense
Envase plástico,23.3,5,2025-09-29 00:00:00,Candelario del Juan,Soria
Envase plástico,17.03,16,2025-06-01 00:00:00,Ismael de Palacio,Alicante
Tupper,38.67,13,2025-12-13 00:00:00,Mar Figueroa Alfaro,Málaga
Utensilio de cocina plástico,10.67,14,2025-10-14 00:00:00,Salomón Cañizares Barba,Burgos
Muñeco de plástico,14.81,3,2025-07-04 00:00:00,Eleuterio Cornejo Pi,Guadalajara
Juguete de plástico,24.46,16,2025-06-08 00:00:00,Isaura de Camacho,Las Palmas
Tupper,8.31,15,2026-01-10 00:00:00,Edu Miralles Olivares,Jaén
Utensilio de cocina plástico,44.91,1,2025-07-02 00:00:00,Narcisa Frías Elías,Pontevedra
Tupper,2.52,13,2025-08-21 00:00:00,Cornelio Aguilar,Navarra
Tupper,6.86,6,2025-12-18 00:00:00,Onofre Iván Torrecilla Salazar,Barcelona
Envase plástico,18.84,14,2026-01-16 00:00:00,Felisa Nevado Vega,Cantabria
Pelota plástica,31.42,5,2026-04-13 00:00:00,Reynaldo Vizcaíno Márquez,Huelva
Juguete de plástico,11.28,11,2025-07-26 00:00:00,Mirta Carmona Larrea,Huesca
Envase plástico,47.36,12,2025-12-14 00:00:00,Griselda Almagro Daza,Cantabria
Cubo organizador,18.65,12,2025-11-06 00:00:00,Yaiza Cáceres Gordillo,Murcia
Cubo organizador,3.93,14,2026-05-27 00:00:00,Marcio Uría-Torrens,Toledo
Juguete de plástico,25.31,16,2025-07-14 00:00:00,Rosa María Barón Leiva,Albacete
Cubo organizador,26.91,15,2025-09-23 00:00:00,Lorenzo Manzanares Corbacho,Segovia
Cubo de basura plástico,41.56,13,2025-08-06 00:00:00,Josep Aroca Pacheco,Alicante
Muñeco de plástico,2.45,10,2026-01-02 00:00:00,Victoriano Palomares Sarabia,Pontevedra
Pelota plástica,28.2,13,2025-10-04 00:00:00,Estrella Salmerón-Aranda,Zaragoza
Tupper,6.05,5,2025-11-09 00:00:00,Noemí Zaragoza Coello,Córdoba
Muñeco de plástico,29.61,19,2026-05-22 00:00:00,Candelaria Cabeza Bayona,Huelva
Pelota plástica,15.26,10,2026-02-24 00:00:00,Genoveva Franco Chamorro,Ceuta
Silla plástica,15.86,17,2026-05-10 00:00:00,Claudia Boada Figueras,Salamanca
Silla plástica,34.59,3,2026-01-20 00:00:00,Leonor Calzada,Valladolid
Juguete de plástico,4.77,9,2025-10-15 00:00:00,Samanta Lara Madrigal,Santa Cruz de Tenerife
Cubo de basura plástico,26.28,18,2026-04-23 00:00:00,Pepita Bermudez Girona,Cuenca
Utensilio de cocina plástico,39.17,20,2026-03-31 00:00:00,Borja Canales Toro,Melilla
Cubo organizador,32.27,18,2025-10-22 00:00:00,Amanda Jerez,Lleida
Botella PET,30.13,9,2025-07-11 00:00:00,Zaira Montalbán Merino,Almería
Muñeco de plástico,3.83,19,2025-08-19 00:00:00,Jenaro Fabián Corominas Gilabert,La Coruña
Tupper,46.52,17,2025-12-20 00:00:00,Daniela Verdú Palomo,Málaga
Juguete de plástico,35.56,7,2026-04-02 00:00:00,Isa Nélida Pera Ferreras,Málaga
Utensilio de cocina plástico,41.58,2,2025-07-08 00:00:00,Esmeralda Barriga Arrieta,Las Palmas
Botella PET,30.77,20,2026-02-18 00:00:00,Inocencio de Calvo,Murcia
Botella PET,49.25,6,2025-07-16 00:00:00,Mario del Mate,Pontevedra
Utensilio de cocina plástico,13.27,17,2026-02-01 00:00:00,Azeneth Tomás Frutos,Navarra
Botella PET,31.91,11,2025-09-04 00:00:00,Isidoro Leiva Navarrete,Teruel
Silla plástica,3.24,20,2025-06-11 00:00:00,Mireia Franch Aliaga,Guadalajara
Tupper,45.92,13,2025-09-22 00:00:00,Cesar Yuste-Benito,Melilla
Cubo de basura plástico,18.39,1,2025-10-15 00:00:00,Nicolás Valls Zaragoza,Pontevedra
Botella PET,19.04,1,2025-07-19 00:00:00,Lorena de Bárcena,Lugo
Cubo de basura plástico,49.73,14,2026-05-11 00:00:00,Curro Coello Bueno,Palencia
Tupper,1.15,19,2025-10-25 00:00:00,Natalio Acedo Rojas,Cáceres
Cubo de basura plástico,36.51,1,2026-01-05 00:00:00,Ramona Berrocal Yáñez,Valencia
Cubo de basura plástico,7.42,17,2025-11-01 00:00:00,Álvaro Morcillo Marco,Málaga
Muñeco de plástico,24.73,15,2025-06-27 00:00:00,Víctor Martí Ferrero,Huesca
Pelota plástica,4.5,10,2025-08-08 00:00:00,Noelia Luján Carrión,Santa Cruz de Tenerife
Cubo de basura plástico,26.22,9,2026-05-24 00:00:00,Ignacia Zurita Llorens,Cáceres
Envase plástico,7.12,10,2025-10-16 00:00:00,Eligia Nogueira Cuevas,Castellón
Muñeco de plástico,40.77,10,2025-11-19 00:00:00,Melisa Francisca Solana Rebollo,Guipúzcoa
Pelota plástica,24.05,18,2025-11-14 00:00:00,Montserrat Oliva Sanmartín,Toledo
Cubo de basura plástico,48.66,7,2025-12-13 00:00:00,Susanita Santos-Borrego,Las Palmas
Tupper,4.38,19,2026-04-02 00:00:00,Aristides Hernández Roma,Pontevedra
Envase plástico,37.89,3,2025-08-06 00:00:00,Edelmira Dominga Roig Perera,Zamora
Envase plástico,36.58,2,2025-07-19 00:00:00,Anselma Linares Andrade,Palencia
Cubo de basura plástico,37.32,1,2026-04-18 00:00:00,Visitación Azucena Macías Andreu,Guadalajara
Tupper,45.17,1,2025-12-18 00:00:00,Nicolasa de Teruel,La Coruña
Muñeco de plástico,3.85,17,2025-07-28 00:00:00,Celia de Roman,Las Palmas
Cubo de basura plástico,31.09,20,2025-08-24 00:00:00,Jesús Giner-Santos,Cantabria
Silla plástica,5.05,7,2026-05-16 00:00:00,Leonor Romeu Tomas,Álava
Juguete de plástico,17.97,8,2025-12-03 00:00:00,Hortensia de Luque,Las Palmas
Tupper,16.29,19,2026-03-16 00:00:00,Macarena Agustí-Pont,Asturias
Utensilio de cocina plástico,10.54,15,2026-02-16 00:00:00,Pili Sedano Fábregas,Santa Cruz de Tenerife
Cubo de basura plástico,32.28,16,2025-07-07 00:00:00,Rosario del Puerta,Castellón
Utensilio de cocina plástico,10.61,17,2026-02-02 00:00:00,Encarna Mariño Marí,Valencia
Silla plástica,1.96,8,2025-06-09 00:00:00,Constanza Mireia Zaragoza Rocha,Navarra
Muñeco de plástico,3.39,20,2025-10-02 00:00:00,Eloísa Losada,Lleida
Muñeco de plástico,38.97,17,2026-01-29 00:00:00,Amando Romero Soria,Las Palmas
Juguete de plástico,27.76,9,2026-04-13 00:00:00,Máxima Lerma Elías,Cádiz
Juguete de plástico,2.23,3,2026-03-16 00:00:00,Hilda Blanch Serna,Guipúzcoa
Utensilio de cocina plástico,42.29,16,2026-01-24 00:00:00,Tecla Prieto Jordán,Zaragoza
Cubo de basura plástico,32.54,4,2026-03-26 00:00:00,Raquel del Monreal,Almería
Muñeco de plástico,47.74,9,2025-08-30 00:00:00,Arcelia Jove Guijarro,Murcia
Juguete de plástico,9.56,12,2025-08-24 00:00:00,Nieves Villar-Solana,Zaragoza
Pelota plástica,37.32,6,2025-08-27 00:00:00,Humberto de Acedo,Huesca
Tupper,20.89,20,2025-08-15 00:00:00,Custodio Alberto Quero Cordero,Melilla
Silla plástica,42.82,4,2025-07-06 00:00:00,René Dan Zabaleta Rivas,Barcelona
Tupper,25.45,4,2025-06-02 00:00:00,Juanita Machado,Madrid
Juguete de plástico,49.08,15,2025-08-29 00:00:00,Fernando de Ríos,Córdoba
Juguete de plástico,41.01,18,2025-11-22 00:00:00,Teresa Gascón Hierro,Castellón
Muñeco de plástico,38.06,1,2026-02-21 00:00:00,Isidora Castejón Casal,Jaén
Muñeco de plástico,34.94,17,2026-02-10 00:00:00,Ulises Alejo Barragán Casanova,Cuenca
Botella PET,36.98,11,2025-09-03 00:00:00,Roque Curro Castellanos Sierra,Badajoz
Cubo de basura plástico,15.03,7,2026-04-14 00:00:00,Liliana Margarita Pineda Mayo,La Rioja
Pelota plástica,44.52,4,2026-01-17 00:00:00,Dalila Giner,Teruel
Pelota plástica,48.71,9,2025-06-12 00:00:00,Isidro Armengol Huertas,Tarragona
Cubo de basura plástico,16.69,14,2025-08-27 00:00:00,Rodolfo del Esteve,Santa Cruz de Tenerife
Pelota plástica,42.21,2,2025-06-28 00:00:00,Carmina Bellido,Segovia
Silla plástica,44.99,4,2026-05-02 00:00:00,Zaira Figueras Garrido,Barcelona
Botella PET,26.08,17,2026-04-13 00:00:00,Edgardo Heras Carmona,Badajoz
Envase plástico,3.16,10,2026-01-12 00:00:00,Tamara Bermudez Rosado,León
Cubo organizador,23.34,2,2026-01-17 00:00:00,Pacífica Luz Caro Berrocal,Girona
Muñeco de plástico,45.92,17,2026-01-19 00:00:00,Salomón Santiago Castrillo,Córdoba
Utensilio de cocina plástico,5.15,16,2026-01-24 00:00:00,Obdulia Botella Soler,Sevilla
Muñeco de plástico,3.07,7,2026-03-04 00:00:00,María Manuela Rivera Roig,Lugo
Cubo organizador,4.76,5,2025-11-04 00:00:00,Adela Sanchez-Rebollo,Córdoba
Cubo organizador,4.5,10,2026-04-22 00:00:00,Mirta Conde,Melilla
Envase plástico,35.03,17,2025-11-19 00:00:00,Bonifacio Dávila Núñez,Girona
Pelota plástica,15.18,2,2026-03-06 00:00:00,Prudencia Barbero Perera,Toledo
Silla plástica,14.87,7,2026-02-13 00:00:00,Jose Luis Ramón-Bertrán,Granada
Tupper,23.63,18,2026-05-10 00:00:00,Ámbar Martin Villaverde,Guipúzcoa
Cubo organizador,37.8,18,2025-06-14 00:00:00,Bonifacio Mir Checa,Lugo
Muñeco de plástico,21.28,13,2025-11-08 00:00:00,Antonio Bustos Alegria,Cáceres
Utensilio de cocina plástico,47.61,11,2026-01-18 00:00:00,Malena Santiago Haro,Cádiz
Envase plástico,45.01,7,2026-02-18 00:00:00,Aníbal Blas Daza Pedro,Huelva
Cubo de basura plástico,41.83,5,2026-05-06 00:00:00,Florinda Berrocal Amorós,Alicante
Tupper,24.82,5,2026-05-19 00:00:00,Narciso Sanabria Larrañaga,Murcia
Silla plástica,30.39,3,2026-03-04 00:00:00,Francisca del Giménez,Cádiz
Cubo organizador,9.71,10,2025-08-22 00:00:00,Custodio Batlle Guillen,Alicante
Envase plástico,15.8,20,2025-06-04 00:00:00,Lucho Santamaría Rebollo,Madrid
Utensilio de cocina plástico,4.64,12,2025-10-13 00:00:00,Candela Dominguez-Escobar,Toledo
Juguete de plástico,26.15,15,2025-10-22 00:00:00,Clímaco Gascón Rueda,Ávila
Botella PET,49.73,20,2025-06-06 00:00:00,Germán Soria Rincón,Ceuta
Pelota plástica,1.31,5,2025-07-11 00:00:00,Anna Gual Bustos,Lleida
Envase plástico,22.78,1,2026-03-25 00:00:00,Cándido Valero Escamilla,Albacete
Botella PET,42.88,7,2026-04-12 00:00:00,Lalo de Cueto,Badajoz
Pelota plástica,10.25,15,2026-03-04 00:00:00,Modesto Alberola Sanz,Sevilla
Cubo de basura plástico,36.83,1,2025-09-02 00:00:00,Pepito Ricart,Toledo
Utensilio de cocina plástico,1.45,1,2025-07-20 00:00:00,Mamen Estrella Ramón Ordóñez,León
Muñeco de plástico,17.4,19,2025-08-21 00:00:00,Evaristo Posada Valverde,Zaragoza
Cubo organizador,35.0,15,2026-03-01 00:00:00,Nidia del Fuentes,La Coruña
Muñeco de plástico,3.08,7,2025-12-02 00:00:00,Ariel Juan Pablo Galiano Pou,Girona
Silla plástica,15.1,16,2025-06-22 00:00:00,Zacarías Ordóñez,Pontevedra
Muñeco de plástico,26.07,2,2025-09-24 00:00:00,Jose Manuel Cámara Monreal,Barcelona
Silla plástica,29.05,5,2025-10-26 00:00:00,Candela Jáuregui Prats,Asturias
Tupper,40.73,9,2025-07-25 00:00:00,Julián Chico Vara,Soria
Juguete de plástico,23.55,20,2025-07-04 00:00:00,Wálter Cervera Canals,Navarra
Botella PET,7.49,12,2026-03-18 00:00:00,Ainoa Sosa Blázquez,Murcia
Utensilio de cocina plástico,12.48,6,2025-09-12 00:00:00,Paloma Arenas Gomis,Sevilla
Envase plástico,30.94,13,2026-04-01 00:00:00,Urbano Jerónimo Quirós Lumbreras,Ciudad
Pelota plástica,32.15,1,2026-01-25 00:00:00,María Jesús Quesada Amaya,Huesca
Envase plástico,34.79,10,2025-07-09 00:00:00,Bernarda Bernal Segovia,Granada
Utensilio de cocina plástico,11.8,7,2026-02-17 00:00:00,Eufemia Roldan Cantón,Zamora
Muñeco de plástico,14.86,19,2025-12-29 00:00:00,Maximiano Carreras Peñalver,Valencia
Tupper,41.71,15,2025-10-09 00:00:00,Telmo de Alvarado,Ávila
Tupper,21.4,16,2025-08-07 00:00:00,Benito Puga-Porcel,Segovia
Muñeco de plástico,44.59,14,2025-08-24 00:00:00,María Dolores Pagès Saura,Granada
Muñeco de plástico,22.76,18,2025-11-10 00:00:00,Aroa Aramburu Alcalá,Zamora
Silla plástica,45.04,19,2026-01-11 00:00:00,Dani Real,Cuenca
Silla plástica,46.47,4,2025-06-16 00:00:00,Gil Alfonso-Corral,Palencia
Juguete de plástico,4.39,1,2025-11-19 00:00:00,Rosenda del Ballesteros,Toledo
Pelota plástica,32.45,6,2026-05-06 00:00:00,Cosme Zamora,Zamora
Cubo organizador,45.99,5,2026-03-28 00:00:00,María Abellán Roura,Murcia
Juguete de plástico,47.6,15,2025-07-21 00:00:00,Ildefonso Llorens Conde,Málaga
Tupper,13.05,2,2025-09-27 00:00:00,Juan Luis Olmedo Arranz,Jaén
Juguete de plástico,1.89,3,2025-10-14 00:00:00,Florentina Tolosa,Almería
Utensilio de cocina plástico,16.15,16,2025-11-21 00:00:00,Amparo Landa-Águila,Toledo
Muñeco de plástico,43.83,2,2025-08-31 00:00:00,Eugenia Anglada Escribano,Badajoz
Utensilio de cocina plástico,7.43,10,2025-10-04 00:00:00,Bernarda de Malo,Sevilla
Silla plástica,34.07,9,2025-07-18 00:00:00,Clara Muro Cornejo,Castellón
Envase plástico,27.54,9,2026-01-28 00:00:00,Galo Jose Miguel Sáez Clavero,Badajoz
Utensilio de cocina plástico,26.97,9,2025-09-04 00:00:00,Rafaela de Ojeda,Navarra
Cubo organizador,45.02,1,2025-09-11 00:00:00,Mariana Marí Saez,Cantabria
Pelota plástica,30.59,2,2025-11-12 00:00:00,Gisela Sol Clemente Recio,Vizcaya
Cubo de basura plástico,15.0,15,2025-06-19 00:00:00,Cristian Barros-Maza,Soria
Utensilio de cocina plástico,22.06,19,2025-07-13 00:00:00,Camilo Marti,Segovia
Muñeco de plástico,20.77,6,2026-01-15 00:00:00,Salomón Villalonga Collado,Almería
Cubo organizador,25.59,14,2026-04-04 00:00:00,Ceferino Villalonga-Gisbert,La Rioja
Cubo organizador,31.37,19,2025-11-21 00:00:00,Marisol Enríquez,Almería
Utensilio de cocina plástico,11.88,6,2025-10-15 00:00:00,Óscar Correa Jaume,Álava
Muñeco de plástico,15.21,9,2025-10-22 00:00:00,Gala Garzón Roldán,Toledo
Tupper,37.67,6,2026-05-20 00:00:00,Pacífica Armengol Naranjo,Córdoba
Silla plástica,24.9,3,2025-09-17 00:00:00,Perlita Santiago Ortuño,Asturias
Botella PET,31.45,20,2026-04-27 00:00:00,Clemente Pedraza Cárdenas,Cáceres
Envase plástico,31.27,15,2026-05-14 00:00:00,Gracia Figueras-Campillo,Las Palmas
Cubo de basura plástico,10.07,4,2026-02-20 00:00:00,Isidora Sáenz Barrena,Córdoba
Pelota plástica,16.03,16,2025-10-28 00:00:00,Alejo Gisbert Riba,Castellón
Pelota plástica,29.33,11,2026-03-30 00:00:00,Amada Nicolás Lago,Cáceres
Muñeco de plástico,17.68,10,2025-08-16 00:00:00,Isidro Bermudez Soler,Badajoz
Utensilio de cocina plástico,31.03,4,2025-10-23 00:00:00,Vinicio Saavedra Valentín,Castellón
Juguete de plástico,42.4,5,2025-10-22 00:00:00,Armando Chico Benito,Valencia
Silla plástica,49.65,16,2025-09-28 00:00:00,Abril Campos Roig,Melilla
Utensilio de cocina plástico,13.82,6,2026-02-18 00:00:00,Victorino Olivé Llamas,Albacete
Botella PET,39.59,13,2026-04-13 00:00:00,Salvador Isaías Armengol Samper,Guadalajara
Tupper,20.23,2,2026-01-03 00:00:00,Ovidio Martínez,Almería
Silla plástica,29.46,1,2025-11-22 00:00:00,Petrona del Solana,Lugo
Botella PET,11.19,3,2026-03-26 00:00:00,Lina Landa Toledo,Soria
Silla plástica,30.4,7,2025-07-14 00:00:00,Ezequiel Goicoechea-Olmedo,Córdoba
Silla plástica,21.07,13,2025-09-09 00:00:00,Carlos de Reina,Murcia
Juguete de plástico,18.33,10,2025-11-01 00:00:00,Dulce Carranza Aliaga,Melilla
Silla plástica,49.15,19,2026-05-05 00:00:00,María Jesús Calleja Daza,Alicante
Silla plástica,2.94,14,2025-07-28 00:00:00,Melchor Castelló Tejero,Palencia
Tupper,43.73,3,2026-01-10 00:00:00,Miriam Valencia Marqués,León
Silla plástica,37.3,3,2026-05-07 00:00:00,Marcelo Suárez,Cuenca
Botella PET,42.96,13,2026-02-01 00:00:00,Vicenta Ramírez Campillo,Cádiz
Tupper,36.62,15,2025-06-22 00:00:00,Macaria Julián-Pou,Cádiz
Cubo de basura plástico,35.01,19,2025-10-01 00:00:00,Bernardita Paca Martínez Teruel,Almería
Pelota plástica,15.82,6,2025-11-02 00:00:00,Eleuterio Sáez Reguera,Toledo
Envase plástico,15.82,9,2025-08-02 00:00:00,Martina Gisbert Alcolea,Castellón
Botella PET,30.07,6,2025-06-11 00:00:00,Bienvenida Molins Gomis,Ourense
Muñeco de plástico,38.18,1,2025-05-30 00:00:00,Felix Toro Heras,La Rioja
Cubo organizador,47.39,15,2025-09-28 00:00:00,Samu Quintero Rico,Ourense
Tupper,12.48,11,2025-07-22 00:00:00,Lope Pagès-Jerez,Las Palmas
Cubo de basura plástico,21.8,12,2025-12-08 00:00:00,Elías Tur Goñi,Ciudad
Cubo de basura plástico,11.52,6,2025-09-17 00:00:00,Cebrián Oliver,Teruel
Pelota plástica,43.24,13,2026-02-27 00:00:00,Elodia Vaquero Olivares,Cáceres
Botella PET,40.07,9,2025-10-09 00:00:00,Bernabé Andrés Fábregas,Teruel
Pelota plástica,5.85,20,2025-07-29 00:00:00,Adora Moliner Porcel,Ávila
Silla plástica,27.01,16,2025-09-09 00:00:00,Zacarías Iván Polo Carretero,Las Palmas
Juguete de plástico,4.37,12,2026-05-27 00:00:00,Rodrigo Francisco,Álava
Muñeco de plástico,46.76,8,2026-02-25 00:00:00,Teresita Malo Peñas,Valencia
Utensilio de cocina plástico,49.29,13,2025-11-30 00:00:00,Claudia Robledo Cerro,Badajoz
Silla plástica,20.96,7,2025-06-20 00:00:00,Héctor Núñez Luque,Baleares
Cubo de basura plástico,35.44,19,2026-05-13 00:00:00,Nicanor Vara Gaya,Castellón
Tupper,23.04,20,2026-02-19 00:00:00,Aitana Abril Arce Chamorro,Cuenca
Botella PET,49.01,5,2025-07-20 00:00:00,Marcelo Becerra Bustos,Burgos
Botella PET,44.64,19,2026-02-24 00:00:00,Adrián Bermúdez Llorens,Barcelona
Juguete de plástico,48.94,17,2025-08-27 00:00:00,Jose Cózar Alcázar,Guipúzcoa
Botella PET,11.59,16,2025-12-27 00:00:00,Marcela Rosenda Barragán Pi,Albacete
Botella PET,7.67,15,2025-07-25 00:00:00,Renato Chacón Carrillo,Baleares
Botella PET,9.25,9,2025-12-10 00:00:00,José Antonio del Arjona,Huesca
Juguete de plástico,38.38,20,2025-08-23 00:00:00,Julieta Cazorla Tapia,Navarra
Cubo de basura plástico,32.43,8,2025-12-18 00:00:00,Carmelita Caparrós Miguel,Badajoz
Botella PET,12.39,12,2025-06-25 00:00:00,Rosalía Arellano Segura,Pontevedra
Juguete de plástico,17.43,1,2025-08-20 00:00:00,Clotilde Granados-Valls,Las Palmas
Cubo de basura plástico,46.85,4,2025-08-13 00:00:00,Custodia Vega Manrique,Lleida
Silla plástica,24.52,8,2025-10-24 00:00:00,Fulgencio Martín Bueno Arregui,Cádiz
Cubo de basura plástico,25.97,1,2026-02-17 00:00:00,Blas del Sedano,Albacete
Muñeco de plástico,35.64,8,2025-10-09 00:00:00,Wilfredo Narváez Aragón,Almería
Cubo de basura plástico,46.57,20,2025-10-10 00:00:00,Lucas de Alegre,Sevilla
Juguete de plástico,39.9,16,2025-08-12 00:00:00,Soraya Bayón Abellán,Álava
Juguete de plástico,1.76,5,2025-11-29 00:00:00,Marco Arana Company,Cantabria
Cubo organizador,13.4,10,2025-05-28 00:00:00,Hilario Pedrero Aragón,Las Palmas
Envase plástico,45.43,20,2025-11-26 00:00:00,Lorenzo Bayón Sola,Madrid
Utensilio de cocina plástico,6.07,9,2025-06-21 00:00:00,Belen Olmo-Sanmartín,Asturias
Muñeco de plástico,28.91,13,2025-08-08 00:00:00,David Antón Leiva,Ávila
Cubo de basura plástico,48.79,12,2026-03-23 00:00:00,Fito Sobrino,Málaga
Envase plástico,25.51,13,2025-07-16 00:00:00,Sergio Arenas Noguera,Albacete
Cubo organizador,28.26,20,2025-07-18 00:00:00,Natalia Pedraza Alcántara,Cantabria
Cubo de basura plástico,7.45,19,2025-10-13 00:00:00,Cristian Natalio Leon Tomas,La Coruña
Utensilio de cocina plástico,31.75,14,2025-10-26 00:00:00,Fausto Font Alonso,Melilla
Pelota plástica,27.12,12,2025-07-08 00:00:00,Sigfrido Rico Pérez,Guadalajara
Botella PET,32.91,2,2025-09-16 00:00:00,María Dolores del Quiroga,Ciudad
Silla plástica,33.16,16,2026-02-26 00:00:00,Juana Llamas Gálvez,Almería
Silla plástica,41.51,7,2026-02-24 00:00:00,Camilo Águila Girona,Palencia
Tupper,15.67,17,2025-12-25 00:00:00,Segismundo Llobet,Huelva
Tupper,49.35,16,2025-06-16 00:00:00,Angelina Montaña-Heredia,Ávila
Tupper,45.77,16,2026-01-11 00:00:00,Lidia Castañeda Jerez,Málaga
Silla plástica,31.19,16,2026-02-05 00:00:00,Gonzalo Donoso Llanos,Vizcaya
Pelota plástica,48.25,1,2025-10-06 00:00:00,Amada Carbó Barón,Cáceres
Envase plástico,13.42,8,2025-10-02 00:00:00,Dimas Lozano Escolano,Huelva
Envase plástico,5.49,10,2025-10-24 00:00:00,Leonardo del Camacho,Toledo
Utensilio de cocina plástico,4.35,15,2026-04-01 00:00:00,Cebrián Perera Balaguer,Barcelona
Botella PET,20.12,8,2025-12-20 00:00:00,Casemiro Duque Gordillo,Barcelona
Juguete de plástico,33.24,16,2025-10-16 00:00:00,Félix Perez Albero,Valencia
Cubo de basura plástico,12.88,10,2025-09-12 00:00:00,Dafne Cuevas Román,Tarragona
Juguete de plástico,14.24,1,2026-04-17 00:00:00,Celso Barrera-Verdugo,Burgos
Cubo de basura plástico,19.55,11,2025-12-08 00:00:00,Manuela Morera Valbuena,Burgos
Cubo de basura plástico,7.34,4,2026-02-17 00:00:00,Silvestre Vizcaíno Valle,Castellón
Juguete de plástico,35.91,9,2026-03-04 00:00:00,Jordi Izaguirre Ochoa,Valladolid
Utensilio de cocina plástico,25.6,6,2026-04-22 00:00:00,Marcio Ugarte Peñalver,Zaragoza
Envase plástico,3.78,9,2025-08-31 00:00:00,Nidia Vigil Valera,Santa Cruz de Tenerife
Muñeco de plástico,29.91,3,2025-12-20 00:00:00,Paloma Osuna Cabrero,Jaén
Cubo de basura plástico,25.04,8,2025-11-17 00:00:00,Alcides Enríquez Paz,Albacete
Muñeco de plástico,38.31,20,2025-06-20 00:00:00,Raúl Ramírez-Ibarra,León
Tupper,18.72,7,2026-04-03 00:00:00,Renato Sanmartín,Huesca
Silla plástica,37.45,10,2026-03-22 00:00:00,Vicente Grande-Barragán,Navarra
Utensilio de cocina plástico,24.99,7,2026-02-04 00:00:00,Carmelita Herranz-Perera,Tarragona
Botella PET,18.37,7,2025-10-31 00:00:00,Anita Ocaña Plaza,Zamora
Juguete de plástico,14.55,4,2025-12-24 00:00:00,Angélica Hervás Cerezo,Guipúzcoa
Cubo de basura plástico,48.71,8,2026-03-06 00:00:00,Rosalía Andreu Vidal,Sevilla
Cubo organizador,5.0,18,2025-08-24 00:00:00,Galo del Lobato,Baleares
Juguete de plástico,46.19,3,2025-08-30 00:00:00,Juan Pablo Castillo Sureda,Sevilla
Tupper,14.85,10,2025-10-22 00:00:00,Gerónimo Torrent García,Teruel
Tupper,48.89,12,2025-12-27 00:00:00,Goyo Alberdi Feliu,La Coruña
Cubo organizador,41.61,11,2025-07-28 00:00:00,Rita Maldonado Prats,Almería
Pelota plástica,9.73,1,2025-10-30 00:00:00,Ani Peña Quesada,Pontevedra
Silla plástica,11.49,18,2025-08-01 00:00:00,Conrado Villalba Calderón,Madrid
Cubo organizador,21.92,7,2025-06-29 00:00:00,Ignacio Casanovas Mulet,Albacete
Juguete de plástico,48.66,18,2025-05-31 00:00:00,Nuria Pedro-Tormo,Asturias
Tupper,49.56,11,2025-06-09 00:00:00,Prudencio Aguado Boada,Asturias
Tupper,23.02,15,2025-10-18 00:00:00,Rómulo Gomez Villanueva,Valencia
Silla plástica,25.48,9,2025-11-15 00:00:00,Juanita Chus Pons Arnaiz,Ávila
Cubo organizador,9.02,4,2025-10-27 00:00:00,Abril Téllez Báez,Cantabria
Pelota plástica,12.51,14,2025-08-21 00:00:00,Zaira Barriga Almeida,Valencia
Silla plástica,36.47,6,2025-11-19 00:00:00,Rómulo del Trujillo,Lleida
Silla plástica,9.58,13,2026-03-24 00:00:00,Jovita Valentín Echevarría,Tarragona
Utensilio de cocina plástico,7.13,5,2025-12-30 00:00:00,Alexandra Palomo,Badajoz
Silla plástica,25.41,9,2026-05-19 00:00:00,Lupita Frías,Santa Cruz de Tenerife
Botella PET,28.42,2,2025-12-31 00:00:00,Aurelia Montalbán Fortuny,Madrid
Cubo organizador,37.0,10,2025-09-02 00:00:00,Sancho Lara Girona,Ávila
Pelota plástica,49.94,1,2026-02-02 00:00:00,Lara Peñas Galan,Segovia
Botella PET,46.98,1,2025-12-06 00:00:00,Geraldo Quirino Chamorro Fiol,Madrid
Botella PET,45.01,14,2025-08-22 00:00:00,Teodosio Anguita Casanova,Girona
Cubo de basura plástico,10.91,16,2025-06-22 00:00:00,Jose Luis Quiroga Fernandez,Vizcaya
Juguete de plástico,39.68,15,2025-12-11 00:00:00,Armando Millán-Morales,Granada
Botella PET,17.18,7,2025-09-20 00:00:00,César Palau,Zamora
Envase plástico,41.83,16,2026-02-06 00:00:00,Carmela Ramis Rico,Sevilla
Botella PET,34.22,9,2026-05-21 00:00:00,Flavia Cases Bautista,Valencia
Utensilio de cocina plástico,26.47,2,2025-06-19 00:00:00,Goyo Emilio Alegre Escribano,Madrid
Utensilio de cocina plástico,3.92,18,2025-11-02 00:00:00,Eufemia Cabo Gárate,Madrid
Muñeco de plástico,15.93,14,2026-03-26 00:00:00,Pastor Pavón Cervera,Tarragona
Cubo organizador,46.15,7,2025-09-28 00:00:00,Enrique Abascal Alcalde,Ourense
Silla plástica,5.22,2,2025-06-24 00:00:00,Valentina Solana,Alicante
Muñeco de plástico,27.18,2,2026-01-28 00:00:00,Jose Angel Ribera Padilla,Segovia
Pelota plástica,31.38,12,2026-05-08 00:00:00,Fernando Gallego,Albacete
Pelota plástica,4.64,10,2026-05-05 00:00:00,Zaira Borrás Riera,Cádiz
Envase plástico,29.27,4,2025-12-23 00:00:00,Vilma Maestre Manjón,Guipúzcoa
Muñeco de plástico,21.41,7,2025-08-20 00:00:00,Mercedes Acuña,Badajoz
Cubo de basura plástico,6.24,16,2026-03-09 00:00:00,Timoteo Roig Leal,Huelva
Muñeco de plástico,47.63,7,2026-02-28 00:00:00,Calista Palau Montero,Málaga
Botella PET,12.01,17,2025-09-07 00:00:00,Joaquina del Becerra,Toledo
Envase plástico,32.55,12,2026-04-18 00:00:00,Nazaret Juárez Olivera,Albacete
Cubo organizador,17.14,8,2025-06-29 00:00:00,Aureliano Parejo Ferrándiz,Zamora
Pelota plástica,10.58,19,2025-08-01 00:00:00,Goyo del Otero,Cantabria
Juguete de plástico,7.07,2,2025-10-19 00:00:00,Bernardita del Baeza,La Rioja
Juguete de plástico,6.16,1,2025-09-25 00:00:00,Chus Aura Sanchez Meléndez,Girona
Pelota plástica,48.62,11,2025-11-04 00:00:00,Prudencia Amorós Aguado,Cádiz
Pelota plástica,10.33,2,2026-04-02 00:00:00,Corona Mirta Acosta Calatayud,Cádiz
Cubo de basura plástico,13.92,3,2025-09-28 00:00:00,Basilio Llorens Diéguez,Cádiz
Tupper,18.01,16,2026-01-31 00:00:00,Juan Antonio Pareja,Jaén
Cubo organizador,28.17,5,2025-12-20 00:00:00,Juan Pablo Sainz Diéguez,Pontevedra
Utensilio de cocina plástico,6.06,14,2025-10-18 00:00:00,Marcelino Terrón Villar,Castellón
Juguete de plástico,26.52,4,2026-01-02 00:00:00,Dionisia Aznar Rodrigo,Lleida
Utensilio de cocina plástico,15.65,12,2026-05-09 00:00:00,Ascensión Solana Giralt,Guadalajara
Utensilio de cocina plástico,45.5,4,2026-04-02 00:00:00,José Luis Jose Francisco Ruiz Colom,Albacete
Tupper,39.21,7,2025-07-22 00:00:00,Juan Bautista Blázquez-Calderon,Navarra
Botella PET,27.89,4,2026-04-25 00:00:00,Coral Calatayud,Cádiz
Envase plástico,47.03,19,2025-09-17 00:00:00,Bibiana Lloret Alcolea,Guadalajara
Pelota plástica,4.74,17,2025-09-09 00:00:00,Emigdio Jover Pinedo,Badajoz
Botella PET,37.84,8,2025-12-20 00:00:00,Gloria de Fabregat,Cuenca
Pelota plástica,12.56,20,2026-04-01 00:00:00,Kike Lucho Morán Farré,Navarra
Silla plástica,12.17,18,2025-07-03 00:00:00,Víctor Casals-Vicens,Córdoba
Cubo organizador,20.2,16,2026-03-23 00:00:00,Amando Bernal Bueno,Burgos
Muñeco de plástico,13.96,17,2026-05-17 00:00:00,Domitila Garrido,Cádiz
Utensilio de cocina plástico,17.3,4,2025-07-06 00:00:00,Luis Ángel Santamaría Riba,Teruel
Envase plástico,12.41,14,2025-06-02 00:00:00,Luisina Aramburu Lladó,Valladolid
Pelota plástica,33.47,10,2025-10-28 00:00:00,Sigfrido Solana,Cáceres
Juguete de plástico,43.18,12,2025-09-16 00:00:00,Olimpia Torrent,Santa Cruz de Tenerife
Muñeco de plástico,36.35,9,2025-07-26 00:00:00,Ester Rius Infante,Ávila
Pelota plástica,7.52,13,2026-01-08 00:00:00,Jafet Iglesias-Palomo,Melilla
Muñeco de plástico,14.97,5,2026-02-16 00:00:00,Osvaldo José Manuel Leiva Pedraza,Ávila
Envase plástico,3.59,15,2025-06-24 00:00:00,Teodora Clara Rosales Novoa,Lugo
Envase plástico,27.78,3,2026-05-13 00:00:00,Martin Egea Folch,Cantabria
Utensilio de cocina plástico,20.29,15,2025-12-11 00:00:00,Jeremías Jose Angel Mulet Abascal,Teruel
Utensilio de cocina plástico,26.92,15,2025-09-24 00:00:00,Sabina Guardiola Contreras,Cádiz
Cubo de basura plástico,14.19,5,2025-08-15 00:00:00,Odalys Noriega Reig,Zamora
Envase plástico,43.06,1,2025-07-18 00:00:00,Berto Arnaiz Perera,Álava
Tupper,5.21,4,2025-10-11 00:00:00,Estefanía Teófila Cárdenas Olivé,Ceuta
Pelota plástica,22.25,16,2026-05-19 00:00:00,Estefanía Domingo Adadia,Castellón
Cubo organizador,47.61,17,2026-04-03 00:00:00,Magdalena de Antúnez,Segovia
Cubo de basura plástico,13.97,5,2025-12-10 00:00:00,Dani Morell,Córdoba
Tupper,31.57,19,2025-08-09 00:00:00,Ricardo Crespi,Almería
Silla plástica,18.33,11,2026-02-13 00:00:00,Modesto Benitez Hernández,Melilla
Envase plástico,11.96,6,2025-06-16 00:00:00,Jeremías Tejero Vaquero,Alicante
Tupper,41.62,14,2026-04-16 00:00:00,Marcial Abel Bejarano Escobar,Navarra
Muñeco de plástico,8.07,1,2026-05-14 00:00:00,Cecilia Muro Villanueva,Valladolid
Pelota plástica,8.86,17,2025-06-22 00:00:00,Estela Roura Morata,Cuenca
Botella PET,20.1,11,2025-08-02 00:00:00,Dimas Soria Torrents,Asturias
Utensilio de cocina plástico,41.54,4,2025-07-28 00:00:00,Florinda Quiroga Marin,Guadalajara
Silla plástica,14.48,14,2025-08-05 00:00:00,León Almansa Córdoba,Murcia
Silla plástica,47.48,4,2025-08-09 00:00:00,Prudencio Ferrera Arrieta,La Coruña
Cubo organizador,13.33,9,2025-12-17 00:00:00,Violeta Estévez Flor,Valladolid
Silla plástica,8.18,14,2026-02-27 00:00:00,Tomasa María Jesús Rodrigo Barrios,Badajoz
Tupper,18.33,7,2026-04-09 00:00:00,Ramón Patiño,Ourense
Cubo de basura plástico,12.8,7,2025-06-28 00:00:00,Alba Téllez Borrego,Baleares
Juguete de plástico,6.58,6,2025-09-28 00:00:00,Palmira Escamilla-Benitez,Teruel
Cubo de basura plástico,48.95,15,2025-08-22 00:00:00,Jerónimo Borja-Tamayo,Ávila
Cubo de basura plástico,21.65,18,2026-01-10 00:00:00,Victoria Felisa Pizarro Recio,Santa Cruz de Tenerife
Cubo organizador,17.59,18,2025-10-14 00:00:00,Ricardo Fonseca Urrutia,Barcelona
Pelota plástica,17.23,3,2025-07-31 00:00:00,Elena del Palmer,Soria
Cubo de basura plástico,10.16,17,2025-09-15 00:00:00,Alfredo del Alfaro,Vizcaya
Pelota plástica,7.57,12,2026-04-07 00:00:00,Teófilo Mayo-Gallardo,Jaén
Silla plástica,18.11,4,2025-11-09 00:00:00,Adán Piñeiro,La Coruña
Juguete de plástico,21.51,8,2025-12-25 00:00:00,Alma Paz Taboada,Navarra
Botella PET,4.43,19,2026-04-26 00:00:00,Teodosio Flores Pla,Madrid
Silla plástica,14.04,4,2026-03-16 00:00:00,Inmaculada Capdevila,Huelva
Envase plástico,4.97,6,2025-11-24 00:00:00,Andrea Valero Dueñas,Córdoba
Muñeco de plástico,26.4,16,2025-08-27 00:00:00,Concha del Portero,Pontevedra
Cubo de basura plástico,11.32,4,2026-03-13 00:00:00,Aura Nebot Quintanilla,Guipúzcoa
Pelota plástica,10.44,15,2025-06-28 00:00:00,Albino Victor Manuel Morillo Muro,Córdoba
Envase plástico,31.57,9,2025-07-28 00:00:00,Noemí Hilda Mancebo Jordán,Teruel
Muñeco de plástico,38.46,9,2025-05-30 00:00:00,Erasmo Urrutia Rovira,Toledo
Silla plástica,26.5,12,2025-07-13 00:00:00,Adalberto Fabricio Almansa Giner,La Coruña
Utensilio de cocina plástico,37.55,19,2025-07-06 00:00:00,Rafael Campo Royo,Las Palmas
Cubo de basura plástico,34.58,7,2025-10-15 00:00:00,Adora Agullo Sandoval,Ciudad
Juguete de plástico,26.85,9,2025-06-14 00:00:00,Jovita Pavón Martinez,Almería
Cubo de basura plástico,31.51,18,2025-09-14 00:00:00,Jimena Céspedes Castells,Asturias
Utensilio de cocina plástico,5.47,19,2026-04-30 00:00:00,Francisco Javier Amigó-Palma,Albacete
Juguete de plástico,36.66,10,2026-04-08 00:00:00,Francisco Javier Clímaco Barceló Mas,Tarragona
Pelota plástica,49.89,2,2026-05-16 00:00:00,Jose Francisco del Lledó,Madrid
Cubo organizador,31.09,14,2025-08-20 00:00:00,Anastasio Peláez-Barrio,Girona
Tupper,32.43,12,2025-06-24 00:00:00,Chelo Salom Garcia,Cádiz
Envase plástico,20.4,14,2026-03-02 00:00:00,Priscila Yuste,Navarra
Pelota plástica,40.17,12,2026-05-26 00:00:00,Agapito Azorin Catalán,Granada
Silla plástica,14.64,9,2025-10-28 00:00:00,Vicente Palmer Arnaiz,Lugo
Pelota plástica,31.87,5,2025-09-13 00:00:00,Carmela Nieto,Melilla
Pelota plástica,17.94,3,2026-05-10 00:00:00,Elisabet Escudero Carro,Cuenca
Cubo de basura plástico,13.34,7,2026-05-11 00:00:00,Che del Terrón,Lleida
Juguete de plástico,4.6,18,2025-12-09 00:00:00,César Zurita Salas,Granada
Cubo organizador,33.65,14,2025-07-23 00:00:00,Aurelia Salom Buendía,Jaén
Botella PET,14.2,8,2025-11-17 00:00:00,Samuel Bruno Posada Bello,Valladolid
Cubo de basura plástico,40.95,10,2026-04-21 00:00:00,Guadalupe Blázquez Cuevas,Las Palmas
Utensilio de cocina plástico,22.63,20,2025-11-22 00:00:00,Samuel Enríquez Estevez,Asturias
Muñeco de plástico,8.8,12,2025-08-02 00:00:00,Ricardo Nogueira Catalá,Barcelona
Tupper,15.6,6,2025-12-25 00:00:00,Matías Esteban Segovia,Salamanca
Cubo de basura plástico,41.9,20,2026-03-23 00:00:00,Antonia del Chamorro,Navarra
Tupper,34.54,19,2026-03-21 00:00:00,Alexandra Galiano,Albacete
Silla plástica,41.95,4,2025-09-28 00:00:00,Timoteo Infante Cifuentes,Valencia
Muñeco de plástico,35.07,5,2025-08-26 00:00:00,Porfirio Salamanca Vara,Barcelona
Envase plástico,45.48,2,2025-06-13 00:00:00,Serafina Almazán Cabello,Teruel
Juguete de plástico,7.44,20,2025-07-04 00:00:00,Francisco Javier Blázquez Casals,Lugo
Cubo organizador,21.13,18,2025-05-30 00:00:00,Marcelino Montserrat Bastida,Toledo
Silla plástica,7.77,17,2025-06-15 00:00:00,Elba Pera Gibert,Teruel
Pelota plástica,11.97,5,2026-03-05 00:00:00,Baldomero Alsina Ripoll,Granada
Botella PET,29.4,2,2026-04-20 00:00:00,Fabricio Heredia Villena,Huelva
Cubo de basura plástico,47.1,5,2025-07-02 00:00:00,Benito Seco,Burgos
Cubo organizador,19.75,4,2026-05-20 00:00:00,Mayte Salamanca-Losada,Alicante
Envase plástico,41.79,7,2026-02-02 00:00:00,Teodosio Vidal Morante Murillo,Asturias
Cubo organizador,32.1,13,2026-01-03 00:00:00,Miguel Asenjo Viana,Sevilla
Tupper,9.24,4,2026-02-15 00:00:00,Elena Quirós Arce,Zaragoza
Tupper,45.3,20,2025-07-22 00:00:00,Julie de Saura,León
Envase plástico,1.61,20,2025-08-02 00:00:00,Juan Pablo Barranco Daza,Vizcaya
Botella PET,38.63,12,2025-10-13 00:00:00,Albino Peña Diego,Málaga
Pelota plástica,1.26,20,2026-02-15 00:00:00,Vanesa Prada Isern,Huesca
Cubo organizador,46.42,3,2025-11-28 00:00:00,Isabela Dávila Porras,Toledo
Muñeco de plástico,10.78,2,2026-01-04 00:00:00,Priscila Carrión Tapia,Zamora
Botella PET,49.89,4,2026-01-02 00:00:00,Toño Castells Río,Zamora
Utensilio de cocina plástico,32.91,17,2026-02-13 00:00:00,Rufino Pomares Cal,Melilla
Botella PET,44.14,20,2025-06-02 00:00:00,Julia Benavent,Cantabria
Botella PET,10.93,12,2025-07-12 00:00:00,Joaquina Canet Robles,Huesca
Utensilio de cocina plástico,3.74,15,2025-12-27 00:00:00,Tania Rios Vilaplana,Girona
Juguete de plástico,46.9,12,2025-09-07 00:00:00,Encarnita Barrios Roura,Teruel
Juguete de plástico,12.56,20,2025-07-31 00:00:00,Caridad Tenorio Monreal,Palencia
Envase plástico,30.95,12,2026-05-05 00:00:00,Dimas Martinez Morales,Ávila
Botella PET,22.49,7,2025-06-10 00:00:00,Ascensión Gloria Mendez León,Salamanca
Juguete de plástico,29.11,13,2026-04-19 00:00:00,Valentín Pinto Barragán,Almería
Utensilio de cocina plástico,40.73,6,2025-08-30 00:00:00,Cayetano Marqués Amador,Lleida
Pelota plástica,17.9,19,2026-02-03 00:00:00,Marcia Haro-Menéndez,Ciudad
Muñeco de plástico,43.19,17,2025-11-21 00:00:00,Reynaldo Morán Colom,Zamora
Utensilio de cocina plástico,44.5,3,2025-12-02 00:00:00,Ruperta Galindo Borja,Santa Cruz de Tenerife
Juguete de plástico,16.37,18,2026-05-03 00:00:00,Glauco Bárcena Quintanilla,Almería
Cubo de basura plástico,25.41,8,2025-08-19 00:00:00,Jorge Serna Gargallo,Ávila
Pelota plástica,31.86,19,2025-10-14 00:00:00,Salud Tapia Arroyo,Asturias
Tupper,43.28,19,2025-11-14 00:00:00,Nicodemo Redondo Alonso,Ávila
Envase plástico,46.73,4,2026-01-03 00:00:00,Ariel Múgica Murcia,La Rioja
Cubo organizador,36.73,5,2025-10-20 00:00:00,Marcos Menéndez Guillen,Badajoz
Botella PET,19.86,1,2026-04-23 00:00:00,Rosario Benavides,Guipúzcoa
Cubo de basura plástico,38.78,3,2025-08-21 00:00:00,Juan Carlos Antón Bautista,Guadalajara
Pelota plástica,3.31,11,2025-09-09 00:00:00,Caridad Villalobos Cortés,Navarra
Botella PET,1.02,7,2026-01-08 00:00:00,Vidal Valle Montenegro,Teruel
Pelota plástica,49.4,13,2025-12-31 00:00:00,Clarisa Bárcena Cámara,Salamanca
Utensilio de cocina plástico,47.59,10,2025-08-12 00:00:00,Dafne del Cañete,Navarra
Cubo de basura plástico,24.01,18,2025-11-01 00:00:00,Javier de Castro,Santa Cruz de Tenerife
Pelota plástica,15.19,5,2026-04-19 00:00:00,Jose Pazos,Santa Cruz de Tenerife
Silla plástica,4.77,15,2026-03-22 00:00:00,Chuy Contreras Morell,Jaén
Botella PET,13.8,15,2026-05-05 00:00:00,Rodolfo Cordero Cuesta,Sevilla
Pelota plástica,22.11,5,2026-05-18 00:00:00,Candela Berrocal Cantón,Ciudad
Tupper,32.57,3,2025-08-04 00:00:00,Nilda Jordana Ripoll Barrios,Navarra
Cubo de basura plástico,48.61,4,2025-09-08 00:00:00,Mario Bartolomé González,Burgos
Pelota plástica,3.64,10,2025-08-11 00:00:00,Evaristo Valcárcel Ruano,Murcia
Muñeco de plástico,38.93,9,2026-01-15 00:00:00,Edmundo Cerdán Viana,Lleida
Pelota plástica,1.05,14,2026-03-11 00:00:00,Reina Coral Vilaplana Jurado,Badajoz
Cubo de basura plástico,49.39,19,2026-05-06 00:00:00,Micaela Cepeda Portillo,Lleida
Juguete de plástico,31.13,10,2025-08-24 00:00:00,Luís Paz Anguita,Ávila
Muñeco de plástico,22.2,20,2025-10-13 00:00:00,Ambrosio Robles Bonet,Toledo
Envase plástico,34.06,17,2025-09-07 00:00:00,Pascual Belda,Segovia
Juguete de plástico,23.91,4,2026-02-18 00:00:00,Arsenio Cruz-Manuel,Teruel
Utensilio de cocina plástico,20.06,12,2026-03-23 00:00:00,Belen Anabel Valera Diéguez,Badajoz
Envase plástico,28.55,11,2026-04-05 00:00:00,Adolfo de Borja,Cádiz
Utensilio de cocina plástico,33.49,9,2025-10-31 00:00:00,Morena Maite Amores Fiol,Valladolid
Cubo organizador,33.87,14,2025-07-30 00:00:00,Román Teobaldo Fuentes Salamanca,Zaragoza
Utensilio de cocina plástico,12.27,4,2025-10-23 00:00:00,Sigfrido Iñiguez Morata,Guadalajara
Botella PET,47.72,5,2026-04-27 00:00:00,Azahar Soler Hernández,Alicante
Tupper,48.62,14,2025-10-04 00:00:00,Mauricio de Barreda,Lugo
Juguete de plástico,14.82,6,2026-02-01 00:00:00,Samanta Pozuelo-Mata,Álava
Silla plástica,47.09,8,2026-03-11 00:00:00,Natanael Acedo Sureda,Madrid
Utensilio de cocina plástico,42.28,11,2026-04-13 00:00:00,Clarisa Cuadrado Moraleda,Huelva
Pelota plástica,19.18,13,2025-12-16 00:00:00,Ligia Carlos Lobo,Guadalajara
Cubo organizador,26.16,7,2025-09-20 00:00:00,Marisela Benet,Navarra
Botella PET,27.0,11,2025-12-05 00:00:00,Óscar Marcial Fortuny Sandoval,Almería
Botella PET,34.42,2,2025-06-04 00:00:00,Amador Mas-Moles,Huelva
Botella PET,39.29,15,2026-05-22 00:00:00,Eligio Palomar,La Coruña
Tupper,12.21,20,2026-05-07 00:00:00,Luz Camino Martinez,Murcia
Muñeco de plástico,6.74,8,2026-03-30 00:00:00,Susana Bermúdez Arnaiz,Ciudad
Utensilio de cocina plástico,3.49,15,2026-05-03 00:00:00,Raimundo Español Abella,Valladolid
Silla plástica,15.37,12,2026-02-22 00:00:00,Nerea Cuéllar Guillen,Ciudad
Envase plástico,46.73,5,2026-04-16 00:00:00,Leoncio de Ramis,Granada
Juguete de plástico,44.07,19,2025-08-03 00:00:00,Brunilda Leonor Suárez Echevarría,Zaragoza
Pelota plástica,19.05,17,2025-11-13 00:00:00,Eusebia Grau-Mateo,Almería
Envase plástico,32.96,18,2026-05-12 00:00:00,Juliana Hurtado Barberá,Huelva
Pelota plástica,31.24,15,2026-05-13 00:00:00,Emma Soler-Pellicer,Guadalajara
Botella PET,21.37,5,2025-07-01 00:00:00,Pastora del Santiago,Teruel
Tupper,38.96,20,2025-07-11 00:00:00,Amador Salazar Arteaga,Murcia
Silla plástica,39.77,15,2025-06-23 00:00:00,Narcisa Molins Abellán,Lugo
Silla plástica,29.56,13,2025-12-27 00:00:00,Leocadia Valdés Abellán,Málaga
Botella PET,47.51,3,2025-12-20 00:00:00,Máximo Folch-Suárez,Zaragoza
Juguete de plástico,13.22,17,2025-12-18 00:00:00,Remedios Barragán Botella,Tarragona
Juguete de plástico,22.9,13,2025-08-14 00:00:00,Eliana Sotelo Gárate,Alicante
Muñeco de plástico,23.0,19,2025-10-25 00:00:00,Tecla Borrego Aguiló,Navarra
Envase plástico,6.79,2,2026-04-27 00:00:00,Cecilio Ruano Gisbert,Madrid
Botella PET,31.61,11,2025-11-02 00:00:00,Josué Navarrete-Beltran,Alicante
Muñeco de plástico,47.43,16,2025-08-23 00:00:00,Yaiza Atienza Lumbreras,Salamanca
Utensilio de cocina plástico,31.19,17,2026-03-15 00:00:00,Emperatriz Capdevila Correa,Salamanca
Pelota plástica,49.95,1,2025-10-29 00:00:00,Nacio de Morante,Melilla
Utensilio de cocina plástico,39.21,14,2026-04-23 00:00:00,Obdulia Ferrán Saavedra,Albacete
Juguete de plástico,4.6,4,2025-07-04 00:00:00,Adela del Cerezo,Asturias
Juguete de plástico,43.33,12,2025-09-21 00:00:00,Cayetana Adelaida Barbero Ropero,Guadalajara
Botella PET,7.99,9,2026-02-14 00:00:00,Florentino de Vaquero,Huelva
Envase plástico,19.65,16,2025-06-25 00:00:00,Benjamín Pascual Pizarro,La Coruña
Utensilio de cocina plástico,26.74,17,2025-07-19 00:00:00,Aurelia Lasa,Granada
Muñeco de plástico,25.17,4,2025-07-17 00:00:00,Nuria Montesinos Cases,Salamanca
Tupper,24.0,9,2025-10-20 00:00:00,Anselma Segovia,Zamora
Botella PET,44.61,8,2025-08-18 00:00:00,Alexandra Pedro Velázquez,Navarra
Tupper,44.63,14,2026-01-24 00:00:00,Lupe Mercader,Ourense
Cubo de basura plástico,44.47,2,2025-11-30 00:00:00,Blas Royo Zaragoza,Las Palmas
Utensilio de cocina plástico,3.48,9,2025-06-12 00:00:00,Eloísa Alberola,Zamora
Juguete de plástico,31.8,8,2026-03-20 00:00:00,Yago Pedro García,Navarra
Juguete de plástico,15.45,19,2025-08-16 00:00:00,Ramón Sancho Pintor,Cantabria
Envase plástico,20.63,2,2025-09-17 00:00:00,Imelda Llobet,Salamanca
Utensilio de cocina plástico,32.24,1,2026-04-28 00:00:00,Gracia Elorza Escudero,Ourense
Utensilio de cocina plástico,20.95,17,2026-01-27 00:00:00,Eduardo de Amador,Albacete
Cubo de basura plástico,21.04,6,2025-07-22 00:00:00,Dolores Manjón Vilaplana,Barcelona
Utensilio de cocina plástico,42.8,15,2026-03-26 00:00:00,Eufemia Farré Vaquero,Madrid
Muñeco de plástico,41.89,7,2026-05-27 00:00:00,Teófila Lara Santos,Cádiz
Botella PET,10.62,13,2025-06-19 00:00:00,Clara de Arcos,Tarragona
Cubo de basura plástico,8.61,4,2025-10-06 00:00:00,Darío Blanca-Fernandez,Ávila
Juguete de plástico,10.89,13,2026-05-21 00:00:00,Adelardo Carranza,Cuenca
Envase plástico,4.67,10,2025-07-08 00:00:00,Cirino Amorós Espejo,La Coruña
Utensilio de cocina plástico,46.94,6,2025-07-03 00:00:00,Alejo Guardiola,Valencia
Tupper,12.8,20,2026-05-21 00:00:00,María Del Carmen Vives-Rodríguez,Huesca
Muñeco de plástico,21.84,8,2026-01-23 00:00:00,Teodosio Crespi,Ávila
Botella PET,13.25,15,2026-02-13 00:00:00,Rufina Salgado Carro,Melilla
Silla plástica,49.19,14,2026-02-28 00:00:00,Luís Belmonte Llobet,Guadalajara
Envase plástico,11.51,13,2026-04-06 00:00:00,Renata Macías-Carbonell,Toledo
Muñeco de plástico,46.19,16,2025-11-20 00:00:00,Patricio Leal Zamora,Valladolid
Envase plástico,48.4,17,2026-01-12 00:00:00,Federico Lago Múñiz,Girona
Pelota plástica,25.87,5,2025-08-18 00:00:00,Emilia Roca Anglada,Barcelona
Botella PET,29.51,16,2025-08-21 00:00:00,Rafaela del Saez,Guadalajara
Tupper,49.01,11,2026-04-14 00:00:00,Chus Giralt,Las Palmas
Pelota plástica,8.36,19,2026-04-01 00:00:00,Samuel Iriarte-Carrera,Navarra
Silla plástica,25.17,18,2026-03-18 00:00:00,Moisés Amado Montoya Mariscal,Tarragona
Pelota plástica,13.04,11,2026-04-07 00:00:00,Fulgencio Vilanova-Azorin,Girona
Pelota plástica,34.64,14,2026-03-29 00:00:00,Celia Mate-Blázquez,Guadalajara
Juguete de plástico,10.5,15,2026-02-26 00:00:00,Valero Bilbao Camps,Segovia
Cubo organizador,29.86,13,2026-03-19 00:00:00,Vanesa Andrade Morán,León
Botella PET,2.53,1,2026-05-13 00:00:00,Mariana Bartolomé Solís,Girona
Silla plástica,8.69,8,2025-06-30 00:00:00,Piedad Gonzalo,Cuenca
Juguete de plástico,39.9,16,2026-05-17 00:00:00,Anunciación Mármol,Salamanca
Envase plástico,16.44,4,2025-07-29 00:00:00,Ruth Lorenzo,Córdoba
Utensilio de cocina plástico,41.94,20,2025-10-13 00:00:00,Almudena Castilla-Saldaña,León
Tupper,11.78,12,2025-11-29 00:00:00,Azeneth Lorenzo Luz,La Coruña
Muñeco de plástico,32.96,19,2026-03-06 00:00:00,Cándido Perelló,Valladolid
Botella PET,44.16,11,2025-07-28 00:00:00,Ainara Ribes Mendoza,Zamora
Cubo organizador,41.99,16,2025-10-14 00:00:00,Darío Giner Guillen,Palencia
Botella PET,24.55,7,2025-06-06 00:00:00,Edelmira Cuesta Barrera,Toledo
Tupper,33.28,20,2025-11-29 00:00:00,Silvestre Chaparro Arnau,Málaga
Silla plástica,19.51,15,2025-07-07 00:00:00,Isa Batlle Reig,Salamanca
Botella PET,5.81,2,2025-11-19 00:00:00,Benita Morell Belda,Lleida
Pelota plástica,46.15,12,2026-02-10 00:00:00,Ruperto Lozano Pulido,Jaén
Pelota plástica,35.76,9,2026-02-20 00:00:00,Pancho Nogueira González,Badajoz
Botella PET,21.46,8,2026-02-08 00:00:00,Wálter Olmo,Navarra
Cubo de basura plástico,5.31,18,2026-02-16 00:00:00,Natividad Valero Castells,Zamora
Cubo de basura plástico,18.9,6,2026-01-02 00:00:00,Eric Borrego-Barceló,Vizcaya
Tupper,42.51,4,2025-10-19 00:00:00,Raimundo Guzmán Morante,Lleida
Cubo de basura plástico,39.41,1,2026-01-10 00:00:00,Georgina Acosta Revilla,Valladolid
Pelota plástica,7.8,9,2026-05-08 00:00:00,Daniela Andrea Martin Pujol,Albacete
Tupper,47.69,15,2026-01-01 00:00:00,Susanita Julián Uría,Cáceres
Tupper,8.56,12,2025-08-08 00:00:00,Mariano Lucas Delgado,Santa Cruz de Tenerife
Envase plástico,18.15,2,2026-03-20 00:00:00,Jafet Sastre-Pizarro,Cantabria
Tupper,27.86,7,2026-03-13 00:00:00,María José Fernandez Cáceres,Segovia
Utensilio de cocina plástico,4.89,5,2025-11-06 00:00:00,Apolonia Sales Anaya,Guipúzcoa
Envase plástico,32.03,3,2025-12-02 00:00:00,Angelita Zamora-Marí,Burgos
Cubo organizador,24.6,14,2026-01-30 00:00:00,Begoña Mayo Giner,Burgos
Tupper,9.17,20,2025-07-29 00:00:00,Carmelo Aragón Riquelme,Murcia
Utensilio de cocina plástico,46.13,11,2026-05-03 00:00:00,Magdalena Montserrat Aguirre Laguna,Ceuta
Silla plástica,15.29,1,2026-03-19 00:00:00,Eugenio Montserrat Arnal,Baleares
Botella PET,38.14,7,2025-11-24 00:00:00,Nacio Alfaro-Alberto,Murcia
Envase plástico,21.81,20,2026-01-09 00:00:00,Ruth Ayllón Viña,Valencia
Cubo de basura plástico,33.68,5,2025-06-18 00:00:00,Noelia Estévez Trujillo,Huesca
Tupper,31.82,19,2025-12-22 00:00:00,Juan Antonio Bosch Canales,Baleares
Utensilio de cocina plástico,24.89,2,2025-09-22 00:00:00,Leandra José Pulido Vargas,Valladolid
Muñeco de plástico,30.16,3,2025-10-15 00:00:00,Visitación Jurado Berenguer,Córdoba
Muñeco de plástico,37.24,11,2025-10-14 00:00:00,Mayte María Pilar Dominguez Cerdá,La Coruña
Juguete de plástico,8.58,10,2026-04-15 00:00:00,Máximo Ayuso Valbuena,Cádiz
Utensilio de cocina plástico,9.77,3,2025-11-29 00:00:00,Reynaldo Cepeda,Tarragona
Cubo organizador,45.12,3,2025-07-03 00:00:00,Horacio Atienza Ramos,Ceuta
Juguete de plástico,26.34,7,2025-06-29 00:00:00,Evaristo Fabra Pedraza,Ceuta
Muñeco de plástico,36.9,7,2025-09-10 00:00:00,Alba Cerdá Carballo,Ávila
Botella PET,18.88,10,2026-02-17 00:00:00,Brunilda Olmo Guitart,Segovia
Cubo de basura plástico,16.58,12,2025-10-29 00:00:00,Manolo Seco-Paz,Cádiz
Pelota plástica,30.74,20,2025-06-26 00:00:00,Urbano Camps Barranco,Las Palmas
Muñeco de plástico,29.66,13,2026-05-10 00:00:00,Lilia Gargallo Juan,Toledo
Envase plástico,20.8,19,2026-03-11 00:00:00,Florencia Dorotea Garay Cabo,Lleida
Silla plástica,27.43,15,2025-11-25 00:00:00,Ambrosio del Velázquez,Toledo
Juguete de plástico,32.86,12,2025-12-05 00:00:00,Pío Losada-Cabañas,Tarragona
Utensilio de cocina plástico,31.06,9,2025-08-24 00:00:00,Quique Crespi,Albacete
Utensilio de cocina plástico,37.0,14,2025-09-12 00:00:00,Fidela Montserrat-Juliá,Lugo
Silla plástica,31.9,11,2025-12-14 00:00:00,Charo Bello-Giménez,Soria
Pelota plástica,17.72,2,2026-05-23 00:00:00,Clotilde Sánchez Blázquez,Lugo
Silla plástica,41.76,17,2026-02-06 00:00:00,Fortunato Peña-Miguel,Ávila
Pelota plástica,17.56,10,2025-09-27 00:00:00,Lucho Bou-Ayllón,Santa Cruz de Tenerife
Envase plástico,37.97,15,2026-01-19 00:00:00,Balduino Oliva Rodriguez,Huesca
Botella PET,36.25,12,2025-07-01 00:00:00,Susana Novoa Almeida,Granada
Pelota plástica,46.72,13,2025-12-27 00:00:00,Cesar Menéndez,Zaragoza
Muñeco de plástico,34.58,16,2025-06-22 00:00:00,José María Oliveras Cuervo,Ciudad
Juguete de plástico,28.45,18,2026-05-27 00:00:00,Regina Anglada Heredia,Albacete
Pelota plástica,4.53,11,2025-11-22 00:00:00,Sigfrido Parejo Galvez,Valencia
Tupper,25.5,13,2026-02-24 00:00:00,Emperatriz Tomé Pujol,León
Envase plástico,6.66,2,2025-10-04 00:00:00,Julieta Antonia Lamas Cámara,Albacete
Botella PET,19.3,18,2026-03-21 00:00:00,Juan Carlos Francisco Jose Pazos Montalbán,Segovia
Pelota plástica,21.8,5,2026-05-07 00:00:00,Íñigo Aranda Guerra,Las Palmas
Cubo organizador,6.78,16,2025-11-25 00:00:00,Narcisa Perea Chacón,Huelva
Utensilio de cocina plástico,41.61,11,2025-09-15 00:00:00,Lilia Planas Carbonell,La Rioja
Silla plástica,36.99,10,2025-08-20 00:00:00,David Mínguez,Cáceres
Botella PET,7.76,15,2025-11-14 00:00:00,Esmeralda Chaparro Porcel,Badajoz
Silla plástica,16.58,15,2025-10-26 00:00:00,Fidela Ayllón Sancho,Barcelona
Envase plástico,28.38,5,2025-10-10 00:00:00,María Ángeles Juliá Castells,Las Palmas
Cubo de basura plástico,23.09,9,2025-10-23 00:00:00,Maura de Blanca,Vizcaya
Tupper,36.65,2,2025-12-19 00:00:00,Chita Echeverría-Almagro,Cuenca
