Producto,Precio,Cantidad,Fecha,Cliente,Ciudad
Azúcar,7.12,4,2025-09-12,Flor Lidia Caro Morcillo,Burgos
Carne,4.97,3,2025-12-22,Vera Tirado,Granada
Queso,9.44,6,2026-04-10,Nuria Macías-Muñoz,Madrid
Queso,14.29,1,2026-01-11,Albano Adolfo Saavedra Polo,Valladolid
Arroz,9.17,4,2026-05-09,Carolina Cifuentes Jordá,Málaga
Arroz,18.25,4,2026-01-19,Marc Rovira-Mas,Cantabria
Pan,14.79,2,2025-08-29,Flor Débora Lumbreras Gomis,Guipúzcoa
Queso,2.79,3,2025-11-26,Basilio Domingo Leiva,Ourense
Pan,13.66,7,2026-02-11,Amarilis Carbajo-Arjona,Toledo
Leche,7.44,5,2026-03-11,Estela Lucas-Garrido,Huesca
Arroz,19.95,7,2025-07-27,Alberto Lluch Mateu,Guipúzcoa
Leche,16.04,7,2025-12-25,Wálter Lozano,Ceuta
Queso,17.54,2,2026-04-20,Amando Iñiguez,Badajoz
Pan,12.37,6,2025-08-14,Salud Silva Arnal,Cáceres
Pollo,14.39,10,2025-07-21,Leonor de Cuevas,Guadalajara
Pollo,17.28,7,2025-07-21,Águeda Jordá Vara,Asturias
Leche,15.6,5,2026-05-24,Miguela Ríos Blasco,Cuenca
Arroz,15.1,1,2025-06-22,Nidia Reina Conesa,Alicante
Pollo,13.98,7,2026-05-03,Esteban Fonseca Serra,Navarra
Huevos,17.17,2,2026-03-26,Candela Baeza Peláez,Valladolid
Carne,17.68,3,2025-11-22,Marisol Samper Díaz,León
Huevos,17.56,5,2026-02-19,Ana Cadenas Naranjo,Asturias
Pan,2.93,9,2025-10-26,Gloria Rivera Angulo,Ceuta
Queso,16.68,10,2025-07-12,Carla Manso Tejero,Alicante
Leche,2.18,1,2026-01-14,Rosendo del Cordero,Baleares
Pan,9.96,8,2025-06-09,Olivia Pons Muro,Cádiz
Huevos,13.16,1,2026-05-02,Chucho Cuervo Busquets,Cáceres
Café,15.53,4,2025-08-06,Luís Company Romero,Melilla
Aceite,14.83,10,2025-06-19,Albano Ordóñez Ros,Ourense
Pollo,14.16,4,2025-11-24,Anselmo Coronado,Valencia
Aceite,6.97,8,2026-01-05,Cirino de Manjón,Málaga
Aceite,4.55,10,2025-06-29,Matías Vilaplana Ayllón,Lugo
Carne,4.21,7,2025-11-12,Luz Ocaña-Tello,La Coruña
Azúcar,13.48,8,2025-12-10,Jose Luis Izquierdo Cuadrado,Castellón
Aceite,10.83,5,2026-05-12,Azahara Egea Aragonés,Zamora
Huevos,13.48,2,2026-03-16,Gil Costa Sanz,Barcelona
Carne,1.85,8,2026-05-17,Pánfilo Velázquez Pina,Madrid
Carne,8.37,9,2025-11-23,Carlos Castañeda Contreras,Segovia
Café,16.45,10,2025-06-02,Adelia Alcántara Raya,Vizcaya
Azúcar,11.57,6,2025-12-23,Begoña del Maldonado,Granada
Aceite,7.54,8,2026-01-05,Bartolomé del Gaya,Burgos
Arroz,13.01,4,2026-04-17,Marciano Solano Echevarría,Badajoz
Café,7.54,1,2025-10-20,Íngrid Téllez-Cabo,Castellón
Carne,3.71,2,2025-05-30,Sancho Amores-Cabezas,Huelva
Aceite,11.8,2,2026-01-21,Adoración Piñeiro-Almazán,Álava
Leche,0.65,3,2025-12-21,Jose Francisco Almansa Gelabert,Melilla
Café,4.48,6,2026-02-17,Dulce Muro-Artigas,Lleida
Aceite,9.14,2,2025-12-14,Leire Florinda Expósito Arranz,Pontevedra
Carne,19.75,2,2026-01-02,Natalia Cases Sandoval,Cádiz
Pan,9.15,9,2025-12-27,Marcia Roda Alcaraz,Santa Cruz de Tenerife
Pan,17.99,2,2026-04-20,Apolonia Rivero,Cáceres
Café,4.36,4,2026-02-16,Concha Rocamora Arribas,Huesca
Queso,10.27,6,2026-03-25,Román Arce Higueras,Castellón
Azúcar,5.83,4,2025-06-30,Aarón Codina,Las Palmas
Queso,13.06,7,2025-07-30,Dimas Eligio Pazos Castell,Palencia
Queso,1.39,4,2026-04-27,Gala Jáuregui Sánchez,Lleida
Aceite,19.47,7,2026-05-19,Sosimo Feijoo Blanco,Burgos
Café,9.04,6,2025-08-09,Ciríaco Riquelme-Gisbert,Valladolid
Pan,12.28,3,2025-12-23,Alberto Jerez,Albacete
Queso,15.17,9,2026-02-24,Cipriano Arce,Huesca
Arroz,0.94,8,2026-01-15,Américo Marco Cazorla,Palencia
Pan,16.03,9,2025-12-17,Aníbal Matas Prats,Las Palmas
Aceite,4.08,4,2025-09-05,Salud Corona Almansa Lamas,Ceuta
Pan,8.03,8,2025-11-04,Alma de Antúnez,Cuenca
Huevos,17.5,8,2025-11-13,Luciana Ani Valls Luján,Jaén
Queso,1.18,5,2026-05-21,Calixto Galván-Piña,Ávila
Arroz,2.64,8,2026-03-15,Victor Sarmiento Viña,Castellón
Arroz,2.65,8,2026-03-16,Inmaculada Barceló Heredia,La Coruña
Café,9.64,6,2026-03-29,Aristides Cano Garzón,Ceuta
Huevos,11.83,5,2025-08-28,Haydée Luís Gracia,Lleida
Arroz,2.59,4,2025-06-01,Quirino Pino Carballo,Almería
Azúcar,14.97,5,2025-09-26,Héctor del Sanz,Baleares
Café,18.44,5,2025-12-27,Eugenia Pareja Marín,Burgos
Carne,4.57,3,2026-05-03,Pastora Monreal Nogueira,Castellón
Pollo,0.53,1,2025-09-07,Isabela Ochoa Gámez,Córdoba
Pan,17.93,4,2025-08-04,Ambrosio Real Merino,Vizcaya
Leche,13.4,3,2025-12-27,Gustavo Arévalo Ramis,Soria
Aceite,3.9,3,2025-06-25,Sabina de Larrea,Sevilla
Pollo,13.42,1,2025-10-29,Pascual Prat-Roig,Cádiz
Carne,12.61,4,2025-07-30,Caridad Tudela Blasco,Murcia
Café,17.78,2,2025-10-29,Teodora Tere Manso Robledo,Lugo
Carne,2.41,10,2026-02-26,Patricio Olivera Mayo,Las Palmas
Café,8.82,10,2026-04-15,Ariadna Fabra-Raya,Soria
Azúcar,6.84,5,2026-04-25,Tito Ródenas Maza,La Rioja
Huevos,5.41,3,2025-06-16,Chucho Raúl Haro Estévez,Álava
Pan,6.84,5,2026-03-20,Sebastian Sarmiento-Rebollo,Lleida
Aceite,13.04,5,2025-06-18,Cayetana Donaire Ordóñez,Huesca
Pan,9.74,7,2026-01-04,Fermín de Nicolás,Cádiz
Leche,2.64,6,2026-01-02,Silvestre Bonilla,Cádiz
Azúcar,19.68,3,2025-09-03,Ruperto Jiménez Jordá,Soria
Café,0.61,1,2025-12-21,Rufino Mesa Cuervo,Murcia
Café,10.81,5,2025-10-18,Rocío Exposito Prat,Vizcaya
Azúcar,1.8,7,2026-05-01,Salomón Arranz Ferreras,Valencia
Pollo,10.6,3,2025-10-23,Lope Hierro Bartolomé,Burgos
Aceite,1.77,6,2025-12-11,Miguel Ángel Baños,Valencia
Carne,8.78,9,2025-08-08,Manu de Amor,Ceuta
Café,15.72,5,2025-11-29,José Luis Epifanio Anguita Morata,Cáceres
Azúcar,19.39,6,2026-03-29,Teodora Lluch-Escrivá,Baleares
Carne,12.6,1,2026-04-25,Evelia Clarisa Espada Montaña,Zaragoza
Pollo,5.31,5,2026-02-17,Juan Pablo Oller Sancho,Valladolid
Carne,3.07,8,2026-02-10,Lisandro de Carretero,Tarragona
Aceite,4.98,2,2025-07-10,Espiridión Jose Miguel Rocha Arnal,Huelva
Leche,8.32,6,2026-03-29,Cebrián Colomer Marín,Madrid
Aceite,10.9,4,2025-10-13,Martina Linares Perez,Valencia
Queso,8.45,8,2026-02-06,Baltasar Aguilera Morán,Zaragoza
Queso,16.1,5,2026-03-29,Ambrosio Elías-Campos,Valencia
Pollo,17.02,6,2025-07-08,Bruno Segura Benavides,Huelva
Arroz,19.13,9,2025-07-06,Aura Guitart Trillo,Girona
Arroz,19.83,2,2025-10-16,Amalia Estela Escudero Cañizares,Álava
Carne,6.79,3,2026-03-08,Saturnina Isern,Huesca
Queso,12.48,10,2025-10-21,Sandra Amat Antúnez,Las Palmas
Arroz,2.68,8,2026-03-26,Abril Pazos Moraleda,Cuenca
Pan,15.44,10,2025-06-18,África Rocamora Roma,La Rioja
Aceite,16.08,5,2025-09-25,Trinidad Giralt Palomo,Guipúzcoa
Huevos,8.95,5,2025-06-22,Xavier de Macías,La Rioja
Pan,15.65,4,2025-09-25,Paola Amarilis Llano Otero,Cáceres
Carne,3.02,9,2025-11-03,Lourdes Codina Lledó,Pontevedra
Aceite,11.43,2,2026-03-14,Calista Bosch Bayo,Valencia
Aceite,0.64,4,2026-05-04,Teodoro Tena Campillo,Santa Cruz de Tenerife
Carne,4.9,9,2026-02-20,Celestino Barrena Perelló,Girona
Café,3.73,10,2025-12-21,Salvador Vizcaíno Morales,Salamanca
Pan,8.03,4,2025-09-21,Visitación Quintanilla-Viña,Lugo
Carne,8.28,6,2025-11-04,Jafet Bello Cañas,Santa Cruz de Tenerife
Aceite,14.61,4,2026-04-01,Victoria Olivares,Lugo
Carne,12.39,6,2025-06-20,Gregorio Gras Morillo,Toledo
Carne,11.65,8,2026-01-31,Amalia de Borrell,Castellón
Café,16.49,10,2025-10-11,Íngrid Escamilla Nuñez,Palencia
Carne,7.18,3,2026-02-28,Juan Amores Galan,Ciudad
Azúcar,12.74,10,2025-12-13,Nadia Rocío Quintanilla Vilaplana,La Rioja
Azúcar,4.29,4,2026-04-21,Javi Gisbert Requena,Barcelona
Huevos,15.09,10,2025-06-06,Bartolomé Guardiola Sastre,Castellón
Azúcar,12.21,3,2025-07-08,Diego Pera,Palencia
Café,8.24,6,2025-11-18,Eduardo Sánchez Baños,Navarra
Queso,10.37,6,2026-03-02,Tito Salomón Pereira Rocamora,Pontevedra
Leche,10.55,7,2025-05-27,Amada Benítez Colomer,Palencia
Aceite,10.44,9,2025-07-15,Ruperto del Luque,Soria
Aceite,13.27,6,2025-11-05,Marco Araujo,Lleida
Queso,15.15,3,2025-08-16,Leandro de Gual,Sevilla
Carne,16.52,4,2025-09-26,Jesús Vidal Saez,Álava
Pollo,17.21,8,2026-02-25,Celso Pombo-Arellano,Las Palmas
Queso,7.18,10,2026-02-10,Mamen de Madrigal,Cantabria
Arroz,3.98,9,2025-12-11,Marino del Quirós,Baleares
Carne,5.74,9,2025-08-15,Ignacia Lluch-Alcalá,Málaga
Pan,4.49,8,2025-07-08,Remedios Castilla Villalonga,Cáceres
Pollo,3.51,10,2025-09-02,Horacio del Ruiz,Pontevedra
Huevos,19.8,3,2025-12-20,Marino Millán-Madrigal,Barcelona
Arroz,14.64,8,2025-06-12,Ascensión Niño Batalla,Toledo
Aceite,4.51,4,2025-11-11,Julio César Ariel Losada Calderón,Baleares
Aceite,1.37,6,2025-10-26,María Dolores Barbero Girón,Tarragona
Arroz,12.63,2,2025-12-09,Dalila Ángel Saavedra,Zaragoza
Pan,18.33,6,2026-02-02,Félix Burgos Acosta,Segovia
Arroz,12.72,6,2025-09-01,Rubén Adadia Salvador,Ávila
Pollo,6.23,10,2025-12-05,Armando Amador Otero,Vizcaya
Café,18.63,5,2026-05-25,Carla Calderón Saldaña,Sevilla
Leche,2.57,3,2025-09-25,Eloy del Benet,Almería
Leche,13.85,10,2025-09-30,Elisa Belda Luz,Navarra
Pollo,5.85,4,2025-08-28,Íñigo Palacios,Valencia
Pollo,11.18,9,2026-04-17,Casandra Uría,Ourense
Leche,18.91,6,2025-11-27,Roldán Cid Valcárcel,Murcia
Café,19.39,10,2026-01-17,Cayetana Iborra Vall,La Rioja
Leche,2.88,9,2025-12-19,Ainoa Martin Azorin,Ciudad
Aceite,2.45,4,2025-08-09,Estela Ávila Bilbao,Lleida
Pollo,5.92,5,2025-09-16,Rubén Chamorro Dominguez,Jaén
Azúcar,3.93,8,2025-06-26,Angelino Rodríguez Casal,Guadalajara
Pan,6.51,1,2026-02-14,Saturnina Acero Losada,La Coruña
Huevos,13.15,8,2025-12-14,Tito Pomares Mayoral,Barcelona
Pollo,14.91,10,2025-07-11,Nerea Higueras Cabo,Asturias
Azúcar,13.06,9,2025-06-08,Micaela Plaza,Córdoba
Leche,16.07,9,2025-07-04,Josefa Mateu-Fuertes,Barcelona
Aceite,7.2,2,2026-03-12,Jacinta Tovar Antón,Burgos
Pollo,19.09,2,2025-12-01,Isidora Castejón Cabezas,Sevilla
Huevos,17.13,6,2025-12-13,Sarita Jordán-Gaya,Zaragoza
Azúcar,10.28,10,2025-11-19,Fortunato Conde Noriega,La Rioja
Azúcar,13.38,8,2025-07-31,Godofredo Perez Fiol,Cuenca
Azúcar,15.51,3,2025-06-04,Flavia Carmela Vilar Bastida,Badajoz
Arroz,16.49,4,2025-06-20,Benita Iris Doménech Llabrés,Soria
Leche,1.06,1,2025-07-11,Pepito Abellán Maestre,Alicante
Aceite,15.03,5,2025-09-21,María Dolores Baena,Málaga
Pollo,18.64,7,2025-06-08,Hermenegildo Niño,Huelva
Arroz,14.03,3,2026-02-18,Sergio Gallego Canales,Ciudad
Queso,16.05,6,2026-05-23,Humberto Santana,Ourense
Pollo,8.86,7,2025-09-10,Diana Bayo Nebot,Córdoba
Carne,17.2,5,2025-07-10,Fidel Almansa Nebot,Vizcaya
Aceite,9.59,9,2025-12-15,Evangelina Pinto Marin,La Rioja
Huevos,10.96,1,2025-09-16,Anselma Corbacho Perez,Ciudad
Pan,12.72,10,2025-09-16,Bruno del Prats,Pontevedra
Aceite,10.04,4,2025-05-28,Quique Noriega-Toro,Ourense
Huevos,17.93,7,2025-10-05,Angelita del Nicolás,Pontevedra
Pollo,17.44,5,2026-02-12,Marcela Donoso,Santa Cruz de Tenerife
Café,11.37,1,2026-01-19,Javiera Palau-Borja,Pontevedra
Aceite,0.59,6,2026-01-02,Eugenio Hidalgo Bernal,Cáceres
Azúcar,18.73,3,2025-12-29,Cayetana Sebastián-Galan,Santa Cruz de Tenerife
Carne,0.7,7,2025-09-04,Sabas Garriga Avilés,Guadalajara
Huevos,2.06,1,2026-04-23,Hernán Lucena-Hurtado,Valladolid
Carne,5.21,4,2025-06-30,Susanita de Cazorla,Cádiz
Aceite,13.38,9,2026-01-06,Ileana Gisbert Haro,Cádiz
Huevos,4.74,6,2025-11-24,Rosalinda Vergara Valls,Huelva
Azúcar,1.26,8,2025-09-22,Palmira Estévez,Barcelona
Azúcar,13.96,1,2025-08-29,José Ángel Angulo Prado,Ceuta
Azúcar,2.61,6,2026-05-20,Eulalia del Morillo,Baleares
Arroz,11.94,5,2026-02-20,Chucho Ambrosio Estévez Jordán,Navarra
Queso,10.57,6,2025-09-23,Inmaculada Salvà,Córdoba
Pollo,9.14,5,2026-02-11,Alondra Gascón-Salinas,Salamanca
Queso,13.46,8,2025-06-07,Nacho Lloret Almansa,Asturias
Arroz,7.21,10,2026-04-23,Mirta Román Lloret,Las Palmas
Arroz,9.88,8,2025-08-15,Guiomar Larrañaga,Albacete
Huevos,15.55,7,2025-11-17,Nazaret Manuel Vega Alemany,Melilla
Pollo,16.05,9,2025-12-26,Luisa Elorza,Zamora
Pollo,18.78,4,2025-10-26,Íñigo Sevillano Oliveras,La Rioja
Arroz,3.22,1,2025-07-12,Miguel Ángel Pallarès-Sebastián,Cáceres
Azúcar,2.6,10,2025-07-27,Oriana Franch Maestre,Baleares
Leche,14.43,10,2025-07-23,Arsenio de Arana,Zaragoza
Carne,13.65,10,2025-10-11,Valero Ruben Quintanilla Villalobos,Sevilla
Aceite,6.71,10,2025-11-27,Jafet Noguera Samper,Ciudad
Carne,2.62,4,2025-07-30,Benito Ferrando-Cózar,Zamora
Huevos,19.74,9,2025-05-30,Lola Mármol,León
Azúcar,2.16,6,2026-05-14,María Belén Montoya Abad,Castellón
Azúcar,7.34,10,2025-08-17,Mamen Cisneros Murcia,Castellón
Pan,0.94,8,2026-03-05,Marciano Teo Sedano Huerta,Teruel
Pan,14.73,5,2025-08-22,Clotilde Sarmiento Sevillano,León
Pollo,14.4,4,2026-05-18,Valeria Bravo Cabeza,Girona
Aceite,11.05,5,2025-07-30,Eladio Roig Terrón,Asturias
Queso,4.57,9,2025-11-06,Antonio Ricart Marqués,Toledo
Azúcar,3.26,9,2026-02-14,Blas Juárez Nebot,Almería
Huevos,13.03,3,2025-09-22,Ignacio Raya Amo,Álava
Pollo,9.92,6,2025-12-31,Fabiana Albero Vilar,Toledo
Carne,10.47,9,2025-06-22,Vidal de Prada,Zamora
Huevos,12.66,6,2025-07-29,Leire Gonzalo Bárcena,Vizcaya
Carne,4.23,3,2025-09-04,Máximo Reig Larrañaga,Ceuta
Arroz,11.97,3,2026-01-03,Gabriela Fuentes Naranjo,Ciudad
Arroz,6.7,5,2026-05-06,Severo del Roman,León
Arroz,14.58,4,2025-09-08,Reynaldo Casado Calzada,Ciudad
Huevos,9.97,1,2026-05-26,Zoraida Octavia Barba Rios,Melilla
Café,2.26,8,2025-12-01,Reyes Gárate-Atienza,Albacete
Huevos,16.83,3,2025-10-21,Beatriz Pedrero Núñez,Madrid
Aceite,19.99,7,2026-03-27,Valero Infante Anaya,Alicante
Aceite,1.52,7,2025-06-01,María Pilar de Checa,Ourense
Leche,1.66,5,2025-08-15,Santiago Bolaños Pla,Zaragoza
Leche,14.66,1,2025-11-30,Carla Rosado,Córdoba
Queso,8.03,4,2025-08-11,Luis Miguel Buendía,Córdoba
Pan,2.77,6,2025-08-26,Susanita Elías Agullo,Cantabria
Carne,10.25,6,2025-12-09,Renata Beltran Saldaña,Soria
Azúcar,15.63,1,2026-03-18,Hector Almeida Collado,Ávila
Huevos,11.99,1,2025-08-24,Juan Carlos Gálvez Ballester,Asturias
Arroz,13.97,3,2025-08-09,Donato Dueñas,Tarragona
Carne,6.24,7,2025-09-30,Lara Benítez Gallo,Zamora
Queso,17.06,2,2026-05-13,Eloy Iglesias Raya,Murcia
Huevos,18.42,7,2025-09-21,Charo Peláez Aragonés,Navarra
Café,12.18,5,2025-11-14,Irma Fonseca,Málaga
Carne,19.14,4,2026-01-21,Trinidad Alcalá Lamas,Álava
Leche,14.94,9,2025-11-10,Paola Taboada-Jaume,Zaragoza
Aceite,7.46,8,2026-01-13,María Fernanda Ferrándiz Tomas,Málaga
Leche,6.86,9,2025-06-19,Anna Tejada Nebot,Toledo
Queso,12.18,2,2026-01-18,Hugo Madrid,León
Leche,6.22,2,2025-06-16,Ruperto Gracia-Herrero,Girona
Leche,5.4,8,2025-10-04,Cristina Cortina Mateu,Cáceres
Carne,14.18,1,2025-08-05,Estefanía Delfina Domínguez Bas,Toledo
Café,2.08,3,2025-10-19,Jose Antonio Pellicer Ribera,Las Palmas
Queso,17.88,5,2025-11-02,Dimas Varela Medina,Murcia
Huevos,11.02,5,2026-05-22,Azucena Irma Correa Pagès,Vizcaya
Arroz,19.39,10,2026-05-01,Rosa María Tirado,Girona
Carne,9.69,10,2026-04-13,Ernesto Cadenas,La Coruña
Carne,16.55,4,2026-04-13,Rosa Crespo Novoa,Jaén
Azúcar,10.75,4,2025-06-30,Leonor Aguiló,Segovia
Queso,12.54,8,2025-12-03,Albina Arcelia Jimenez Arregui,Vizcaya
Café,5.7,6,2026-01-09,Asunción Valeria Arellano Agustín,Sevilla
Huevos,17.84,10,2025-07-26,Julio de Castelló,Valencia
Azúcar,4.43,2,2026-02-21,Isidro Abril Montoya,Tarragona
Café,10.16,3,2025-08-07,Eloísa de Borja,Murcia
Pollo,17.92,7,2026-02-15,Berto Gargallo Castañeda,Alicante
Huevos,6.1,6,2025-12-06,Efraín Carrasco Cantón,Guipúzcoa
Queso,11.41,2,2026-03-11,Conrado Solís Espinosa,Granada
Aceite,4.61,1,2026-04-08,Antonia Barrios Iglesias,Badajoz
Queso,2.5,6,2025-11-25,Donato Rojas Palomino,Salamanca
Huevos,2.46,9,2026-01-22,Toni Romero,Las Palmas
Huevos,16.49,9,2026-05-16,Consuela Anabel Marco Pera,Barcelona
Café,14.0,3,2026-01-02,Alma Ligia Peñalver Rubio,Jaén
Pollo,12.16,6,2025-07-12,Francisca Mancebo-Tapia,Huelva
Carne,17.69,5,2026-02-13,Américo del Jover,Álava
Pollo,12.6,7,2025-10-01,Agapito Barriga Roca,Navarra
Azúcar,18.44,10,2025-12-25,Humberto Gomis,Burgos
Arroz,3.21,1,2025-09-14,Armida Barriga Carnero,Palencia
Aceite,8.05,5,2025-08-01,Milagros Villena Figueroa,Cáceres
Queso,5.29,9,2026-03-27,Ruy Bermejo Jódar,Sevilla
Azúcar,10.2,1,2025-08-01,Priscila Olivares Mariscal,Tarragona
Pollo,2.18,5,2026-04-27,Julio de Bilbao,Burgos
Carne,0.8,6,2026-05-17,Samuel Azcona Mendizábal,Lleida
Queso,6.79,7,2025-05-31,Carmen Ordóñez Riera,Melilla
Carne,15.92,1,2025-08-05,Heriberto Vélez,Cádiz
Queso,14.33,8,2025-09-04,Ruben Ojeda Carballo,Lugo
Arroz,1.38,5,2026-05-14,Amor Guardiola Anaya,Córdoba
Pollo,5.2,1,2026-04-21,Antonio Moya Castelló,Girona
Café,1.26,4,2025-06-16,Graciano Collado Piquer,Castellón
Huevos,17.41,10,2025-07-05,Leonardo Jove Villar,Pontevedra
Queso,11.47,10,2025-11-24,Guillermo Bonet Azorin,Teruel
Leche,5.51,3,2026-03-03,Fortunato Francisco Fabregat,Murcia
Pan,11.98,4,2025-11-11,Ximena Camino-Amo,Ávila
Arroz,5.66,2,2025-07-17,Nazario Laguna Velázquez,Álava
Café,9.93,3,2026-02-07,Benito Melero Lumbreras,Valladolid
Carne,10.78,7,2026-02-08,Julieta Carmona Vilaplana,La Rioja
Carne,1.0,8,2026-04-10,Susanita Cuenca Molins,Girona
Carne,9.29,10,2025-08-21,Dan Aragonés Mosquera,Castellón
Azúcar,18.48,6,2025-06-02,Herberto Lluch Posada,Vizcaya
Pan,10.43,3,2025-08-31,Guillermo Joaquín Bas Iñiguez,Castellón
Pollo,5.89,10,2025-12-02,Jose Francisco de Amigó,Córdoba
Leche,12.78,5,2025-10-08,Luis Zamora Arellano,Sevilla
Pan,18.7,7,2025-08-07,Itziar Bermúdez-Hoz,Valladolid
Huevos,3.14,1,2025-06-02,Albert Martorell,Girona
Queso,6.41,4,2025-11-19,Brunilda Jiménez,Guipúzcoa
Pollo,10.51,8,2026-01-03,Roque Vázquez Mateos,Valencia
Arroz,18.98,3,2025-06-14,Quirino Bello-Coronado,Santa Cruz de Tenerife
Azúcar,8.48,2,2025-07-20,Damián de Valera,Cuenca
Huevos,6.59,4,2025-09-27,Ema Estefanía Andres Pelayo,Cuenca
Pan,9.43,4,2025-11-20,Juanito Sanjuan Carbonell,Badajoz
Azúcar,5.7,9,2025-12-26,Glauco Arregui Ortuño,Cantabria
Carne,3.8,8,2025-06-09,René Pascual Peralta,Alicante
Café,6.77,10,2026-01-20,Susana Galindo Cruz,Tarragona
Carne,8.9,1,2025-11-18,Laura Navarrete,Asturias
Carne,3.54,6,2025-11-08,Anita Villalonga-Molins,Cáceres
Azúcar,17.97,4,2025-08-08,Felipe del Gisbert,Córdoba
Arroz,8.68,5,2025-09-09,Gabriela Marcos Lastra,León
Pollo,6.71,2,2026-01-15,Consuela Valcárcel Lorenzo,Cuenca
Arroz,15.27,5,2025-06-01,Manola Torrecilla Segura,Burgos
Pan,13.11,9,2026-05-04,Cristian Monreal Oller,Castellón
Aceite,4.64,6,2025-06-10,Olimpia Bermúdez Muñoz,Baleares
Café,10.31,7,2025-11-29,Gil de Vallejo,Guipúzcoa
Queso,2.86,3,2025-06-12,Maximiliano Nicanor Bautista Flores,Valladolid
Café,10.81,10,2025-11-29,Elba Tejedor-Samper,Tarragona
Carne,2.69,8,2025-11-14,Luisina Heras Sancho,Guadalajara
Arroz,14.21,9,2025-09-10,Dionisia Anguita Palmer,Soria
Huevos,4.63,7,2026-03-28,Adolfo Sales Borrell,Málaga
Arroz,8.6,5,2025-09-13,Samuel Mascaró Sanmartín,Ávila
Huevos,7.09,7,2026-05-24,Jose Antonio Bayón Huerta,Barcelona
Azúcar,7.98,7,2025-10-03,Gala Arnal,Burgos
Aceite,15.51,4,2025-09-16,Yaiza Mas Domingo,Lugo
Pan,2.87,10,2025-11-02,Pía Marqués,Ciudad
Pollo,3.37,3,2025-11-26,Guadalupe Aránzazu Villegas Gimeno,Santa Cruz de Tenerife
Huevos,1.31,8,2025-10-05,Isidoro Mateos Álvarez,Burgos
Huevos,4.21,4,2026-03-22,Rosario Leal,Sevilla
Café,11.64,4,2026-05-16,Brunilda Bravo-Alcalá,La Rioja
Pollo,15.33,2,2025-10-31,Candelas Pou Aramburu,Sevilla
Aceite,1.96,5,2026-02-16,Jose Angel Salazar-Jaén,Jaén
Pollo,3.51,8,2025-11-18,Arturo Aurelio Sedano Espejo,Ceuta
Pan,1.88,3,2026-03-13,Adoración Otero Marí,Valencia
Pollo,9.65,8,2026-04-30,Trinidad Castro Gámez,Cádiz
Pan,15.72,7,2025-08-10,Clara Alfonso Franch,Asturias
Aceite,5.82,5,2026-01-02,Baltasar Vara Bonet,Huesca
Leche,10.75,8,2025-05-30,Amelia Tapia-Gutiérrez,Cuenca
Aceite,11.9,2,2026-02-05,Salvador Osuna Fernández,Vizcaya
Arroz,16.78,3,2026-04-15,Nydia Cardona Jordá,Guadalajara
Leche,1.91,9,2025-12-07,Rufina Luna,Valencia
Pollo,6.59,8,2025-10-10,Xavier Mayoral Martorell,Asturias
Azúcar,6.05,3,2026-03-03,Simón Gálvez-Carvajal,Palencia
Pollo,2.21,1,2025-06-07,Baldomero Moya Corbacho,Valladolid
Queso,16.22,6,2026-01-12,Valerio Iglesia Cuadrado,Segovia
Pollo,17.36,5,2025-12-10,Azucena Bárcena,Tarragona
Aceite,13.11,6,2025-09-14,Renata del Álamo,Salamanca
Arroz,15.62,3,2025-10-07,Hernando Román Múñiz,Teruel
Pollo,17.9,2,2026-01-29,Nuria Alegre-Jordán,Sevilla
Queso,19.93,4,2026-04-26,Nando Robledo Sanmartín,Santa Cruz de Tenerife
Carne,14.81,7,2025-11-07,María Pilar Gargallo,Lleida
Carne,15.61,9,2026-03-19,María Teresa Serra Simó,Ceuta
Carne,17.74,6,2025-10-09,Amador Alegre-Mayoral,Cádiz
Queso,16.38,4,2025-06-17,Francisca Montoya Bastida,Huesca
Huevos,2.02,2,2025-11-11,Concha Belda,Ceuta
Carne,7.55,3,2025-08-01,Nicolás Valderrama Duarte,Zaragoza
Pollo,13.63,9,2025-06-25,Eva María Pinilla Cañellas,Pontevedra
Arroz,18.08,8,2025-11-09,Carmela Etelvina Tamayo Isern,Valladolid
Huevos,1.89,3,2025-06-24,Berto Cañellas-Reig,Melilla
Queso,11.63,4,2026-02-27,Aitana Malena Vila Perales,Girona
Aceite,9.08,10,2025-12-22,Hilda Peñas Borrell,Cuenca
Leche,12.66,1,2026-01-07,Eutimio Samuel Campillo Prado,Cádiz
Pan,13.71,7,2025-09-27,Gertrudis Zabala Pascual,Cáceres
Azúcar,7.03,2,2025-10-15,Saturnino Amor Ferrández,Asturias
Carne,4.6,1,2025-09-04,Samanta Itziar Manso Suárez,Ourense
Pollo,6.14,3,2025-11-19,Luz Seco Aranda,Ourense
Arroz,18.26,6,2025-10-26,Lorenza Flor Palau,Asturias
Huevos,11.07,2,2025-08-03,César Coello Zaragoza,Huesca
Carne,15.98,1,2026-03-23,Ruperta Mayo-Castilla,Baleares
Leche,1.7,10,2026-02-24,Eutropio Domingo Reig,Baleares
Pollo,16.58,7,2026-05-13,Marianela Barriga-Alarcón,Girona
Queso,11.04,8,2025-12-05,Eleuterio Pintor Merino,Toledo
Huevos,2.23,6,2026-03-14,Edelmira Domingo Baños,Cuenca
Azúcar,7.42,7,2026-02-17,Piedad Tapia Jaume,Asturias
Carne,6.67,1,2025-07-05,Macario Riquelme Pablo,Valladolid
Café,16.61,6,2025-08-04,Nazaret Luján,Salamanca
Pollo,17.11,6,2026-05-15,Renato Pedro Olivé,Zamora
Arroz,13.2,10,2025-06-19,Pío Sosa Santos,Navarra
Pollo,11.86,3,2026-01-10,Lucila Robledo Quintana,Álava
Aceite,6.69,5,2025-11-10,Francisco Jose Portero Velasco,Guadalajara
Carne,10.4,2,2026-02-05,Paca del Sola,Zaragoza
Pan,5.48,2,2026-03-03,Leocadio Gonzalez Porcel,Navarra
Arroz,6.55,1,2025-12-15,Balduino Chaparro Adadia,Murcia
Queso,16.79,5,2026-01-23,Nuria Somoza Miralles,Castellón
Café,18.89,3,2025-07-07,Esmeralda de Alberdi,Soria
Queso,13.72,8,2026-04-28,Mar Vicens Maldonado,Málaga
Pan,19.75,9,2025-10-07,Mario del Ferrera,Guadalajara
Carne,16.62,8,2025-11-11,Concepción de Larrea,Lleida
Azúcar,6.92,6,2025-08-12,Hipólito Llamas Salgado,León
Arroz,4.47,2,2026-03-14,Dominga Niño Pallarès,La Coruña
Pan,3.04,7,2025-11-06,Wálter Gomez Jordá,Palencia
Pan,2.36,3,2025-09-10,Goyo de Vives,La Coruña
Pollo,8.52,6,2026-03-08,Herminia Campo Marti,Sevilla
Aceite,11.88,4,2025-10-16,Cecilio Quevedo Larrea,Valladolid
Arroz,9.91,1,2026-03-22,Ema Andrés Nogués,Badajoz
Pollo,1.52,10,2025-07-06,Benigno de Paniagua,Ceuta
Carne,8.92,7,2025-08-11,Vito Céspedes-Cabrera,Navarra
Café,5.83,4,2026-03-16,Adelardo Florentino Parejo Martinez,Cáceres
Leche,12.31,8,2026-02-26,Marino Piña-Fabregat,Ciudad
Pan,19.76,5,2025-08-07,Tristán Tamarit-Barriga,Zamora
Arroz,3.03,7,2025-12-08,Josefa Guitart Ponce,Alicante
Huevos,1.8,1,2025-10-19,Cristian Gilabert Chaves,Tarragona
Azúcar,2.05,6,2025-11-21,Eustaquio de Torrent,La Coruña
Carne,5.72,4,2026-02-15,Jose Carlos Pedrosa Iñiguez,Lleida
Queso,3.48,10,2026-02-12,Estrella López Cuéllar,Cuenca
Leche,7.1,8,2026-02-17,Dulce Silva-Ballester,Asturias
Queso,9.34,8,2025-09-02,Fátima Fonseca Tena,Granada
Café,13.12,9,2026-03-13,Ruperto Reig Perales,Sevilla
Café,13.52,2,2026-05-25,José Ángel Amador Ribas,Huelva
Azúcar,9.63,4,2026-03-20,Emigdio Quero Montaña,Cáceres
Arroz,3.99,6,2026-01-10,Marcio Mendizábal Ortiz,Cáceres
Arroz,17.31,2,2025-06-07,Damián Urbano Bartolomé Leiva,Pontevedra
Azúcar,14.07,6,2026-04-06,Reina del Tovar,Soria
Carne,8.58,3,2026-03-30,Juanita Tomas Fuertes,Cantabria
Carne,6.72,6,2025-11-25,Isaac Diez,Baleares
Aceite,9.92,1,2026-02-22,Cruz Tejera Almansa,Ávila
Huevos,15.66,3,2026-03-25,Salvador del Gelabert,Álava
Aceite,5.35,2,2025-10-26,Genoveva de Folch,La Rioja
Queso,5.41,10,2026-03-16,Ramona Vicente Calderon,Valladolid
Aceite,4.64,6,2025-08-03,Dalila Lloret,Cuenca
Carne,10.52,5,2026-05-24,Filomena Encarnita Lago Moles,Ávila
Aceite,3.08,5,2025-08-04,Tomasa García Pizarro,Ceuta
Arroz,3.18,6,2025-11-14,Calixto Peñalver Viana,Burgos
Queso,19.93,4,2026-02-18,Candela Iniesta Cuenca,Barcelona
Leche,8.28,3,2025-09-21,Juan Pablo Vilaplana Olivares,Salamanca
Queso,15.35,5,2025-12-28,Tere Ayllón Gargallo,Jaén
Pan,1.4,8,2025-08-10,Rafa Paniagua Alsina,Málaga
Carne,11.84,3,2026-03-31,Merche Anastasia Ferrer Vergara,Huelva
Aceite,9.68,9,2025-06-05,Teresita Mateu Salinas,Toledo
Pollo,19.17,1,2025-06-23,Ámbar Guillen Batalla,Navarra
Carne,10.55,5,2025-12-31,Odalys Francisco Solera,Navarra
Carne,16.03,7,2025-11-13,Ariadna Casas Sola,Toledo
Huevos,12.84,3,2025-11-13,Efraín Ramón Agullo Esteban,Pontevedra
Aceite,0.8,5,2026-03-03,Lupe Peláez-Revilla,Navarra
Pollo,17.97,3,2025-08-30,Atilio Cuadrado Sastre,León
Carne,11.98,5,2025-08-18,Susana Madrigal Amores,Burgos
Huevos,10.14,4,2025-08-03,Mario Rocha-Baquero,Murcia
Pollo,5.92,7,2025-07-16,Yésica del Román,Álava
Pan,10.15,6,2026-01-10,Paco Mosquera-Seguí,Madrid
Queso,15.71,2,2026-02-04,León Ochoa Ripoll,Jaén
Carne,10.59,1,2025-09-28,Santos de Barranco,Granada
Carne,1.36,9,2026-02-23,Anunciación Judith Poza Quintero,Ceuta
Aceite,7.86,4,2026-01-10,Angélica Robledo Velasco,Pontevedra
Queso,16.86,4,2026-01-05,Felisa Moll Cárdenas,Badajoz
Aceite,9.78,7,2025-07-15,Lucio Julio Cabrero Valls,Las Palmas
Queso,8.33,7,2025-08-04,Palmira Yésica Teruel Arellano,Las Palmas
Carne,11.04,1,2025-12-21,Donato Nieto Mayoral,Las Palmas
Azúcar,17.05,5,2025-10-25,Alfonso Calderón-Velázquez,Vizcaya
Aceite,19.43,3,2025-06-05,Dionisio Marti Jurado,Guadalajara
Queso,10.47,5,2025-09-26,Daniela Rebollo Casas,Zamora
Aceite,9.07,8,2025-11-13,Rodrigo Coll Corominas,Badajoz
Queso,18.69,8,2026-01-15,Leyre Sánchez,Ciudad
Leche,18.7,10,2025-11-12,Judith Garriga Echevarría,Asturias
Leche,4.43,4,2026-03-14,Mireia Jenny Pinto Medina,Guipúzcoa
Carne,19.91,7,2026-02-27,Jovita Pérez Sanmartín,Vizcaya
Café,13.43,10,2025-09-30,Pili Salgado Torres,Pontevedra
Huevos,2.79,3,2026-01-09,Eric Vallés Matas,Ourense
Azúcar,7.84,9,2026-02-15,Bartolomé Vázquez Jáuregui,Guipúzcoa
Huevos,3.18,4,2025-08-31,Ciriaco Valencia Pintor,Palencia
Azúcar,7.35,4,2025-11-26,Tristán Luque Pera,Vizcaya
Aceite,1.69,4,2025-06-23,Milagros Sans Alfaro,Baleares
Café,13.36,10,2026-04-16,Julieta Feliciana Peralta Comas,Guipúzcoa
Pan,7.29,2,2025-08-29,Gabriel Ríos Andrade,Zaragoza
Pan,19.38,4,2026-01-08,Pacífica Dávila Leon,Lugo
Huevos,12.85,9,2025-08-23,Abel Rozas Ros,Guadalajara
Aceite,17.96,5,2025-11-01,Américo Torres Luna,La Rioja
Arroz,14.75,3,2026-05-18,Angelita Benavides Almeida,Santa Cruz de Tenerife
Carne,10.81,6,2025-07-31,Noemí Cobo González,Granada
Pollo,17.25,2,2025-10-22,Marisa Tamarit Canet,Madrid
Aceite,15.03,8,2026-02-04,Ramiro Fabregat Cid,Burgos
Pollo,0.75,6,2025-10-19,Carmina Barros Coca,Vizcaya
Carne,6.37,1,2025-09-01,Juan Francisco Acuña,Santa Cruz de Tenerife
Azúcar,2.38,6,2025-06-02,María Dolores Bello Ponce,Lleida
Arroz,9.72,9,2025-12-14,Etelvina Cepeda Lago,Ciudad
Queso,13.54,5,2026-03-10,Ramiro Graciano Galan Araujo,Teruel
Arroz,11.79,8,2026-01-08,José Luis Cristóbal Ferrández Azorin,Jaén
Huevos,14.5,9,2025-11-27,Juan Sanabria Aller,La Coruña
Carne,12.32,4,2025-09-22,Ruben del Valdés,Córdoba
Pollo,11.25,8,2025-06-29,Rosa Saavedra,Palencia
Azúcar,11.58,10,2025-06-02,Iris Haro Gracia,Badajoz
Pan,16.4,4,2026-05-01,Germán Leon Pagès,Palencia
Leche,9.93,5,2025-10-14,Roxana Flor Carranza,Pontevedra
Pollo,14.12,8,2026-03-14,Piedad Cáceres Requena,Valladolid
Leche,1.66,3,2025-06-19,Guiomar del Aramburu,Valencia
Leche,15.35,8,2025-06-18,Josué Roldan Valderrama,Cantabria
Café,18.31,1,2026-05-02,Olga Miranda Cabello,León
Huevos,17.89,4,2026-02-10,Virgilio Alvarado,Cuenca
Carne,14.8,10,2025-10-02,Rosa María Bertrán Alberola,Madrid
Café,15.83,1,2026-01-18,María Teresa Viña Amores,Huelva
Pollo,18.61,7,2025-11-12,Adelia del Ordóñez,Soria
Pollo,8.01,8,2025-07-20,Evelia Rosselló Vall,Ourense
Aceite,18.1,1,2025-10-23,Amalia Perales Barros,Huesca
Arroz,15.66,8,2025-12-16,Emperatriz Isabel Roda Ribas,Alicante
Arroz,10.82,6,2026-05-01,Simón del Sans,Segovia
Pollo,8.3,2,2026-01-07,Fabio Barros Torre,La Coruña
Pan,6.56,4,2026-01-26,Gema Cardona Calvo,Badajoz
Pan,8.13,2,2025-08-20,Chus Eva María Piñol Vall,La Coruña
Arroz,4.34,4,2025-10-19,Reinaldo Peinado-Caparrós,Soria
Azúcar,5.11,4,2026-05-21,Ceferino Sáez,Lugo
Carne,19.65,6,2025-08-06,Angelina Segarra Gimeno,Almería
Carne,7.49,8,2026-05-01,Francisco Sandoval-Losa,Soria
Pan,11.35,8,2025-11-12,Constanza Sánchez Simó,Álava
Carne,17.21,3,2026-04-26,Olimpia Rozas,Cáceres
Queso,10.7,3,2026-01-19,Adela Fonseca Navarro,Málaga
Pollo,17.5,9,2026-04-14,Margarita Fabiana Llabrés Crespi,Ciudad
Pollo,7.4,8,2025-12-12,Rafael Martinez Maestre,Cáceres
Pan,0.76,4,2025-09-26,Isaura Galiano Sarmiento,Asturias
Huevos,12.19,5,2025-12-16,Teodora Cano Coloma,Albacete
Carne,15.72,3,2026-02-27,Macarena Clavero Rincón,Badajoz
Leche,8.33,2,2025-11-24,Ildefonso Roque Marco Villegas,La Rioja
Arroz,7.1,5,2026-04-19,Eugenio Porfirio Donoso Cañellas,Salamanca
Huevos,6.31,6,2026-04-14,Isa Simó Zaragoza,Albacete
Aceite,7.66,9,2025-12-21,Clementina Iglesias Bertrán,Badajoz
Leche,2.06,6,2026-05-04,Vidal Barco Castilla,Navarra
Carne,1.2,3,2025-09-13,Olegario Guijarro Salvà,Ourense
Pan,6.2,10,2025-10-04,Valeria Duarte Rico,Álava
Huevos,5.26,4,2026-02-07,Juliana del Amores,Guipúzcoa
Carne,19.0,3,2026-01-30,José María Amo Sancho,Burgos
Queso,4.97,7,2026-03-24,Cruz Varela-Pedraza,Ciudad
Huevos,5.25,7,2026-02-27,Pilar Arnau Larrañaga,Zaragoza
Pollo,8.48,2,2025-06-30,Juan José Salom-Arteaga,Tarragona
Arroz,10.71,10,2025-12-17,Asunción Boada Franco,Huelva
Huevos,4.2,10,2025-08-25,Jose Carlos Sanjuan,Málaga
Arroz,10.65,1,2026-01-27,Gerónimo Lucena-Tormo,Albacete
Huevos,1.77,10,2025-07-06,Apolinar Miguel Seguí,Ciudad
Café,6.55,5,2025-07-18,Bernarda Marco Cadenas,Burgos
Leche,10.22,4,2025-09-08,Alcides Ortega Cuenca,Melilla
Aceite,13.59,8,2025-12-25,Camilo Flavio Vergara Cabanillas,Sevilla
Pollo,12.56,4,2026-01-11,Calixta Rodrigo,Toledo
Huevos,13.61,5,2025-05-29,Blas Suárez Valderrama,Guadalajara
Queso,18.52,5,2025-08-08,Ruy Cifuentes Llobet,Valladolid
Café,17.05,5,2026-01-03,Esmeralda Blanca,Sevilla
Leche,14.96,9,2026-05-03,Carla Blanes Clemente,Vizcaya
Huevos,4.41,8,2025-08-28,Lupita Jódar Cózar,Sevilla
Arroz,17.74,5,2025-12-20,Bienvenida Ramona Mena Francisco,Córdoba
Azúcar,15.24,9,2025-08-19,Jenaro Ismael Calzada Artigas,Tarragona
Azúcar,8.89,5,2026-02-01,Joel Cortés,La Rioja
Huevos,2.54,5,2026-02-21,Jafet Balaguer-Melero,Sevilla
Café,17.41,5,2026-05-21,Dimas Verdejo Bernal,Málaga
Leche,16.03,3,2026-02-10,Rosa María Sosa Solé,Lugo
Aceite,16.1,10,2025-07-10,Marino Carrasco-Barroso,Cuenca
Pollo,10.26,7,2026-02-08,Renata Farré,Ciudad
Arroz,7.29,6,2025-06-06,Isabel Macías,Ourense
Pollo,11.08,5,2025-07-25,Vidal Calzada,Soria
Arroz,19.83,9,2025-12-07,Leopoldo Caro Benavides,Guadalajara
Aceite,1.55,10,2026-02-17,Carlota Iglesia Blasco,Madrid
Queso,6.27,8,2026-05-22,Brígida Pedraza Armas,Zamora
Carne,6.0,2,2025-10-15,Fabián Juárez,Las Palmas
Café,15.84,4,2026-01-06,Reyes Zamorano Amorós,Valladolid
Pan,13.32,5,2026-02-09,Azahara Gimeno Valcárcel,Lugo
Carne,14.98,3,2026-01-29,Fanny Pla Barba,Guadalajara
Azúcar,17.61,6,2025-11-16,Gema Sandra Borrego Barrena,Lleida
Pollo,15.18,3,2025-10-23,Olalla Plana-Díaz,Albacete
Huevos,18.4,9,2025-08-03,Cecilio Iniesta Fuente,Sevilla
Carne,6.11,8,2026-02-06,Isidro Villaverde Segarra,León
Pan,16.14,1,2026-04-18,Nacho Epifanio Gual Vilalta,Almería
Pollo,9.24,9,2025-08-21,Haydée Falcón-Cervera,Navarra
Leche,9.74,7,2025-06-14,Teófilo Roldán Villalobos Bejarano,Guipúzcoa
Arroz,18.79,2,2025-07-25,Omar Perales Cortes,Lugo
Café,3.34,3,2025-07-17,Albino Vilar Losa,La Rioja
Café,1.78,7,2026-04-06,Leonor Gascón Uribe,Almería
Carne,18.22,7,2025-09-27,Eduardo Vélez-Cañete,Alicante
Leche,12.78,5,2025-11-13,Nazaret Tejero Crespi,Soria
Azúcar,12.22,4,2025-11-01,Eli Llabrés Murcia,Vizcaya
Queso,19.03,9,2025-11-02,Elisa Grau Colom,Cantabria
Azúcar,5.25,10,2026-04-02,Carmela Cortes-Calleja,Cuenca
Café,2.81,10,2026-03-20,Trini Castejón,Cuenca
Aceite,3.11,3,2025-10-12,Soledad del Lago,Santa Cruz de Tenerife
Carne,16.59,10,2025-08-12,Humberto Lladó Galindo,Ávila
Pollo,2.67,1,2026-04-24,Cristian de Oliver,Jaén
Café,14.74,1,2025-06-28,Gervasio Dalmau Gabaldón,Santa Cruz de Tenerife
Café,10.49,6,2025-07-28,Benjamín Verdejo Carrera,Álava
Café,18.37,9,2025-07-07,Ariadna Mayo Crespi,Teruel
Leche,15.18,6,2026-02-20,Eric Alfaro Ballesteros,Albacete
Huevos,2.82,6,2025-10-28,Loreto Verdejo Fajardo,La Rioja
Leche,18.63,2,2026-05-14,Ainoa Maestre Ramírez,Cádiz
Leche,19.39,3,2025-07-26,Fortunato Rincón-Romero,Alicante
Huevos,17.96,3,2025-06-23,Graciana Chico,Baleares
Pan,2.43,5,2025-07-31,Tomás Lerma Lerma,Cantabria
Leche,5.38,4,2026-05-10,Isabel Amaya Narváez,Ourense
Queso,16.36,9,2025-05-27,Cruz de Castelló,Cádiz
Café,13.02,7,2025-06-23,Celestino Pozuelo,Toledo
Arroz,7.88,9,2025-06-08,Luis Miguel Uribe Luna,Madrid
Carne,10.58,6,2025-10-16,Carlota Calderón Marquez,Pontevedra
Carne,8.33,9,2025-09-20,Isaura Ordóñez Álvaro,Castellón
Carne,1.35,9,2025-08-10,Esther de Granados,Cantabria
Carne,4.18,4,2025-08-26,Ángel Calvet,Albacete
Carne,17.61,6,2025-06-07,Pascual Miguel-Coloma,Girona
Pan,16.17,8,2025-07-04,Concha Benet Barba,La Coruña
Café,12.21,3,2026-04-29,Eliana Agudo Jove,Málaga
Queso,11.44,7,2025-12-04,Jose Miguel Matas Bolaños,Asturias
Huevos,10.95,2,2025-08-02,Roque Llano Iniesta,Vizcaya
Queso,3.19,1,2025-07-06,Delfina Arnal Osorio,Burgos
Azúcar,12.8,7,2025-08-03,Custodio Campillo-Doménech,Granada
Café,13.32,3,2026-01-02,Domingo Santana Vall,Ciudad
Pollo,19.51,1,2025-11-06,Eutimio del Crespi,Álava
Queso,13.93,4,2026-03-06,Nacio Herrero Flores,Cuenca
Arroz,11.09,2,2026-01-29,Carmela Novoa Lozano,Almería
Azúcar,7.96,9,2025-07-08,Ricardo Tejero Andrés,Castellón
Café,2.52,6,2026-05-12,Carmela de Jordán,La Coruña
Aceite,12.49,6,2025-06-20,Sol Roldan Ayllón,Las Palmas
Carne,12.0,4,2025-06-17,Esperanza Aramburu Feliu,Burgos
Café,5.59,6,2025-08-28,Teófilo del Jara,Cáceres
Café,12.32,4,2025-11-17,Rosalinda Escolano-Uría,Segovia
Queso,6.02,4,2025-12-16,Cornelio de Tovar,Toledo
Leche,6.33,1,2025-12-10,Wálter Celestino Giménez Caparrós,Albacete
Aceite,11.75,4,2025-06-11,Yaiza Purificación Castro Saldaña,Lleida
Pollo,5.12,9,2025-07-06,Cruz Casares,Ourense
Azúcar,4.9,3,2025-11-21,Caridad Amaya Macias,Pontevedra
Carne,4.47,5,2025-10-26,Demetrio Escalona Piñeiro,Ciudad
Queso,12.76,6,2025-07-27,Hugo Corominas Menéndez,Navarra
Carne,5.64,8,2025-08-12,Cintia Aznar-Nadal,La Coruña
Café,15.3,5,2026-05-23,Amaro Luis Ángel Benavente Navarrete,Melilla
Arroz,15.53,5,2025-07-13,Griselda del Montesinos,Málaga
Pollo,17.36,9,2025-10-12,Trini Piña-Carvajal,Ceuta
Pan,16.21,3,2025-07-30,Fátima Ballesteros Verdugo,Ávila
Leche,9.14,8,2026-05-09,Lorena de Conde,Pontevedra
Huevos,11.47,10,2025-08-24,Jacobo Gálvez Bernal,Castellón
Huevos,17.46,7,2025-10-27,Olegario Murillo Pineda,Baleares
Huevos,18.93,9,2026-03-05,Édgar González Baena,Almería
Pollo,8.9,6,2025-12-15,Alfredo Nico Alfaro Iñiguez,Cádiz
Queso,15.33,4,2025-12-20,Sarita Téllez-Marquez,León
Azúcar,12.65,6,2025-09-05,Celia Reguera Martinez,Navarra
Pollo,18.35,5,2025-07-19,David del Nuñez,Castellón
Pollo,2.74,10,2025-06-15,Sigfrido Adrián Riquelme Berrocal,Girona
Arroz,17.32,9,2025-11-27,Dora Tello Codina,Barcelona
Pan,1.51,3,2026-01-10,Pablo Iñiguez,Guipúzcoa
Aceite,0.63,4,2025-09-07,Fito Collado Solís,Guadalajara
Leche,0.62,8,2026-02-23,Dionisio Arranz Bermudez,Castellón
Arroz,6.44,5,2026-01-20,Selena Juliá Cadenas,Segovia
Leche,9.11,4,2025-12-03,Teobaldo Baeza Marí,Santa Cruz de Tenerife
Pollo,7.77,5,2025-07-24,Clara Agustí-Lozano,Cantabria
Café,6.72,8,2025-09-18,Alba Abril Pont Varela,Guadalajara
Carne,2.94,10,2026-05-17,Rafa Alcalá,Segovia
Queso,1.69,5,2025-07-24,Máximo Muro Ibáñez,Ciudad
Pollo,7.46,7,2025-10-09,Luciano Falcó Arévalo,Teruel
Pollo,7.99,8,2026-05-14,Victor Aznar Pino,Valladolid
Pan,1.07,7,2025-06-18,Zaida Quintero Blanca,Granada
Carne,11.1,9,2025-09-29,Erasmo del Escolano,Navarra
Arroz,7.35,3,2026-05-22,Estefanía Urrutia Sánchez,Las Palmas
Pollo,16.35,5,2025-06-20,Bernarda Garmendia Zabaleta,Almería
Queso,5.33,4,2026-05-20,Poncio Bellido-Sala,Córdoba
Huevos,15.53,4,2026-04-13,Haroldo Benavent-Bueno,Palencia
Pollo,18.62,6,2025-09-15,Julieta Aparicio Riera,Guipúzcoa
Carne,15.49,8,2025-07-28,Abilio de Bolaños,Guadalajara
Pollo,14.85,1,2025-11-19,Telmo Carmelo Becerra Segovia,Toledo
Pan,5.93,4,2026-05-23,Lupe Narcisa Santamaria Vélez,Salamanca
Queso,13.11,3,2026-05-06,Nidia Huguet Tomas,Cantabria
Queso,12.07,8,2025-08-08,Edu Lucio Carlos Pellicer,Granada
Queso,2.61,3,2025-06-10,Rolando Sosimo Fajardo Barberá,Guadalajara
Arroz,10.29,8,2026-01-19,Nicolás Moliner,Cáceres
Café,16.96,9,2025-07-04,Susanita Espinosa Aguado,Lugo
Café,13.15,4,2025-08-05,Severiano Barriga Bustos,Toledo
Pan,11.25,3,2025-07-22,Roxana Díez,Tarragona
Pollo,2.23,9,2025-06-13,Cristóbal Figueroa Flor,Palencia
Pan,3.41,3,2025-09-06,Almudena Asenjo Alvarez,Segovia
Aceite,12.66,3,2025-07-31,Maxi Araujo Quiroga,Huesca
Arroz,17.41,3,2025-11-01,Lorenzo del Serrano,Ávila
Leche,1.7,3,2025-09-22,María Fernanda Abella Zurita,Ciudad
Huevos,19.21,1,2025-07-31,Olalla Gisbert-Peinado,Cáceres
Café,17.24,1,2025-10-16,Yéssica Jódar,Pontevedra
Huevos,18.32,2,2025-07-18,Francisco Hervás Cuevas,Valencia
Arroz,11.66,1,2026-03-10,Agustina Campoy Figueras,Teruel
Café,19.56,9,2026-02-01,César Felipe Toledo Rebollo,Toledo
Aceite,17.11,3,2025-09-27,Felipe Viñas,Palencia
Pan,13.33,7,2025-10-18,Manuel Ariño,Jaén
Pan,3.8,7,2025-10-11,Crescencia Iglesia,Lugo
Azúcar,2.72,9,2025-11-07,Tomás Rosell,Alicante
Pollo,16.42,3,2025-08-17,Juana Ródenas-Gaya,La Rioja
Leche,15.95,2,2026-03-04,Bonifacio Gutiérrez-Vicente,Sevilla
Queso,15.35,8,2026-05-15,Emperatriz Calleja Méndez,Zamora
Pollo,6.59,8,2026-02-11,Emelina Herrera-Puig,Vizcaya
Pollo,3.9,10,2026-02-21,Reina Tomás Manuel,Guipúzcoa
Café,8.51,8,2025-10-23,Clímaco de Bayona,Girona
Leche,7.81,3,2026-04-23,Desiderio Carrión Arévalo,Ávila
Huevos,2.97,5,2025-09-29,Baldomero Giménez Nicolás,Vizcaya
Queso,13.28,8,2025-08-21,Juan Pomares Gonzalez,Ciudad
Pollo,17.69,10,2025-07-13,Jorge Gual,Navarra
Aceite,14.92,7,2025-09-19,Paco Iborra Moya,La Rioja
Carne,9.2,10,2025-12-01,Nacio Maldonado Díez,Ciudad
Café,1.64,3,2025-07-22,Rebeca Mancebo,Salamanca
Pollo,12.79,10,2025-09-03,Calista Izquierdo-Arcos,Barcelona
Aceite,19.49,3,2025-12-23,Tere Exposito Juliá,Cáceres
Queso,18.18,5,2025-09-29,Alejandra Manola Miguel Seco,Albacete
Aceite,19.93,2,2025-12-08,Manuel Diéguez Peralta,Castellón
Huevos,19.72,10,2025-12-27,Segismundo Madrigal,Zaragoza
Aceite,8.04,1,2025-07-04,Amaro Pi Amigó,Palencia
Queso,8.13,4,2026-03-25,Raquel Encarnacion Falcón Aguilar,Ciudad
Azúcar,9.43,4,2025-08-26,Sofía Montoya-Mayoral,Teruel
Café,5.08,7,2025-06-06,Benito del Alcolea,Tarragona
Café,18.45,4,2025-12-03,Alberto Polo Santiago,Guipúzcoa
Pan,3.39,1,2025-07-19,Roque Germán Laguna Cepeda,Cáceres
Pan,9.97,8,2025-06-14,Armida Fonseca-Rueda,Albacete
Pollo,17.62,8,2025-08-10,Estrella Pacheco Azorin,Alicante
Carne,1.5,5,2025-06-05,Pepito Esteban Acevedo,Cantabria
Pan,2.92,7,2026-02-07,Julieta Fabra,Cantabria
Aceite,15.24,9,2026-04-20,Sonia Narváez Arteaga,Barcelona
Arroz,10.87,5,2025-09-08,Abigaíl Exposito Querol,Murcia
Arroz,19.36,9,2025-06-05,Rafael Rosado Egea,Cuenca
Pollo,5.04,3,2025-08-25,Pilar Mancebo Hidalgo,Cuenca
Huevos,4.12,6,2026-04-18,Nydia Olivares Soriano,Cádiz
Café,19.01,1,2026-03-25,Purificación Máxima Casado Andrés,Las Palmas
Arroz,17.98,6,2026-03-23,Ana Belén Navarro-Pina,La Coruña
Queso,12.64,6,2025-11-02,Eloísa de Flor,Murcia
Aceite,18.95,8,2025-08-02,Joan Cánovas Portillo,Huelva
Aceite,5.6,5,2026-03-05,Loreto Ribas Amaya,Santa Cruz de Tenerife
Queso,4.25,5,2025-12-25,Cipriano Vilanova Martín,Asturias
Leche,5.85,9,2025-10-23,Nicolasa Barbero Osuna,Guipúzcoa
Café,16.5,2,2026-03-25,Jenaro del Segovia,Zamora
Aceite,7.09,1,2026-01-15,Roxana Sáez Soriano,Cuenca
Queso,16.36,5,2025-09-12,Alma Garcés Campo,Ávila
Aceite,4.85,4,2025-10-30,Vinicio Aroca González,Madrid
Pollo,17.72,8,2026-03-30,Rita Fabregat,Huelva
Pollo,8.57,6,2025-08-17,Olivia Domitila Reina Barrena,Albacete
Azúcar,8.68,9,2026-02-04,Dulce Vergara Guzman,Zamora
Pollo,18.67,3,2025-08-04,Faustino Ayllón Peñas,Almería
Pollo,16.13,8,2026-04-03,Marcelo Bautista Solera,Álava
Huevos,4.34,7,2026-05-10,Danilo del Villalobos,Salamanca
Arroz,5.24,5,2026-04-19,María Del Carmen Terrón,Teruel
Café,6.34,7,2025-08-19,Edelmiro Niño,Guadalajara
Queso,14.1,10,2026-05-16,Nacio Baquero-Carro,Valladolid
Pollo,5.95,3,2025-12-31,Sarita Zorrilla Rius,Guipúzcoa
Azúcar,4.2,6,2026-02-28,Oriana del Gual,Ceuta
Pan,3.09,7,2025-10-17,Bienvenida Múgica Cañizares,Melilla
Queso,1.03,8,2025-08-26,Clarisa Lorena Calatayud Rocamora,Cádiz
Huevos,11.86,6,2025-05-28,Fausto Contreras Pallarès,Guadalajara
Queso,10.73,7,2026-01-21,Carmen Pallarès Gual,Vizcaya
Leche,19.78,5,2026-01-12,Bernarda Azcona Escolano,Alicante
Azúcar,1.06,9,2026-01-17,Lupe Maldonado-Roca,Cantabria
Carne,14.58,3,2026-03-08,Eusebia Alsina Fernandez,Ourense
Azúcar,12.13,8,2025-09-03,Federico Medina Mas,Castellón
Azúcar,9.09,10,2025-12-28,Pilar Iglesia Toro,Burgos
Café,5.14,2,2026-04-24,Curro Tejedor-Aliaga,Alicante
Pollo,3.42,4,2026-01-22,Crescencia Roselló Pérez,Toledo
Arroz,15.97,10,2026-04-23,Eric Infante Bermejo,La Coruña
Aceite,1.46,4,2025-10-07,Alex Lalo Tamayo Ochoa,Navarra
Huevos,1.98,6,2025-08-10,Aníbal Bernat Sanchez,Barcelona
Huevos,3.1,1,2025-12-21,Alexandra Barrera Valderrama,Melilla
Aceite,1.36,5,2026-01-11,Claudia Antón-Almagro,Álava
Carne,6.0,8,2025-08-12,Leopoldo Almansa Trillo,Ciudad
Pan,8.02,7,2025-10-12,Úrsula Campos Giralt,Ceuta
Leche,7.3,1,2026-02-23,Amílcar Boix Armengol,Valencia
Azúcar,14.42,1,2025-12-17,Elena Carrión Alcaraz,Asturias
Pan,19.21,10,2026-01-06,Nazaret Sosa Cepeda,Valladolid
Café,3.08,1,2026-05-20,Bienvenida Doménech Vázquez,Granada
Queso,16.91,2,2026-03-21,Goyo Tomás Porcel,Teruel
Aceite,1.68,8,2026-04-01,Silvestre del Doménech,Huelva
Carne,8.31,7,2026-02-24,Eva María Borrego Valenzuela,Lugo
Aceite,13.13,8,2026-02-27,Anselma Peña-Girón,Girona
Huevos,14.89,8,2025-11-04,Margarita Beltran Pinilla,Badajoz
Pan,1.79,4,2025-10-18,Anselma Bueno Milla,Palencia
Huevos,7.05,6,2026-03-20,Elodia Uría Bermúdez,Teruel
Queso,9.29,3,2026-05-11,Toño Camino-Araujo,Ávila
Carne,13.11,1,2026-02-13,Claudia Zaida Jurado Ribas,Guadalajara
Queso,3.11,3,2025-07-16,Asunción del Mascaró,Almería
Azúcar,7.89,5,2025-08-31,Cornelio Baños Romeu,León
Queso,19.54,5,2026-05-18,Manuel Alvarez Cuevas,Navarra
Leche,6.59,9,2025-07-27,Josué Villalobos Lobo,Toledo
Pan,15.66,9,2026-03-08,Alexandra Segura Cantón,Vizcaya
Leche,17.4,6,2025-12-13,Ciriaco Ayala Royo,Santa Cruz de Tenerife
Huevos,11.96,7,2025-12-17,Espiridión Cordero Navas,Málaga
Queso,4.03,10,2025-11-29,Santos Casal Padilla,Ciudad
Queso,18.45,4,2025-12-19,Viviana Arnaiz Pallarès,Lugo
Pan,10.55,4,2025-05-27,Cloe Barón Calleja,Huesca
Café,15.51,8,2026-01-20,Samuel Aragonés,La Rioja
Aceite,19.28,7,2026-04-17,Sarita Casal Puig,Valladolid
Huevos,10.28,4,2026-04-07,Tamara Cervantes Gelabert,Guadalajara
Leche,3.72,9,2025-09-28,Nando Arnaiz Martin,Ávila
Café,18.08,1,2025-09-21,Dorita del Núñez,Jaén
Queso,16.73,4,2025-07-15,Jaime Bueno Peralta,Guipúzcoa
Leche,12.68,3,2025-12-10,Azucena Lago Comas,Zaragoza
Pan,17.16,5,2026-01-31,Alberto Marin Solís,Lleida
Pollo,1.42,10,2026-01-14,Teo del Palomares,Badajoz
Arroz,19.72,4,2025-12-26,Fabio Arenas Cámara,Palencia
Café,5.37,8,2026-02-15,Viviana Cruz Frutos,Jaén
Arroz,2.57,2,2025-12-23,Lino Tejedor Font,Melilla
Arroz,4.28,6,2025-09-07,Benigno Victor Tomas Peñas,Murcia
Aceite,5.98,2,2026-05-24,Amarilis Campillo Mendoza,Málaga
Café,9.76,9,2025-12-07,Jennifer Lobato-Serra,Burgos
Aceite,15.8,2,2025-10-13,Amaro Ricart Bilbao,Badajoz
Leche,6.89,4,2026-01-01,María Teresa Egea Porta,Murcia
Queso,8.88,5,2025-10-18,Timoteo Martorell Luna,Soria
Aceite,15.24,4,2025-08-08,Pablo Fábregas Carretero,Tarragona
Huevos,19.0,7,2025-12-30,Rico Casanova,La Rioja
Pan,3.33,9,2026-02-22,Tiburcio del Mosquera,Alicante
Pan,8.96,2,2026-05-03,Juan Carlos Toledo España,Lugo
Huevos,19.96,2,2025-08-18,Vidal Núñez-Alemany,La Coruña
Carne,4.0,2,2026-02-13,Florentina Azucena Valcárcel Feliu,Asturias
Arroz,11.88,6,2025-07-04,Zaira Tomas Sainz,Segovia
Pollo,1.15,9,2026-05-14,Oriana Maldonado,Tarragona
Leche,3.81,7,2026-03-23,Cesar Rueda-Mancebo,Castellón
Leche,18.98,7,2025-11-04,Kike Jove Merino,Jaén
Queso,7.66,9,2025-06-23,Gervasio Arranz Abad,Soria
Arroz,8.08,3,2026-04-05,Rebeca Heras-Salamanca,Cuenca
Queso,15.92,8,2026-02-28,Amalia Adán Agullo,Guipúzcoa
Arroz,19.06,7,2026-02-15,Santos Ribes Álvarez,Álava
Carne,1.19,5,2025-10-21,Saturnina Rosell Agustín,Navarra
Leche,11.82,8,2025-10-08,Nilda Ruano Lerma,León
Azúcar,7.69,5,2025-10-05,Joaquín Villena Ávila,Teruel
Pan,7.47,9,2025-09-18,Reyna Cortina,Teruel
Azúcar,12.23,1,2025-10-17,Mauricio Gilabert Blanes,Lleida
Pollo,9.13,1,2026-04-01,Silvestre Cruz Giner,Melilla
Pan,17.04,5,2026-03-16,Josué de Pino,Jaén
Carne,19.15,1,2026-03-02,Fidela Huertas Garcés,Almería
Pollo,19.07,10,2025-10-01,Claudia Adán-Rojas,Alicante
Pan,9.04,2,2025-10-29,Joaquín del Poza,Huesca
Pollo,14.1,2,2025-07-21,José Nieto Estévez,Ourense
Azúcar,9.67,8,2025-08-24,Tomás Pablo Coca,Córdoba
Café,2.28,2,2025-10-30,Petrona Benavides Gilabert,Huelva
Pollo,12.16,3,2025-11-02,Emperatriz Brígida Lillo Cuenca,Álava
Pollo,8.36,2,2025-12-23,Nico del Amor,Álava
Queso,16.72,10,2026-04-06,José María Jerónimo Galindo Sedano,Sevilla
Pollo,13.48,9,2025-12-03,Luis Dávila Torralba,Navarra
Queso,12.24,9,2025-11-29,Aristides Toribio Tomás Luna,Córdoba
Carne,15.07,10,2026-03-07,Olegario Rosales Porcel,Huesca
Pan,17.85,10,2026-01-04,Guiomar Paniagua Roman,Valencia
Queso,17.69,7,2026-03-17,Elba del Moya,La Coruña
Carne,8.14,7,2026-05-17,Loreto Abad,Pontevedra
Azúcar,14.15,7,2026-03-13,Amador Calixto Sobrino Rey,Girona
Aceite,7.41,3,2025-10-06,Maricela Armas Montoya,Málaga
Carne,18.52,9,2026-01-26,Julieta Vilaplana Figueroa,Cuenca
Leche,3.33,10,2026-05-20,Íñigo de Vilalta,Ceuta
Café,8.88,5,2025-06-05,Pedro Amores Morera,Granada
Leche,15.74,2,2026-04-07,Jacinta Pineda Fortuny,Melilla
Azúcar,7.84,9,2025-12-16,Celestina de Espejo,Baleares
Pollo,13.83,8,2026-05-16,Quique Guillermo Aparicio Jordán,Granada
Carne,19.74,7,2025-10-04,Nicolasa Escudero Ávila,Valencia
Leche,0.56,9,2025-10-27,Obdulia Ferrero Mendez,Córdoba
Café,10.17,7,2025-06-28,Loreto Rius Mascaró,Valladolid
Queso,6.45,1,2026-05-07,Valerio Escribano Ruano,Barcelona
Azúcar,15.3,8,2025-07-27,Nacio Aguilera Jove,Zamora
Café,14.63,5,2025-06-22,Curro Baños-Flor,Navarra
Azúcar,5.84,9,2025-08-04,Ciríaco Villena Jara,Soria
Azúcar,15.31,2,2026-02-22,Donato Cornelio Montoya Lledó,Salamanca
Pan,9.65,9,2026-03-02,Pablo Gallart Mate,Murcia
Pollo,18.25,2,2026-04-10,Ramiro Humberto Valle Alcántara,Ceuta
Carne,17.26,5,2025-08-17,Pablo Adrián Gallo Cortina,Ourense
Azúcar,13.97,3,2025-07-31,Jose Manuel Espejo Peral,Alicante
Huevos,1.36,3,2025-10-04,Brígida Font Arana,Madrid
Leche,4.62,6,2025-07-07,Luís Martorell Pereira,Baleares
Pan,5.41,9,2026-02-22,Natalio Ambrosio Gabaldón Hoz,Valencia
Azúcar,12.47,2,2025-06-19,Jordán Cervantes,Lleida
Huevos,17.7,6,2026-02-16,Gisela Alvarado Zorrilla,Ávila
Pan,9.8,9,2025-11-23,Teodora Espejo Miralles,Girona
Queso,19.77,4,2026-03-07,Victoria Alvarado-Abascal,Huesca
Queso,17.94,6,2025-07-06,Ángeles Niño Castell,Lleida
Café,6.49,8,2025-06-24,Mercedes Irene Noguera Catalán,Guadalajara
Carne,3.91,2,2026-05-05,Isidora Cadenas Aguilar,Valladolid
Aceite,13.24,4,2026-01-29,Violeta de Nicolau,Guipúzcoa
Aceite,14.18,10,2025-12-24,Cesar Toledo-Cortes,La Rioja
Queso,9.58,5,2025-05-27,Fidela Costa Varela,Granada
Carne,18.62,4,2026-03-17,Leandro Iriarte Vigil,Ciudad
Aceite,17.47,10,2025-11-21,Ciriaco Salgado Leiva,Córdoba
Carne,10.49,3,2025-10-11,Teo Palmer Alberola,Almería
Queso,18.58,2,2025-06-25,Pascual Olmedo Peña,Huesca
Pan,3.8,5,2026-02-04,Renata de Pont,Alicante
Leche,1.39,4,2025-11-03,Macaria Carballo Solsona,Ávila
Azúcar,18.71,1,2026-05-21,Noa Cabeza Molins,Cantabria
Aceite,0.58,3,2025-11-19,Anna Cantero Azorin,Álava
Aceite,10.65,2,2025-08-06,Nicanor Lerma-Jaén,Lugo
Leche,10.67,9,2026-01-09,Baldomero de Redondo,Murcia
Carne,13.43,7,2025-12-22,Nazaret Badía Adán,Vizcaya
Aceite,3.08,5,2025-10-14,Rufina Roda Jimenez,Barcelona
Café,14.22,3,2025-10-17,Carmelita Castillo,Burgos
Leche,3.7,4,2025-07-31,Brunilda Donaire Alcántara,Jaén
Huevos,9.38,2,2026-02-13,Gabriela Iglesia Tur,Granada
Azúcar,19.78,6,2025-08-29,Berta Nélida Arjona Aragón,Sevilla
Carne,13.48,1,2026-01-31,Manuelita Mateo Camps,Segovia
Café,19.42,4,2026-01-22,Pascuala Conde-Cazorla,Toledo
Café,9.28,4,2026-01-10,Flavio Palacios Pinilla,Madrid
Queso,0.64,2,2025-12-07,Ezequiel Albino Ballester Anglada,Ourense
Queso,19.59,7,2025-08-07,Sergio Rincón Arnaiz,Tarragona
Pan,10.88,10,2025-09-26,Teófilo Abellán Pujol,Córdoba
Huevos,14.15,4,2025-06-04,Ana Belén Rebeca Castillo Prada,Toledo
Azúcar,10.64,10,2026-03-30,Loida Garmendia Vergara,Álava
Leche,15.5,2,2026-04-01,Luciano Vega-Benavent,León
Azúcar,11.35,10,2025-09-16,Merche Requena Tomé,Jaén
Queso,2.71,3,2026-02-05,Micaela del Ramirez,Burgos
Pollo,16.29,8,2025-09-25,Juan de Ortiz,Granada
Café,3.43,10,2026-02-03,Pelayo Ferrero Colomer,Huelva
Huevos,6.96,8,2025-12-04,Tere Muro Puerta,Toledo
Café,12.21,10,2025-09-19,María Del Carmen Cabezas,Soria
Pollo,16.59,8,2026-05-04,Fulgencio Mayol Barbero,Soria
Arroz,6.7,1,2026-03-08,Ruperta Sales Vendrell,Zamora
Pan,10.47,5,2025-10-01,Alexandra Carballo Hoz,Ceuta
Café,12.92,1,2025-09-21,Alejandra Millán Rivera,Ciudad
Café,19.04,1,2026-03-08,Carolina Suarez Ferrán,Málaga
Carne,16.04,3,2025-06-13,Tere Verdú Franch,Huelva
Azúcar,15.8,8,2025-10-26,Calixto Telmo Santana Ruiz,Cádiz
Azúcar,1.67,10,2026-02-17,Lucía Llobet Pozuelo,Granada
Carne,6.06,7,2026-02-23,Antonio Montes Báez,León
Aceite,4.31,2,2025-12-03,Aurora Sastre-Cid,Burgos
Azúcar,1.84,8,2025-05-28,Fulgencio Romeu-Abad,Melilla
Huevos,4.38,6,2026-03-19,Severo de Arranz,Valencia
Pollo,2.34,10,2026-01-17,Susana Porcel Alfaro,Guipúzcoa
Leche,16.46,6,2025-09-15,Dulce Zamorano-Contreras,Tarragona
Queso,14.4,7,2026-01-18,Flora Crespi,Asturias
Aceite,2.13,8,2025-06-21,Carla Luisina Gallego Vila,Vizcaya
Café,11.86,9,2026-04-20,Joel Báez-Cabanillas,Pontevedra
Queso,6.06,7,2025-09-25,Clementina Sáez Alcalá,Murcia
Aceite,10.2,9,2025-10-10,Fortunata Luque Acuña,Zamora
Leche,6.56,5,2025-10-14,Heriberto Boada Tirado,Santa Cruz de Tenerife
Café,6.83,5,2025-07-21,Mireia Fonseca Buendía,Guadalajara
Huevos,4.45,10,2026-01-15,Rodrigo Campillo González,Vizcaya
Arroz,17.98,7,2025-10-16,Malena Jiménez Aguilera,Jaén
Huevos,7.57,6,2025-07-21,Evita Aguirre,Lleida
Pollo,8.97,4,2026-02-01,Felix Sarabia-Catalá,Granada
Pan,4.53,4,2026-04-27,Tamara Boix Balaguer,Ourense
Queso,7.89,1,2026-05-11,Roxana Seco,Madrid
Azúcar,19.53,1,2026-02-12,Javi Arranz Almansa,Guipúzcoa
Aceite,16.51,7,2026-01-25,Quique Expósito Roselló,Álava
Aceite,13.58,8,2025-07-23,Juan del Arroyo,Zamora
Café,12.01,4,2025-11-09,Bienvenida Solís-Adán,Pontevedra
Azúcar,12.41,2,2026-02-28,Elodia Porta Vall,Ávila
Aceite,8.39,1,2026-04-18,Ulises Arenas Palomino,Zamora
Queso,8.52,1,2025-10-22,Rogelio Zabala Real,Barcelona
Arroz,1.52,7,2026-01-07,Victor Quintero Cabrera,Girona
Arroz,14.32,2,2026-04-09,Isidro Torres Jimenez,Huelva
Pan,3.17,10,2025-09-20,Américo Cerezo,Toledo
Azúcar,18.15,9,2025-10-28,Gastón Gil,Badajoz
Arroz,11.28,4,2025-11-14,Albina Rincón Aguilar,Valladolid
Pollo,13.53,7,2025-06-17,Jose Manuel Apolinar Ugarte Pardo,Teruel
Café,16.98,6,2025-08-01,Chus Garay Mateu,Teruel
Leche,19.53,1,2025-09-24,Aitana Beltrán Garcés,Córdoba
Aceite,15.16,3,2026-03-29,César Isidro Martorell Salamanca,Alicante
Arroz,17.3,8,2026-01-02,Mónica Suarez Almazán,Albacete
Pollo,8.1,3,2025-10-24,Gaspar Barco Pallarès,Granada
Carne,17.23,4,2025-06-07,Bernarda Agustín Alemán,Guipúzcoa
Huevos,2.17,2,2025-11-29,Concepción Arteaga Gargallo,Zaragoza
Carne,5.29,6,2025-11-23,Zacarías Ribas Cerro,Álava
Pollo,13.0,4,2025-06-27,Elías Comas-Azcona,Zamora
Arroz,8.88,9,2026-05-19,Benita Benito-Calatayud,Barcelona
Huevos,3.06,9,2025-10-10,Horacio Benavente-Mulet,Asturias
Arroz,5.05,8,2026-04-23,Isaías Cosme Diego Duarte,Teruel
Café,16.34,9,2025-08-23,Pascual Valcárcel,Girona
Leche,7.02,1,2026-03-28,Gerónimo Albero Olmedo,Las Palmas
Azúcar,19.06,5,2026-02-12,Claudia Felicia Haro Pinto,Salamanca
Café,13.84,7,2026-04-15,Sonia Calvo Tormo,Granada
Azúcar,18.54,3,2025-07-10,Toni Pellicer-Briones,Murcia
Pan,12.45,9,2025-08-27,Máxima Lopez Pinto,Cáceres
Queso,4.56,10,2026-03-08,Constanza Soriano Céspedes,Burgos
Café,10.76,4,2025-10-21,Dorotea Noriega Arjona,Granada
Queso,10.2,5,2025-08-20,Jose Miguel Amigó Vizcaíno,León
Azúcar,0.72,4,2025-10-27,Cruz Lopez Ramírez,Jaén
Café,7.41,1,2025-06-17,Teófila Pont Alemany,Lugo
Huevos,18.51,5,2025-07-13,Mireia Alvarado-Navas,Guadalajara
Café,9.3,9,2025-12-28,Chuy Grau-Lloret,Sevilla
Carne,7.45,9,2026-02-12,Aurora Trujillo Gomez,Málaga
Café,4.09,10,2025-11-20,Emelina Mendizábal,Cáceres
Arroz,3.98,3,2025-12-24,Ruy Ramírez Otero,Las Palmas
Pollo,1.06,10,2026-02-17,Wálter Maxi Ruano Sabater,Sevilla
Pollo,16.64,6,2025-12-19,Pascual Torrecilla,Almería
Aceite,1.16,5,2025-10-30,Isidoro Heliodoro Gilabert Cañellas,Santa Cruz de Tenerife
Aceite,3.4,9,2026-03-02,Rodrigo Conesa,Cantabria
Carne,1.37,1,2026-01-15,Loreto Iriarte Casado,La Coruña
Carne,14.38,4,2025-06-05,Anselma Yuste Carnero,Ciudad
Café,2.2,2,2025-09-23,Albert Martorell,Madrid
Azúcar,5.86,4,2025-09-16,Valentina del Acedo,Ávila
Huevos,18.98,6,2026-05-20,Manuela Vallés,Navarra
Leche,2.97,6,2025-06-12,Sosimo Lopez Fiol,Cantabria
Carne,13.65,9,2025-12-31,Guadalupe Benjamín Cordero Bárcena,Málaga
Arroz,13.96,3,2026-01-06,Camila Mena,Sevilla
Arroz,8.93,1,2025-10-17,Lucía Ayllón-Zabala,Ávila
Arroz,18.23,5,2025-09-30,Elisabet Maza-Ramón,Álava
Queso,12.9,5,2025-08-11,Sigfrido Gimeno Becerra,Málaga
Carne,12.59,1,2026-01-31,Abel Alejo Larrañaga Porta,Sevilla
Pollo,1.65,2,2026-02-01,Ricarda Cabello Alcaraz,Toledo
Azúcar,13.35,10,2025-10-05,Rosalía Burgos Muro,Barcelona
Azúcar,14.81,1,2026-03-21,Melisa Alcaraz Barranco,Málaga
Pollo,13.77,5,2026-05-13,María Cristina Cornejo Solís,Valladolid
Café,2.61,3,2025-11-07,Eusebia Amor Osuna Díaz,Navarra
Pan,7.61,8,2026-04-13,Sabas Pinedo Cañete,Guipúzcoa
Azúcar,14.97,10,2026-02-20,David Quique Flores Peláez,Almería
Aceite,13.18,6,2025-09-21,Milagros Carretero Esteban,Pontevedra
Leche,3.94,6,2026-01-24,Manuel Blanco Gómez,Vizcaya
Arroz,13.88,5,2025-06-05,Marco de Martorell,Murcia
Pollo,13.34,6,2026-02-17,Alejo Español Bru,Almería
Café,19.05,5,2026-01-04,Eduardo Esparza Valle,Guadalajara
Azúcar,13.86,7,2026-01-14,Emilia Andrés Campillo,Huesca
Café,3.98,10,2025-07-08,Fulgencio Corominas Oliveras,Burgos
Huevos,10.84,7,2025-09-25,Chucho Vaquero Valencia,Guadalajara
Café,5.87,9,2025-08-26,Salvador Iriarte,Lleida
Huevos,9.94,9,2026-04-14,Dolores Camps Taboada,Ceuta
Huevos,9.24,3,2025-12-13,Nacho Barreda Noriega,Soria
Pollo,16.62,10,2026-03-21,María Ángeles Vallés Figueras,Ceuta
Queso,0.78,8,2025-09-30,Sabas Pacheco Cerdán,Cuenca
Pollo,2.78,7,2026-01-16,Luís de Calvo,Tarragona
Carne,18.52,9,2025-06-09,Cruz Ferrera Amador,Huelva
Carne,8.62,10,2025-11-16,Berto Casado Prado,Lleida
Leche,9.56,1,2026-03-01,Jordana Álvarez Redondo,Madrid
Pan,13.13,2,2026-04-15,Iván de Daza,Cuenca
Pan,6.26,2,2025-08-21,Juan Francisco Carlito Llopis Olivares,Cantabria
Leche,17.53,8,2025-06-10,Salomé Castelló Barranco,Ourense
Arroz,19.39,6,2026-02-03,Salvador Berto Vaquero Pavón,La Coruña
Carne,10.86,7,2026-01-15,Virgilio Barrio Coello,Badajoz
Azúcar,16.49,3,2025-08-05,Édgar Sebastián-Santamaria,Soria
Pan,17.02,10,2026-02-13,Tania Roig Benitez,La Rioja
Arroz,17.64,2,2025-12-03,Fortunata Mariño,Murcia
Queso,17.84,6,2026-02-01,Miguela Ordóñez Cal,Valencia
Queso,16.47,3,2026-04-08,Alba Palomares,Teruel
Azúcar,8.3,10,2025-12-19,Jenny Marisela Segovia Solsona,Salamanca
Queso,12.89,2,2026-03-08,Elisa Arias Fuertes,Albacete
Pan,3.83,7,2025-10-28,Moreno Carballo Montoya,Lugo
Azúcar,8.32,3,2025-08-06,Eva María Posada Roman,Madrid
Aceite,4.08,9,2026-04-07,Felipe Fiol Macias,Lugo
Azúcar,0.84,7,2025-09-28,Eliana Prat Font,Segovia
Arroz,3.86,6,2025-05-28,Raúl Sainz,La Coruña
Azúcar,13.75,7,2025-09-07,Horacio Rosales Marco,Zamora
Leche,15.16,3,2026-01-14,Ema Marco Mármol,Madrid
Arroz,3.72,4,2025-09-14,Rosaura Sabater,Navarra
Azúcar,18.32,8,2025-08-29,Toni Moreno-Menendez,Ceuta
Huevos,1.37,6,2026-05-22,Juan Pablo Humberto Mir Roldan,La Rioja
Pollo,9.39,3,2025-10-26,Mayte de Uribe,Teruel
Pollo,19.7,10,2025-12-23,Hermenegildo Rojas Anguita,Alicante
Queso,12.63,2,2025-09-17,Manuela Becerra Arrieta,Ceuta
Leche,7.96,10,2025-09-25,Evelia Ríos Laguna,Soria
Queso,6.38,7,2025-08-27,Rosalva del España,Santa Cruz de Tenerife
Huevos,19.53,2,2026-01-29,Máxima Graciela Castrillo Serrano,Melilla
Azúcar,5.92,9,2026-05-13,Lucio Falcó-Luz,Zaragoza
Queso,5.32,9,2025-10-08,Coral del Benítez,Cantabria
Café,18.52,5,2026-01-20,Domitila Cuenca Mancebo,Pontevedra
Pollo,11.94,10,2025-10-16,Ximena Querol,Melilla
Queso,10.07,5,2026-01-18,Agustín Ocaña-Guzmán,Álava
Aceite,11.32,1,2026-02-19,Marcio Amorós-Villena,La Coruña
Azúcar,18.1,5,2025-06-22,Mercedes Tapia Rodriguez,La Rioja
Carne,16.4,7,2025-09-04,Quirino Camps,Melilla
Huevos,14.21,8,2025-09-02,Adolfo Monreal Cobos,Zaragoza
Leche,18.06,3,2025-09-04,Leoncio Izquierdo Alfaro,Málaga
Carne,16.98,3,2026-01-15,Noé Cornejo,Jaén
Queso,1.03,2,2025-07-31,Anna Álvarez Vélez,Sevilla
Café,17.07,9,2025-06-26,Sol Chaparro Hidalgo,Zaragoza
Huevos,3.9,6,2025-12-20,Macario de Sanmartín,Tarragona
Aceite,3.28,7,2025-12-15,Modesto Pareja-Catalá,Guipúzcoa
Leche,15.46,10,2025-11-16,Andrés Ruano Romeu,Salamanca
Aceite,12.45,3,2025-05-30,Claudio Alonso Ordóñez,Córdoba
Carne,6.66,10,2025-06-06,Sancho Baquero Martorell,Baleares
Leche,5.97,9,2025-10-05,Eliana Expósito Cabrera,Cuenca
Leche,5.05,5,2026-04-14,Aureliano Pinedo Lara,Huelva
Café,2.57,10,2025-07-22,Calixta Carranza Diego,Sevilla
Azúcar,15.63,6,2026-01-20,Lupe Gracia Pareja,Santa Cruz de Tenerife
Pollo,12.75,2,2025-11-23,Jacinto Hernandez Palacios,Palencia
Queso,6.65,4,2025-10-16,Jesús del Pagès,Guadalajara
Huevos,2.99,5,2026-03-07,María Fernanda Roca Céspedes,Zaragoza
Arroz,9.26,10,2026-03-05,Mohamed Sabas Gaya Coloma,Las Palmas
Queso,12.67,2,2026-01-01,Leocadia Violeta Pardo Cañizares,Baleares
Pollo,16.14,8,2025-09-11,Encarnación Rubio Gomez,Badajoz
Pollo,11.55,2,2025-08-05,Albino Navas-Peña,Albacete
Azúcar,18.8,2,2025-11-10,Iker Sarmiento Rivera,Girona
Café,14.32,5,2025-09-23,Yésica Dávila-Berenguer,Murcia
Huevos,13.81,3,2025-07-23,Bernardino Escrivá Estrada,Palencia
Carne,4.02,4,2026-04-24,Baudelio Sánchez Pérez,Asturias
Leche,2.68,1,2025-11-11,Ximena Carreras Daza,Ceuta
Arroz,15.5,2,2026-02-24,Diana Amat Arregui,Lleida
Huevos,3.15,2,2025-06-07,Eduardo Cabrero Uriarte,Ceuta
Aceite,10.74,6,2025-12-25,Olimpia Morillo-Herranz,Zamora
Pan,14.28,8,2025-06-26,Bartolomé Mayo Huguet,Jaén
Pollo,2.01,4,2026-03-19,Jessica Rebollo Moles,Las Palmas
Huevos,14.54,2,2025-09-01,Emilia Barceló Morales,Ceuta
Café,14.04,1,2026-03-14,Bibiana del Montaña,Teruel
Pollo,16.87,10,2026-04-04,Blanca de Malo,La Rioja
Leche,10.96,4,2025-08-04,Trini Torralba-Zabala,Toledo
Aceite,8.83,9,2026-04-11,José Ángel Bartolomé Guardiola,Huesca
Pollo,7.67,3,2025-06-05,José Ángel Ayuso-Fabra,Palencia
Arroz,12.64,8,2025-09-05,Nerea Pons-Jáuregui,Zamora
Café,12.62,1,2025-06-12,Marcelino Ropero Ropero,Almería
Carne,6.33,7,2025-12-26,Severo Palomino Gelabert,Santa Cruz de Tenerife
Azúcar,14.11,4,2025-09-11,María Del Carmen Emperatriz Ribas Gibert,Toledo
Café,3.69,3,2026-01-05,Pacífica Haro Bas,Palencia
Arroz,9.07,1,2026-04-24,Alejo de Puga,Melilla
Arroz,15.47,8,2026-01-06,Olivia Carbonell Quintana,Tarragona
Queso,10.53,4,2025-09-08,Buenaventura Vallejo Uribe,Vizcaya
Aceite,8.81,7,2025-05-28,Fernando del Sosa,Guadalajara
Azúcar,9.81,3,2025-12-30,Josefa Flores Bermejo,Lugo
Leche,13.72,8,2026-05-10,Isa Martin-Canales,Santa Cruz de Tenerife
Café,12.29,2,2025-07-15,Roque Maestre-Carreras,Tarragona
Azúcar,17.71,8,2025-10-07,Tere Verdugo Briones,Alicante
Aceite,19.42,3,2025-11-16,Cándida Lola Torres Guerra,Cáceres
Carne,11.44,7,2025-06-06,Américo Durán,Albacete
Leche,18.96,5,2025-08-09,Aurora Garcia Vega,Zamora
Aceite,10.66,2,2025-09-11,Joel Máximo Ruiz Miralles,Valladolid
Café,9.07,6,2025-06-20,Macarena Ricarda Montalbán Quintanilla,Ciudad
Aceite,9.33,4,2025-06-08,Teresa Concha Daza Bárcena,Tarragona
Pan,18.92,7,2025-12-02,Severino Sanz-Bello,Cantabria
Leche,16.45,5,2025-07-01,Jaime Avilés Benítez,Valladolid
Aceite,3.41,7,2025-07-21,Rosario Cervera Diego,Valladolid
Arroz,8.43,4,2026-05-07,Loreto Aníbal Bueno Bilbao,Madrid
Azúcar,13.75,8,2026-02-05,Celso Rivera Cánovas,Huelva
Queso,5.02,5,2026-04-13,Custodia Cáceres-Agudo,Cádiz
Carne,9.08,8,2026-01-06,Quirino Lumbreras Sabater,Barcelona
Aceite,9.21,2,2025-10-30,Valero Agullo Zabaleta,Navarra
Aceite,10.06,5,2025-08-24,Nazario Sastre-Luján,Guadalajara
Café,12.36,2,2025-11-21,Cleto Sainz Perales,Guadalajara
Queso,14.56,9,2025-07-28,Martin Cantero Falcó,Soria
Arroz,16.8,1,2025-10-02,Luz Rincón Sobrino,La Coruña
Huevos,2.74,4,2026-04-15,Anselmo Aguilar Sáenz,Salamanca
Pollo,11.58,9,2025-11-25,Salvador Alfonso Domingo,Valencia
Aceite,3.95,3,2026-01-10,Rosalina Morell Izaguirre,Madrid
Café,4.84,7,2025-12-27,Martín Vara Almansa,Lugo
Pollo,15.05,2,2025-08-06,Consuela de Verdú,Baleares
Pollo,3.65,9,2025-09-20,Adriana Nidia Milla Adadia,Melilla
Café,7.02,10,2025-12-12,Saturnino Duarte Pereira,Córdoba
Café,2.24,8,2026-01-24,Vilma Lidia Mateos Barral,Cáceres
Pollo,10.2,2,2026-04-01,Plinio Conesa,Zaragoza
Huevos,10.2,5,2026-01-06,Francisco Parra,Granada
Aceite,12.19,10,2025-09-23,Lupe Carballo-Daza,Málaga
Aceite,12.74,10,2025-10-05,Sara Pi Parejo,Castellón
Arroz,14.63,2,2026-05-05,Tecla Nilda Galan Barral,Barcelona
Leche,9.18,4,2025-09-13,Nidia Sabater Collado,Ciudad
Pan,19.8,2,2026-01-28,Cándida Calleja,Valencia
Carne,17.28,10,2026-03-15,Berta Pi Mora,Ávila
Café,19.5,2,2025-10-10,Casemiro Mas Tejedor,Cuenca
Leche,13.55,6,2026-03-02,Jonatan Benet,Valencia
Café,12.79,4,2025-07-20,Eufemia Angulo Higueras,Lleida
Azúcar,16.6,8,2025-12-22,Maricela Cabo Heredia,Cantabria
Queso,4.29,9,2025-12-26,Perla Farré Céspedes,Burgos
Carne,0.85,9,2025-12-03,Ana Sofía Company-Mas,Ourense
Leche,6.18,10,2026-05-26,Espiridión Arturo Aguirre Fernández,Girona
Aceite,14.4,8,2025-08-01,Raúl Nando Manjón Zurita,León
Leche,3.27,9,2025-12-30,Leocadio Gallo Prado,Toledo
Carne,10.15,1,2025-07-21,Mireia Cloe Miralles Amor,Ourense
Carne,17.15,8,2025-08-27,Cornelio Carrasco,Segovia
Leche,17.46,4,2026-04-08,Daniel de Almazán,Cádiz
Arroz,9.35,10,2026-03-10,Dafne Rocha Cardona,Soria
Azúcar,9.89,2,2025-09-04,Sabina Piquer,Badajoz
Huevos,3.71,4,2025-10-18,Emiliana Roda Aranda,Zamora
Huevos,7.83,1,2026-04-27,Macaria Estevez,Segovia
Café,15.42,8,2026-04-23,Guadalupe Buendía Gilabert,Cádiz
Azúcar,19.67,10,2025-07-24,Noelia Sanmiguel Alegria,Albacete
Carne,9.74,9,2026-03-17,Ibán Beltran Cantón,Lleida
Aceite,1.86,5,2025-11-24,Elodia Barriga-Acevedo,Asturias
Aceite,0.72,8,2026-03-03,Nilda Noguera Sainz,Vizcaya
Leche,6.66,3,2026-02-04,Alberto Bermúdez-Grau,Girona
Azúcar,9.56,8,2026-01-16,Eric Delgado,Alicante
Aceite,13.4,6,2025-05-27,Estefanía Huerta-Casares,Cáceres
Café,17.8,2,2026-03-12,Plácido Borrell Galvez,Almería
Aceite,3.86,10,2026-02-23,Chucho Criado,Castellón
Pollo,17.41,4,2025-11-05,César Rincón Nebot,Segovia
Carne,19.69,9,2025-09-04,Eulalia Albina Linares Calatayud,Cantabria
Queso,19.52,1,2025-11-19,Esteban Bonet Canals,Cáceres
Azúcar,7.15,10,2025-09-23,María Ángeles del Porras,Palencia
Azúcar,17.89,3,2025-08-07,Erasmo Sanchez,Pontevedra
Queso,18.47,8,2025-12-20,Horacio Casals Cifuentes,Cádiz
Huevos,14.41,4,2026-01-26,África Barberá Gelabert,Albacete
Café,3.86,6,2026-04-04,Fausto del Vilar,Palencia
Huevos,8.63,1,2026-03-28,Aureliano Robles Mulet,Ourense
Azúcar,7.67,5,2026-03-23,Claudio Puerta,Málaga
Arroz,18.69,6,2025-09-26,Lina Reyes Cruz,Vizcaya
Pollo,19.05,1,2026-03-11,Saturnino de Mateu,Salamanca
Arroz,15.76,1,2025-07-18,Gerónimo Reina Hernández,Lleida
Carne,9.07,8,2025-12-09,Verónica Hoz Marquez,Guadalajara
Queso,15.71,8,2025-08-20,Violeta Pinedo Ferreras,Ourense
Leche,3.33,8,2026-03-13,Máxima Molins Sobrino,Castellón
Carne,9.03,5,2025-10-22,María Manuela Consuelo Sanchez Crespi,Melilla
Café,17.95,3,2025-09-26,Victor Grau Castellanos,Córdoba
Café,14.49,6,2025-06-13,Merche Barberá-Palau,Madrid
Arroz,2.7,10,2026-05-02,Eva Ramos Blanco,Las Palmas
Arroz,16.72,9,2026-05-14,Dani del Amador,Cádiz
Azúcar,19.41,5,2025-07-15,Ulises González,Las Palmas
Carne,14.75,6,2025-08-09,Graciana Brígida Goñi Arana,Lugo
Azúcar,6.8,1,2026-02-28,Inocencio Jove Girona,Cádiz
Carne,0.87,3,2026-01-04,María Dolores Seco-Barrios,Ciudad
Pollo,12.68,2,2026-04-21,Inocencio Taboada-Rosa,León
Carne,9.86,4,2025-07-24,Onofre de Noriega,Tarragona
Arroz,16.18,6,2026-04-13,Georgina Aguado Vaquero,Alicante
Pollo,8.24,3,2025-10-22,Marcos Lara Bauzà,Álava
Carne,17.68,10,2025-09-08,Jovita Toledo Riquelme,Asturias
Queso,1.9,8,2026-04-13,Calisto Ortuño Mata,Almería
Azúcar,8.27,2,2025-10-02,Berto Sanmiguel Mayo,Zamora
Café,14.68,9,2026-04-30,Almudena del Barriga,Las Palmas
Huevos,3.11,8,2025-10-22,Plácido Bejarano-Casares,Baleares
Queso,8.56,3,2025-06-11,Venceslás Lledó Naranjo,Guadalajara
Carne,16.41,1,2026-01-25,Luz Luisa Hoyos Palacios,Girona
Azúcar,13.58,2,2026-04-03,Valero Niño Prats,Lugo
Carne,8.72,5,2026-04-14,Agustina Ariño Reina,La Coruña
Pollo,0.91,9,2025-12-30,Amado de Vélez,Granada
Queso,11.14,7,2025-12-16,Mónica Soledad Calatayud Rueda,Soria
Café,6.64,7,2026-01-26,Angelita Collado Maestre,Pontevedra
Queso,7.85,7,2025-08-05,René Valera Alberola,Almería
Leche,10.01,4,2025-08-21,Isidro Carbonell Sandoval,Ourense
Queso,10.29,2,2025-06-20,Cayetano Chaves Cabañas,Baleares
Carne,15.76,8,2025-10-24,Mauricio Cabanillas Ortega,Alicante
Aceite,5.37,7,2026-04-01,Maxi Cano Pereira,Córdoba
Café,8.53,6,2025-06-25,Eliseo Lozano Infante,Palencia
Azúcar,16.11,5,2026-05-08,María Fernanda Nadal-Cervantes,Vizcaya
Pollo,2.89,6,2025-11-03,Jimena Carrión,Zamora
Pan,17.03,7,2026-01-05,Jose Miguel Heras Nebot,Ávila
Huevos,4.42,4,2025-06-11,Eligia Oliveras Alvarado,Alicante
Huevos,1.53,7,2025-06-07,Óscar Almansa Duran,Albacete
Café,3.45,4,2026-02-15,Augusto Macias Coello,Cádiz
Pan,9.5,6,2025-07-17,Alex Vaquero Cabezas,Segovia
Pan,12.35,2,2026-03-28,Calisto Pascual Acuña,Palencia
Azúcar,2.72,7,2025-11-27,Gala Alexandra Jordán Marqués,Madrid
Huevos,2.48,1,2025-07-29,Angelina Blasco Clemente,Melilla
Aceite,6.08,1,2026-04-01,Eduardo Oller-Revilla,Zaragoza
Pollo,18.99,10,2025-07-23,Martin Bernabé Alvarez Calzada,Melilla
Azúcar,1.35,10,2025-06-09,Ale Pomares Ballesteros,Salamanca
Pan,16.38,4,2026-02-22,Gisela Melero Méndez,Madrid
Leche,8.18,2,2026-01-19,Lalo Roig,Zaragoza
Azúcar,15.31,5,2026-03-03,Olivia Borja Nieto,Ávila
Arroz,7.62,2,2025-06-28,Jennifer de Higueras,Lugo
Huevos,9.95,10,2025-07-31,Lorenzo Figuerola Páez,Sevilla
Carne,3.25,1,2025-12-27,Josefina Yáñez Clemente,Guadalajara
Leche,11.38,8,2026-04-10,Humberto Viñas Salinas,Segovia
Pan,3.44,6,2025-10-11,Abigaíl Ledesma,Valladolid
Pollo,7.17,2,2025-08-27,Ale Ferrán Cardona,Jaén
Café,3.72,7,2025-08-15,Jesusa del Belda,Teruel
Leche,10.14,7,2025-09-20,Eulalia Heras Borrell,Melilla
Arroz,10.04,10,2025-11-23,Gervasio Abellán Estrada,Salamanca
Café,11.01,10,2026-01-13,Damián Ortuño Crespi,Pontevedra
Huevos,15.63,8,2025-06-02,Graciano Capdevila Angulo,Huelva
Leche,14.98,1,2025-11-24,Edelmira Campos Prats,Teruel
Azúcar,2.52,9,2026-01-10,Daniela Prats Parra,Toledo
Arroz,12.29,3,2026-05-08,Heraclio Bautista Losada,León
Carne,3.93,7,2025-09-20,Jesús Timoteo Vallejo Quintero,Jaén
Café,17.79,8,2026-03-11,Victor Manuel Santos Hidalgo,Málaga
Pollo,4.77,1,2025-10-31,José Mari Olmo-Estrada,Melilla
Leche,5.77,3,2026-01-12,Juana Vazquez Vilaplana,Soria
Huevos,9.78,3,2025-09-27,Lina Maza Mateos,Cantabria
Café,11.51,3,2026-01-25,María Teresa Sanmiguel Sacristán,Ciudad
Arroz,12.39,6,2025-06-24,Augusto Daniel Cobos Colom,Guipúzcoa
Carne,5.16,8,2025-10-10,Esperanza Estrada Cáceres,Huelva
Huevos,11.32,8,2025-12-16,Lilia Herranz Madrid,Toledo
Pan,2.87,7,2025-11-04,Evita Tapia Castell,Barcelona
Aceite,6.64,1,2025-08-19,Trinidad Jove-Boada,Murcia
Pan,2.67,2,2026-03-26,Bartolomé Pedraza Rubio,Jaén
Café,19.4,4,2025-12-09,Alcides Sanchez Alvarado,Valladolid
Café,10.98,5,2026-01-29,Roque Huertas Hernando,Toledo
Carne,1.35,2,2025-07-03,Amador Velasco,Badajoz
Café,18.97,8,2026-04-18,Nieves Blazquez Nicolás,Segovia
Café,18.07,10,2025-10-04,Haydée Planas,Melilla
Café,15.4,8,2026-05-07,Bernabé Leal-Ledesma,Cantabria
Pan,3.21,4,2025-12-06,Adora del Tejera,Almería
Huevos,0.76,2,2025-06-30,Judith Bartolomé Vega,Ciudad
Pan,17.0,5,2025-10-29,Seve Luján,Asturias
Leche,3.83,3,2026-01-30,Desiderio Arjona Folch,Ávila
Huevos,11.21,3,2025-06-15,Bárbara Ramón Manzanares,Tarragona
Queso,5.68,3,2026-01-08,Miriam del Ricart,Badajoz
Azúcar,2.17,1,2025-06-20,Berto Jordán,Álava
Leche,11.94,9,2025-12-29,Domingo Carpio Boix,Ávila
Aceite,12.58,2,2025-07-13,Teófila Villalobos,Soria
Azúcar,2.72,2,2026-03-23,Eulalia Bustos Pozuelo,Las Palmas
Leche,17.84,5,2026-01-31,Nayara Guillén-Plana,Santa Cruz de Tenerife
Queso,7.19,9,2025-12-02,Leticia Báez Palacio,Soria
Café,5.9,4,2025-06-04,Débora Arévalo Macías,Toledo
Aceite,16.01,10,2026-04-23,Urbano Becerra Palomo,Guipúzcoa
Café,4.76,3,2025-07-09,José Antonio Aller Zurita,Cáceres
Café,4.09,8,2025-12-08,Arturo Font Viana,Pontevedra
Pollo,10.51,2,2026-03-09,Juanita Barrena Rovira,Guadalajara
Pollo,8.72,8,2026-02-28,Rafa Iriarte Lumbreras,Granada
Queso,9.24,2,2026-01-03,Etelvina Álamo Calderon,Almería
Queso,1.11,1,2025-12-01,Leticia Andrés Planas,Tarragona
Azúcar,2.42,2,2025-08-13,Poncio Valera Ledesma,Cantabria
Café,15.47,7,2025-12-19,Adrián Vives Huguet,Cantabria
Carne,18.1,10,2026-03-30,Máxima Castro Daza,Tarragona
Carne,10.38,6,2025-12-29,Eufemia Amador,Burgos
Pollo,5.98,10,2025-11-23,Cesar Ortiz Higueras,Zaragoza
Café,8.79,2,2025-12-27,Tristán Puente-Barragán,Soria
Azúcar,3.82,4,2025-12-31,Rufina Cabanillas Rodriguez,Ceuta
Huevos,6.65,4,2025-10-26,Héctor Tejero-Flor,Valladolid
Huevos,4.74,1,2026-02-24,Bernardino Valverde-Vélez,Asturias
Huevos,14.61,10,2025-08-28,América Jaén,Jaén
Queso,11.78,6,2025-07-08,Concha del Cid,Álava
Pan,3.46,4,2026-04-15,Florencia Anabel Olivé Nogueira,Alicante
Huevos,3.25,9,2026-02-23,Angélica Alcolea Capdevila,Sevilla
Leche,6.44,4,2025-10-24,Ramiro Riera Vizcaíno,Cádiz
Arroz,8.1,5,2026-04-20,Apolinar Zaragoza Cózar,Zamora
Café,7.82,1,2025-07-08,Abilio de Sarmiento,Cuenca
Aceite,8.05,10,2025-11-21,Judith Ortuño Company,Pontevedra
Queso,0.78,7,2026-04-25,Eloy Gallego-Quesada,Santa Cruz de Tenerife
Huevos,15.82,4,2025-09-12,Rebeca de Camino,Zamora
Leche,1.52,5,2025-10-07,Paula Requena Tur,Barcelona
Leche,12.62,6,2025-08-08,Danilo Jordán Garrido Pina,Tarragona
Pan,12.18,3,2025-06-29,Ángela del Perales,Málaga
Aceite,6.72,2,2025-08-18,José Manuel Galán Acosta,Murcia
Huevos,11.4,2,2026-05-17,Samanta Piñol-Francisco,Cuenca
Leche,5.76,10,2025-08-25,Iker Rosell Rozas,Valladolid
Aceite,6.8,1,2025-08-15,Manuelita Casanovas Cózar,Ourense
Huevos,19.39,1,2025-12-19,Julie Llorens-Torrijos,Málaga
Carne,15.98,3,2025-12-20,Cristian Romero Angulo,Madrid
Arroz,18.36,10,2025-11-20,Sarita Muro Miró,Almería
Queso,3.39,4,2025-12-09,Evita Alegria Campillo,Albacete
Carne,10.54,2,2025-10-31,Pastora de Acedo,Cuenca
Queso,18.55,5,2026-02-07,Antonia Roldan Peinado,Segovia
Leche,15.52,7,2025-12-03,Lucas Rivas,Barcelona
Queso,7.82,5,2025-07-29,Benigno Gallo Luís,Burgos
Huevos,7.6,1,2026-04-27,Elodia Capdevila-Portero,Segovia
Queso,10.86,2,2025-07-14,Heriberto Dani Segarra Salamanca,Baleares
Aceite,13.89,9,2026-02-04,Pánfilo Baró Ríos,Teruel
Arroz,10.25,1,2026-02-07,Feliciano Mayo Moll,Valencia
Carne,5.97,3,2025-07-11,Ricardo Alcázar Cerro,Albacete
Aceite,7.54,5,2026-01-30,Yésica Benítez Berenguer,Córdoba
Arroz,3.82,9,2025-08-25,Anastasia Priego Barón,Santa Cruz de Tenerife
Café,10.9,8,2025-07-13,Angelina Belmonte Céspedes,Cáceres
Café,4.49,6,2025-10-21,Julio César Ródenas Blazquez,Salamanca
Queso,19.41,9,2025-12-05,Imelda Velázquez-Escudero,Álava
Azúcar,7.29,4,2025-06-10,Benito Isaac Mateos Ramis,Cádiz
Pollo,15.76,6,2026-03-24,Octavio Leonardo Ramírez Ricart,Murcia
Pollo,11.43,9,2026-01-05,Lourdes de Benavides,Badajoz
Carne,10.55,2,2025-07-07,Flora de Gomila,Huesca
Pollo,6.06,4,2025-10-10,Bernardita Tejada-Romero,Teruel
Café,3.54,3,2026-03-20,Patricia Garriga Carlos,Lugo
Azúcar,15.7,2,2025-12-06,Jeremías Crespo Criado,Vizcaya
Pan,3.24,5,2025-06-09,León Lillo Guitart,Zamora
Leche,14.13,4,2025-09-22,Pepe de Oller,Cádiz
Aceite,9.12,10,2026-04-30,Blanca Herranz Almeida,La Rioja
Leche,3.96,10,2025-08-08,Nereida Bejarano Guerra,Tarragona
Queso,2.49,6,2025-11-13,René del Cárdenas,Huesca
Pollo,6.55,1,2026-01-28,Ofelia Tamayo Bustos,Las Palmas
Queso,19.38,4,2025-12-02,Albina Torrijos Bayona,Las Palmas
Café,15.94,4,2026-03-10,Ruy Sáez,Soria
Azúcar,5.63,7,2025-07-10,Eloísa de Bernal,Toledo
Azúcar,8.78,5,2025-10-11,Socorro Gargallo Cañellas,Alicante
Arroz,11.16,1,2025-06-26,Adoración Vives Viña,La Coruña
Queso,9.16,2,2026-05-14,Carlos Solana Saura,Guadalajara
Café,9.41,4,2025-09-01,Trinidad Marín-Querol,Madrid
Pan,13.28,3,2025-09-28,Armida Aragón-Esteban,Ávila
Huevos,15.95,8,2025-12-13,Zacarías Reina,Madrid
Pollo,13.31,2,2026-01-06,Alejo Leiva-Márquez,La Rioja
Azúcar,11.33,2,2025-10-17,Ofelia Antúnez Alarcón,Burgos
Queso,16.74,2,2026-01-19,Victor Bou Murcia,Soria
Aceite,13.2,3,2025-12-30,Tito Cantero Tapia,Barcelona
Leche,19.82,8,2025-06-03,Ariel Paniagua Salinas,Murcia
Huevos,2.37,3,2026-01-26,Porfirio Adadia Cordero,Soria
Pollo,1.99,6,2025-08-26,Manuel Grande Ureña,Huesca
Pollo,18.92,6,2026-01-14,José Luis Mata-Fernandez,Granada
Pollo,1.12,4,2025-06-28,Bárbara Santana Solano,Asturias
Café,19.12,5,2026-02-13,Jenaro Acero Herrero,Lugo
Queso,15.13,3,2025-09-02,Felipe Palomino Cepeda,Albacete
Aceite,9.83,5,2025-10-10,Lisandro Robledo Riquelme,Málaga
Arroz,17.26,7,2025-08-17,Flor Peñalver Rivero,Alicante
Azúcar,18.22,4,2025-07-02,Liliana Acevedo Campillo,Valladolid
Café,12.45,6,2025-12-12,Yolanda de Oliva,Vizcaya
Azúcar,7.49,3,2026-05-26,Faustino Mínguez Benavente,Ávila
Leche,10.04,10,2026-04-12,Ulises Falcón Martí,La Rioja
Carne,18.2,4,2026-05-17,Olalla Dominguez Fiol,León
Pollo,2.77,10,2025-11-14,Jessica Verdú Carvajal,Asturias
Huevos,1.31,2,2026-04-04,Sergio Llorente Pineda,Madrid
Queso,14.83,9,2026-05-20,Ramona Ayllón Parra,Almería
Huevos,15.38,1,2026-01-16,José María Soler González,Soria
Carne,19.48,9,2026-01-08,Débora Codina Belda,Ávila
Café,0.67,3,2026-05-27,Gustavo del Mercader,Cantabria
Queso,12.36,6,2025-10-24,Morena Abellán Castañeda,Zaragoza
Queso,16.57,7,2025-12-06,Coral del Mesa,Guadalajara
Carne,19.47,5,2025-07-21,Lázaro Fábregas Giralt,Ávila
Aceite,2.11,9,2026-05-03,Jose Miguel Narciso Rojas Meléndez,Navarra
Pan,7.99,2,2026-03-08,Julie del Orozco,Córdoba
Pan,16.77,6,2026-01-26,Ramón Morán Marquez,Girona
Arroz,5.45,7,2025-06-18,Carmelo de Viana,Pontevedra
Aceite,7.0,7,2025-09-11,Teófilo Anaya Ferrer,Barcelona
Pan,5.19,4,2026-02-06,Bernarda Gallardo Vila,Salamanca
Pan,4.47,9,2025-09-12,Chita Montaña Valero,Barcelona
Arroz,16.57,9,2025-10-03,Emilia Ordóñez-Castells,Granada
Carne,8.28,4,2025-06-22,Andrés Felipe de Castro,Santa Cruz de Tenerife
Pollo,1.72,7,2025-05-28,Edgardo Carbonell Lerma,Murcia
Pollo,3.79,6,2025-10-17,Rosario Botella Marin,Álava
Pan,4.9,10,2025-12-12,Dionisio Múñiz Toledo,Murcia
Azúcar,13.42,7,2025-12-24,Lilia Revilla Perez,Las Palmas
Carne,2.43,1,2025-09-14,Aurelia Sedano,Almería
Pan,9.12,2,2026-02-07,Iker Dávila Calvet,Badajoz
Azúcar,9.17,5,2025-07-20,Ricarda Torrents Camacho,La Coruña
Queso,9.09,5,2026-03-02,Tecla Cañellas Armas,Santa Cruz de Tenerife
Huevos,11.95,3,2026-01-18,Hernando Palomo Gimenez,Girona
Queso,4.71,3,2026-03-08,Jesús Cánovas Rico,La Coruña
Carne,7.23,10,2026-03-16,Dorotea Clavero,Soria
Arroz,11.63,5,2026-03-16,Hipólito Hidalgo Manrique,Soria
Queso,5.27,7,2026-01-13,Rosaura Luz Vallejo,Ciudad
Café,15.21,5,2025-11-28,Sofía de Carvajal,Castellón
Arroz,15.29,10,2026-03-16,Gerónimo Dávila Mate,Segovia
Azúcar,0.92,4,2025-06-06,Maximiliano Barrios,León
Huevos,6.05,3,2025-10-26,Emilia Montalbán-Batalla,La Rioja
Café,3.2,7,2026-05-01,Débora Álvaro Acevedo,Valladolid
Huevos,4.0,6,2026-05-08,Javier Campo Báez,Valladolid
Aceite,4.35,7,2026-04-05,Carlota Hernando-Montalbán,Lugo
Queso,19.93,7,2026-03-20,Milagros Agullo Casado,Álava
Café,7.73,10,2025-09-06,Ángeles Mamen Salmerón Ochoa,La Coruña
Queso,18.43,10,2025-12-07,Octavio Báez Llorente,Guipúzcoa
Queso,2.54,10,2026-05-15,Rebeca Belda Alcalde,Zamora
Arroz,9.48,4,2025-12-01,Lina Pi Yáñez,Castellón
Leche,5.49,1,2026-04-30,Eligio del Lastra,Tarragona
Azúcar,1.89,5,2025-05-28,Lisandro Pérez Castro,Valladolid
Queso,13.91,5,2025-09-19,Abraham Vera Girón,Cádiz
Café,18.4,10,2026-01-17,Albert Pinilla Millán,Santa Cruz de Tenerife
Pollo,13.76,4,2025-08-19,Martín Cañizares Macías,Cáceres
Aceite,6.82,1,2026-01-30,Florentina Mendez Montaña,Granada
Queso,11.72,9,2026-01-14,Teo Perales Company,Sevilla
Azúcar,12.59,9,2026-04-23,Toni Romeu,Cáceres
Huevos,6.9,5,2025-12-02,Cándida Andres Quintana,Asturias
Queso,3.71,6,2026-03-31,Heliodoro Araujo Noguera,Ávila
Carne,4.49,1,2025-08-31,Juan Francisco Pol,Almería
Queso,1.97,2,2025-07-18,Olimpia Canet Mata,Lugo
Leche,10.84,10,2025-12-14,Maxi Salvà Alfaro,Álava
Huevos,12.88,6,2026-02-14,Jaime de Sevillano,Madrid
Arroz,7.76,4,2026-03-21,Nereida Nayara Roldan España,Guadalajara
Huevos,18.51,1,2026-05-09,Melisa Dafne Calderon Benito,Cuenca
Pan,8.31,10,2025-08-25,Flor Pizarro Casanova,Guadalajara
Huevos,18.89,8,2026-05-14,Ángela Perea-Peral,Badajoz
Leche,9.1,6,2026-03-02,Paulina Paula Herrera Company,Jaén
Carne,18.1,6,2025-11-10,Donato Cardona,Cuenca
Pollo,4.45,9,2026-04-20,Lola Amarilis Alegria Bravo,Ávila
Pan,13.26,3,2025-10-31,Jose Luis Simón Arrieta Carpio,Salamanca
Aceite,13.91,2,2026-01-02,Augusto Larrañaga,Valencia
Café,3.64,1,2025-07-05,Carmen Barberá Manuel,Huelva
Pan,17.55,6,2025-10-15,Yaiza Amor Morán,Guipúzcoa
Azúcar,7.64,1,2026-04-26,Melania Vergara Prada,Barcelona
Pan,15.75,10,2026-05-09,Dan Bustos Castelló,Badajoz
Pan,2.35,9,2025-10-31,Samanta Villar-Rebollo,Huelva
Azúcar,6.61,3,2025-08-28,Vicente Florencio Rosales Barberá,Álava
Azúcar,14.85,8,2025-10-22,Belen Machado Teruel,Albacete
Pan,12.79,9,2025-09-20,Julio Pombo Iglesia,Salamanca
Pollo,3.0,6,2025-09-26,Loreto Casal Egea,Pontevedra
Café,16.42,3,2025-11-18,Beatriz Teruel Pol,Segovia
Queso,17.28,6,2025-09-17,Pepe Pedraza Andres,Ourense
Arroz,0.82,8,2026-02-07,Ibán Ruano Berrocal,Girona
Azúcar,4.87,8,2025-12-24,Azahara Julieta Casares Ferrero,Albacete
Café,18.34,1,2026-01-13,Loreto Araujo Cárdenas,Las Palmas
Café,19.2,9,2025-12-28,Francisco Javier de Benavent,Jaén
Pollo,18.48,3,2026-04-07,Mireia Sánchez Viana,Albacete
Pan,1.44,4,2025-11-18,Josué Berrocal-Quevedo,Ciudad
Pan,6.78,4,2025-06-02,Yolanda Hierro Nevado,Guadalajara
Leche,3.26,3,2025-08-22,Azucena Seguí Gallo,Sevilla
Pan,3.36,2,2026-04-20,Moisés Ferrera Mora,Murcia
Queso,11.91,2,2025-12-24,Maite Artigas Company,Girona
Queso,19.62,2,2025-06-07,Fanny Roig Fabregat,Lugo
Carne,13.29,9,2025-11-26,Xavier Aragón,Lugo
Arroz,13.52,5,2026-03-29,Clímaco Sáez Tejedor,Lugo
Azúcar,6.9,7,2025-12-11,Hector Lloret Yáñez,Alicante
Café,17.47,10,2025-11-22,Leire Hervia Benavente,La Rioja
Huevos,16.72,1,2026-03-04,Roldán Torrents-Agustín,Ávila
Azúcar,5.76,5,2025-07-08,Nidia Andreu,Almería
Leche,17.93,2,2025-12-16,Rafaela Sanchez-Benavides,Albacete
Carne,2.76,4,2025-09-22,Constanza Palacios Mariscal,Jaén
Carne,16.28,5,2025-06-22,Perlita Cuéllar-Somoza,Murcia
Café,5.02,5,2025-08-23,Coral Fabiana Elorza Isern,Toledo
Leche,11.6,3,2026-02-27,Eutimio Diego Amo,Huesca
Carne,2.99,7,2025-09-11,Leticia Bilbao Valenciano,Albacete
Aceite,7.54,10,2025-09-08,Heraclio Vall Zaragoza,Guadalajara
Arroz,0.62,2,2026-01-25,Olga Lloret Iglesia,Soria
Café,10.92,1,2026-01-11,Victor Manuel Zamora Valenciano,Palencia
Carne,3.12,3,2026-01-07,Azucena Gabaldón Navas,Álava
Huevos,7.33,4,2025-07-30,Haydée del Zaragoza,Guipúzcoa
Pollo,12.66,8,2025-12-30,Rosa María Ibarra,Soria
Café,12.24,7,2025-12-26,Ernesto del Barragán,La Rioja
Azúcar,4.57,7,2026-04-14,Florentina Pinto Valls,Granada
Huevos,1.21,2,2025-06-20,Rodolfo Montserrat-Soria,Baleares
Café,0.97,4,2025-09-20,Clímaco Royo-Rincón,Cáceres
Pan,18.45,1,2025-10-31,Isabel Olivé Santiago,Jaén
Aceite,7.36,4,2026-05-05,Zoraida Bou,Badajoz
Pollo,12.99,8,2026-03-06,Filomena Judith Solana Castañeda,Cuenca
Carne,7.34,8,2025-09-17,Modesto Palomar Lamas,Albacete
Huevos,19.46,2,2025-08-10,Jafet Pina Barbero,Ávila
Azúcar,9.86,8,2026-02-16,Celso Viña Sureda,Ceuta
Aceite,17.56,10,2025-06-13,Imelda Benita Camacho Barragán,Teruel
Aceite,0.99,4,2025-07-07,Emigdio de Benavides,Almería
Azúcar,7.07,5,2025-06-11,Ariel Alfredo Blanco Ferrández,Zamora
Pollo,1.8,5,2025-07-17,Abril Sanmiguel,Granada
Arroz,5.39,5,2026-03-08,Sofía Sanz-Antúnez,Almería
Pan,1.84,3,2026-03-23,Tito Frutos-Ribera,Murcia
Huevos,14.81,6,2025-07-20,Melisa Mariana Garriga Cabezas,Murcia
Café,2.06,7,2025-12-17,Claudio Verdú Bastida,Cádiz
Pollo,11.4,2,2025-10-17,Pedro Pazos,Vizcaya
Arroz,9.87,7,2025-11-16,Ibán Baquero Laguna,Navarra
Café,15.66,8,2025-08-21,Elpidio de Ferrándiz,Las Palmas
Arroz,19.69,9,2026-05-08,María Carmen Gilabert Sáenz,Toledo
Café,16.24,1,2026-02-21,Amalia de Rocha,Zaragoza
Huevos,11.5,10,2025-10-28,Narcisa Planas Ayala,Murcia
Leche,2.25,5,2026-04-18,Daniel Jacobo Azorin Zabaleta,Girona
Arroz,15.63,10,2026-03-21,Begoña Solís-Garrido,Ceuta
Queso,17.94,1,2026-02-05,Íñigo Salvador Agustín,Palencia
Pollo,4.26,7,2025-09-18,Ignacia Benito Suarez,Sevilla
Pollo,15.07,5,2025-09-30,Valentín Gimenez Crespo,Teruel
Queso,1.9,6,2026-01-19,Blas Romero Priego,Cuenca
Pan,19.3,2,2026-03-18,Gil Morata-Gilabert,Valencia
Carne,2.34,8,2025-12-05,Emigdio Prat Martínez,Jaén
Azúcar,12.93,8,2026-04-04,Francisco Javier Lledó Riquelme,Lleida
Leche,2.82,1,2025-12-17,Rogelio Montoya,Sevilla
Huevos,16.93,9,2025-07-19,Nerea del Alsina,Sevilla
Azúcar,3.49,10,2025-10-16,Inés Baños-Poza,Ceuta
Huevos,9.05,10,2026-02-26,Adriana Verdugo Folch,Toledo
Arroz,6.54,2,2026-03-11,Nazaret de Tejera,Segovia
Queso,10.76,7,2025-06-06,Lourdes Aznar Ponce,Cuenca
Café,3.68,5,2026-05-23,Aristides Barral,Córdoba
Café,9.34,10,2026-01-15,Fernando Villalobos Blanes,Pontevedra
Pan,2.54,4,2026-02-10,Anastasia Bermejo Barroso,Valencia
Carne,6.35,5,2025-05-29,Américo Perelló Ibáñez,Palencia
Carne,6.25,6,2026-05-04,Primitivo Fabra Infante,Madrid
Aceite,7.77,6,2025-06-08,Antonio Caballero Lozano,Álava
Café,4.44,1,2026-02-03,Fabio Gimenez Araujo,Santa Cruz de Tenerife
Aceite,14.01,9,2025-10-04,Noemí Benítez Llanos,Badajoz
Carne,14.75,2,2026-04-13,Lupita Aller Segura,Toledo
Pan,11.02,3,2025-10-13,Reina Pinedo Tolosa,Ourense
Huevos,4.97,3,2026-02-19,Marcio Ballester Larrea,Segovia
Arroz,10.51,1,2026-05-11,Candelas Ramos Rius,Salamanca
Huevos,3.47,6,2025-10-29,Lourdes Boix-Sandoval,Segovia
Carne,11.02,3,2025-12-09,Purificación Palomino Albero,Girona
Queso,18.11,3,2025-11-18,Soledad Domínguez Corominas,Alicante
Aceite,19.64,5,2026-04-16,Marina Costa Jerez,La Coruña
Arroz,17.34,3,2025-10-10,Raquel Sastre León,Valladolid
Aceite,7.16,3,2025-07-15,Néstor Bustamante Menendez,Jaén
Queso,12.45,4,2025-06-06,Bárbara Soler Roura,Huelva
Huevos,11.66,9,2025-10-25,Sara Fonseca,Castellón
Huevos,4.42,8,2026-01-03,Haydée Cabello Clavero,Las Palmas
Café,19.79,7,2025-07-25,Odalys de Marqués,Ávila
Aceite,6.17,8,2025-07-16,Leonardo Carro Prado,Lugo
Huevos,9.43,4,2025-10-19,María Luisa Muro Cámara,Baleares
Azúcar,14.37,9,2026-04-14,Dalila Bellido Pascual,Guadalajara
Huevos,14.71,2,2025-06-29,Julio Bauzà Melero,Ceuta
Huevos,4.86,2,2025-10-02,Primitiva Acedo Carro,Ciudad
Leche,12.22,1,2025-07-05,José Priego-Ferrera,León
Leche,3.48,7,2025-09-28,Delia Rey,Jaén
Café,15.5,3,2025-07-23,Lilia Rodrigo,Tarragona
Pollo,19.02,2,2025-11-30,Damián Jenaro Moll Cánovas,Soria
Queso,0.79,9,2026-01-29,Bienvenida Torrent Maza,Alicante
Huevos,7.82,9,2025-08-18,Rosa María Carnero Pacheco,La Coruña
Café,18.39,9,2025-12-23,Leandro Canet,Córdoba
Leche,11.57,4,2025-07-23,Enrique Duran Carretero,Toledo
Leche,13.7,9,2025-09-05,Amador Báez,Huelva
Pollo,16.28,6,2025-09-26,Fortunato Artemio Chaves Murcia,Melilla
Leche,7.4,3,2025-06-25,Ángela Patiño Vergara,Barcelona
Leche,19.9,3,2025-09-17,Lidia Mateo Mayol,Cádiz
Aceite,6.01,10,2026-04-15,Lara de González,Zamora
Pollo,7.16,6,2025-07-25,Pía Lamas Galán,La Rioja
Café,18.06,7,2026-05-10,Marita Puente Domingo,Barcelona
Arroz,1.24,7,2025-06-02,Rómulo Armas Solsona,Navarra
Pan,13.09,10,2026-01-09,Pacífica Espada Zaragoza,Alicante
Pollo,12.45,5,2026-04-04,Juan Antonio Agudo Benavides,Huesca
Leche,1.07,8,2025-12-24,Apolinar Cueto,Toledo
Café,0.64,6,2026-02-14,Dafne Adán Ariza,Burgos
Carne,13.94,10,2025-06-09,Brunilda Briones-Barragán,Toledo
Aceite,12.91,6,2025-06-22,Lope Salamanca,Ciudad
Leche,14.05,7,2025-07-18,Demetrio Pedrosa Sanjuan,Lugo
Pollo,9.33,6,2025-09-28,Isidro Dan Valencia Aznar,Tarragona
Queso,18.37,3,2026-03-02,Cecilia Murillo,Girona
Café,9.22,2,2025-11-01,Ana Ferrán Abellán,Teruel
Café,0.6,7,2025-07-20,Felicia Rebeca Mulet Iborra,Álava
Azúcar,12.5,9,2025-10-19,Mayte Tudela Amorós,Guipúzcoa
Huevos,17.03,1,2025-07-16,Jose Feliu,Almería
Pollo,6.87,3,2026-04-03,Yago Cazorla Moles,Valladolid
Azúcar,14.08,6,2026-02-17,Alexandra de Vázquez,Pontevedra
Carne,4.53,5,2025-12-14,Edu Galiano Cuadrado,Valladolid
Pollo,6.04,1,2025-10-07,Roque Gomis Valbuena,Alicante
Aceite,4.27,9,2025-08-17,Ainara Alemán Soria,Álava
Café,12.1,9,2025-07-19,Lázaro Andres Carreras,Zaragoza
Aceite,12.8,9,2026-04-30,Otilia Silvia Infante Cabo,Huelva
Pan,10.72,6,2025-06-28,Marcelino Armengol Girona,León
Huevos,9.23,8,2025-11-02,Heriberto Camacho-Osorio,Madrid
Queso,9.61,7,2025-09-10,Lara Cayetana Catalá Gimeno,León
Arroz,19.23,1,2025-07-01,Yaiza Briones Merino,Alicante
Azúcar,4.07,7,2025-06-04,Valentina Somoza Pol,Palencia
Azúcar,14.0,1,2025-09-01,Alonso Mariscal Rivas,Zaragoza
Aceite,11.34,7,2025-08-24,Modesta Fuentes,Las Palmas
Huevos,17.47,3,2026-02-12,Edgardo Reguera Cuadrado,Salamanca
Aceite,16.58,1,2025-07-03,Teresita Diéguez Menéndez,Soria
Arroz,1.99,7,2026-01-27,Joaquín Lozano Clemente,León
Queso,3.86,8,2025-09-13,Vasco Briones Mariño,Huelva
Azúcar,12.08,1,2025-06-26,Cayetana Blasco-Aliaga,Palencia
Azúcar,11.75,1,2025-11-29,Roberta de Losa,Segovia
Arroz,11.03,5,2026-04-24,Rita Cobos Leiva,Ceuta
Pan,14.26,5,2025-12-11,Eugenia Iñiguez Artigas,Ávila
Pollo,11.12,2,2026-01-07,Feliciano Seguí Company,Tarragona
Queso,1.27,7,2025-11-05,Samuel Gallego Rubio,Zamora
Pollo,6.58,3,2025-10-06,Azahar Ortuño Calzada,Pontevedra
Pan,12.68,2,2025-06-13,Inocencio Bauzà Salvà,Tarragona
Pan,19.41,10,2025-09-10,Sandra Montserrat Parra,Las Palmas
Azúcar,8.97,2,2025-06-10,Amparo Soler-Alcalde,Valladolid
Pollo,13.75,3,2026-04-20,Concepción Amaya Pedraza,Cantabria
Café,13.36,7,2026-04-17,Noé Andres-Sans,Zaragoza
Huevos,6.59,2,2026-02-26,Merche Adán-Garay,Madrid
Pan,19.3,2,2026-04-11,Aitana Merino Blazquez,Sevilla
Azúcar,16.54,8,2026-03-28,Galo Noguera Cabello,Valencia
Carne,7.54,4,2026-04-16,Tecla del Martín,Murcia
Leche,9.21,4,2025-08-30,Jovita Vilanova-Manuel,Navarra
Pollo,17.7,7,2025-11-17,Manuela Ibañez Anglada,Valencia
Aceite,10.89,3,2025-09-03,Hernán Alcides Guillen Teruel,Navarra
Queso,17.16,4,2026-04-30,María Perez-Blázquez,León
Pollo,8.48,7,2025-07-09,Cornelio Anastasio Martí Guardia,Baleares
Azúcar,19.82,6,2025-07-02,Juan Borja Bastida,Guipúzcoa
Azúcar,13.97,9,2026-03-28,Emelina Mir Barragán,Alicante
Pan,10.98,2,2025-08-06,Espiridión Olmo Solís,Salamanca
Pan,17.69,9,2026-03-02,Julie Martorell Téllez,Madrid
Azúcar,14.58,1,2026-03-11,Dolores Jove Velázquez,Girona
Aceite,12.87,4,2026-04-11,Nico Gallego,Melilla
Carne,1.42,8,2025-07-24,Hermenegildo Vara Benítez,Valladolid
Aceite,18.18,10,2026-05-21,Teófila Calleja Salazar,Lugo
Aceite,12.89,3,2025-06-08,Jorge Burgos Vallés,La Coruña
Pan,2.37,9,2025-08-06,Paloma Cuesta Seguí,Murcia
Carne,10.92,6,2026-04-10,Luis Ángel Corominas,Alicante
Queso,10.16,3,2025-09-24,Amando Calderón Cózar,Huelva
Azúcar,1.78,5,2026-03-17,Felicidad Ferrández Meléndez,Granada
Queso,9.57,5,2026-01-24,David del Amo,Palencia
Carne,8.48,2,2025-10-02,Hernán Álamo,Almería
Café,17.35,4,2025-07-25,José Mari Bayona Medina,Vizcaya
Huevos,8.43,6,2026-01-22,Calixto Vega Garrido,Salamanca
Queso,14.89,9,2025-10-05,Lucía Andrade Torres,Ceuta
Queso,3.05,5,2025-11-03,Jacinta Galindo-Cañellas,Melilla
Arroz,19.77,7,2026-01-04,Inés Sanabria Ortega,Barcelona
Pan,11.94,1,2026-01-15,Isabela Sastre Villa,Madrid
Arroz,4.61,6,2025-12-13,Jordana Llano-Campoy,Las Palmas
Arroz,0.83,9,2025-12-25,Heliodoro Jaén Aliaga,La Coruña
Carne,9.03,1,2025-06-07,Teresita Bou Bernat,Tarragona
Huevos,4.7,10,2026-04-26,Encarnita Lledó Malo,Zaragoza
Pollo,4.43,6,2025-11-02,Guadalupe Camino Barranco,La Coruña
Aceite,18.04,5,2025-11-16,Inmaculada Morales Céspedes,Zaragoza
Azúcar,16.4,3,2025-07-26,Oriana del Acedo,Girona
Queso,13.26,1,2025-08-10,Melchor Ocaña Armengol,Baleares
Huevos,9.74,4,2025-07-07,Felix Méndez Ribera,Jaén
Huevos,1.66,9,2026-01-20,Aníbal Collado Lerma,Las Palmas
Queso,12.57,10,2025-12-25,Chuy Pinilla Rosa,Toledo
Leche,3.97,5,2025-08-04,Eufemia Cáceres Lozano,Huesca
Café,1.68,2,2026-04-17,Luna Cándida Montoya Ferrando,Toledo
Café,12.09,8,2025-06-25,Demetrio Segura Pulido,Zaragoza
Queso,0.94,10,2026-01-16,Albert León Sevilla Mendizábal,Lleida
Arroz,11.24,4,2025-09-06,Joan de Díaz,Valencia
Leche,17.69,1,2025-06-08,Florina Olivera,Vizcaya
Aceite,2.27,1,2025-10-03,Vanesa Checa Polo,Burgos
Huevos,3.5,3,2025-06-20,Eligia Flor-Soler,Guadalajara
Carne,1.38,2,2026-02-09,Manuel Esteban González,Málaga
Café,10.54,7,2025-07-13,Felicidad Vélez Pujol,Murcia
Carne,16.96,6,2025-11-05,Santos María Serra Duque,Teruel
Arroz,9.52,9,2026-05-09,Tadeo Desiderio Rubio Benitez,Melilla
Aceite,15.74,9,2025-07-31,María Pilar Benítez Pinedo,Asturias
Café,6.97,8,2025-11-15,Feliciana del Tamayo,Tarragona
Leche,11.67,2,2026-05-04,Alba Medina Palau,Zamora
Carne,19.35,5,2026-02-13,Nazaret Marti Borrell,Cádiz
Café,12.91,10,2025-11-20,Isaura Natalia Bas Almansa,Granada
Queso,14.12,4,2025-09-17,Carina Gonzalo-Vilaplana,Huesca
Pollo,2.38,8,2026-03-09,Eugenio de Domínguez,Castellón
Aceite,16.93,9,2025-07-16,Marciano Rubén Canals Cortes,Palencia
Arroz,15.99,10,2025-12-10,Prudencio Lladó Marco,Palencia
Carne,16.8,10,2025-08-18,Adrián Salom Gutiérrez,Tarragona
Queso,16.41,6,2026-02-03,Gerónimo Alfaro Canales,Ciudad
Pollo,15.61,7,2025-10-15,Ezequiel Roselló Calleja,Ceuta
Pan,10.25,2,2026-03-07,Cándido Ribera-Conde,La Coruña
Café,17.59,9,2025-11-14,Miguel Ángel Piñeiro,Asturias
Azúcar,13.34,8,2026-02-06,Angelina Flavia Izquierdo Verdú,Álava
Arroz,12.4,1,2025-08-10,Marino Parejo Cózar,Zaragoza
Pollo,8.75,2,2025-12-24,Urbano Narciso Manuel Belda,Burgos
Queso,1.45,5,2025-06-01,Maxi Villar,Barcelona
Carne,16.7,6,2025-08-16,Albina Rocha Olivé,Almería
Pollo,12.42,9,2026-05-23,Juanito Yuste,Cáceres
Café,19.75,7,2025-11-29,Jose Manuel Meléndez Cáceres,Murcia
Arroz,0.94,1,2026-05-06,Pancho del Jordán,Barcelona
Arroz,14.5,9,2026-01-07,Pastora Bastida Corbacho,Lleida
Carne,14.1,9,2026-01-18,Dora Frías,León
Huevos,19.1,9,2025-07-16,Chuy Reguera Vicente,Granada
Queso,3.82,4,2025-11-21,Iván Serra Arellano,Pontevedra
Carne,9.63,5,2026-03-15,Nuria Barragán Corominas,Soria
Azúcar,3.02,7,2026-01-14,Rebeca Sanz-Ferrán,Pontevedra
Azúcar,6.67,10,2025-11-29,Rosalía Cisneros,Palencia
Carne,11.85,5,2026-02-10,Pánfilo Sanz Goñi,Huelva
Pan,11.23,6,2025-07-01,Odalis Azorin Monreal,Melilla
Café,17.81,5,2026-03-03,Edmundo Manuel Segovia,Guadalajara
Pan,5.0,6,2026-04-29,Tito de Carrera,León
Carne,1.43,8,2025-09-13,Adoración Suarez Mena,Huelva
Aceite,3.72,4,2025-08-09,Reyes Acuña,Cádiz
Huevos,17.71,5,2026-02-07,Rosario Cabello,Málaga
Queso,18.47,1,2025-07-30,Pepe Niño Reyes,Barcelona
Aceite,1.09,5,2026-02-21,Blanca Acevedo Ayllón,Jaén
Pan,16.39,1,2026-01-18,Adoración Solé Perales,Huesca
Arroz,3.25,3,2025-11-25,Maximiano Gargallo Iniesta,Valladolid
Pan,18.25,3,2026-02-09,Mirta Estrada Gilabert,Cantabria
Queso,10.46,4,2026-05-27,Sarita Español Arce,Almería
Aceite,2.96,3,2025-06-26,Toni Giner Pinilla,Sevilla
Pan,15.31,10,2025-11-22,Chucho Gargallo Bonet,Granada
Huevos,5.67,1,2026-04-11,Noé Cobos Fuentes,Valladolid
Huevos,16.22,6,2025-06-21,Ainoa del Arellano,Salamanca
Carne,15.85,7,2025-09-25,Jacobo Chacón Tejada,Ciudad
Pan,0.67,7,2026-01-16,Goyo Zaragoza Elías,Lugo
Aceite,16.66,10,2025-12-12,Trinidad Tena Torrent,Cuenca
Azúcar,14.18,8,2026-05-10,Baldomero Quiroga Pomares,Huelva
Pollo,16.18,5,2026-02-23,Noé Leal Montalbán,Sevilla
Aceite,8.46,9,2025-07-31,Gala Duque,Badajoz
Café,3.46,8,2026-04-03,Rosalina Jurado,Cuenca
Azúcar,0.84,2,2025-08-23,Paz Pascuala Villanueva Querol,Ourense
Azúcar,11.22,2,2025-09-16,Pili Vila-Iborra,Castellón
Pollo,10.78,9,2025-12-21,Fabricio Aguilar,Guipúzcoa
Café,17.64,5,2025-11-06,Celestina Madrigal Esteban,Albacete
Pan,7.71,6,2026-05-14,Leonardo Ugarte Agudo,La Rioja
Carne,14.22,2,2026-02-22,Plinio Toledo-Carballo,Murcia
Azúcar,6.96,5,2026-03-13,María Belén Calvo Paredes,Cádiz
Arroz,5.22,7,2026-03-26,Claudio Aroca,Guipúzcoa
Arroz,11.39,3,2026-03-29,Marisol Arjona Saez,Santa Cruz de Tenerife
Azúcar,16.27,8,2025-08-09,Nacho Cervera Menéndez,Vizcaya
Aceite,5.96,10,2025-11-28,Osvaldo Berenguer Daza,Zaragoza
Azúcar,18.1,10,2025-10-23,Elena Gárate-Peláez,Vizcaya
Leche,6.13,4,2025-08-09,Adolfo Nadal Contreras,Zamora
Aceite,12.24,3,2025-06-30,Marcos Aranda,Soria
Leche,18.42,9,2025-08-17,Anita Nevado Olivares,Toledo
Café,2.12,5,2025-12-28,Dolores Orozco,Murcia
Leche,17.19,6,2025-09-04,Pía Valera-Ruano,Huelva
Azúcar,3.03,3,2025-10-03,Américo David Martinez Iniesta,La Coruña
Pan,18.12,7,2025-06-30,Morena Cazorla-Olmedo,Zaragoza
Pollo,11.18,8,2025-09-22,Bernarda Guitart Puga,Cuenca
Leche,6.07,2,2025-06-07,Cruz de Ballesteros,Badajoz
Pan,14.75,1,2025-09-13,Aroa Gámez Guardia,Cuenca
Pollo,4.94,8,2025-12-27,Lilia del Casal,Huesca
Huevos,6.32,3,2025-08-23,Amaro de Portero,Lleida
Café,7.45,10,2025-05-31,Benito Fonseca-Barba,Vizcaya
Pollo,12.31,9,2026-02-13,Cayetana Abigaíl Amo Armas,Murcia
Pollo,9.96,5,2025-06-07,Borja Mena Cordero,Castellón
Huevos,1.66,2,2026-03-30,Américo Cabeza Vizcaíno,Murcia
Huevos,18.15,10,2025-12-01,Macario del Almazán,Teruel
Queso,10.29,5,2025-07-27,Isabel Luna Nuñez,Asturias
Café,4.9,10,2025-09-24,Paula Gálvez Mur,Guadalajara
Aceite,2.67,10,2026-03-06,Geraldo Noriega-Rivas,Salamanca
Azúcar,2.42,8,2026-05-25,Perlita de Teruel,Navarra
Huevos,7.96,4,2025-09-27,Venceslás Arévalo Marí,Vizcaya
Huevos,12.03,5,2025-09-05,Fortunato Ochoa Daza,Castellón
Azúcar,9.36,2,2025-10-31,María Carmen Cano Porta,Granada
Pollo,5.43,10,2025-07-15,Eutropio Vara-Zabaleta,Valladolid
Queso,2.01,6,2026-05-21,Quirino Tomas Tejedor,Huesca
Leche,8.97,8,2026-05-16,Ofelia Huerta,Jaén
Arroz,7.97,9,2025-08-07,Calisto Pellicer Olivera,León
Pan,15.49,6,2025-06-15,Custodio del Gordillo,Madrid
Queso,1.93,7,2025-09-06,Amparo Solís-Pulido,Melilla
Carne,10.06,7,2025-06-17,Malena Barrena-Llanos,Girona
Carne,4.45,1,2025-12-09,Heraclio Artemio Pinto Aguiló,La Rioja
Pan,12.92,10,2025-12-15,Ofelia Ramis,Cuenca
Azúcar,8.77,9,2025-07-23,Perlita de Orozco,Ourense
Pan,9.74,1,2025-10-12,Máximo Borja Quintana,Navarra
Carne,14.45,3,2026-04-15,Agustín Lladó Calvo,La Rioja
Huevos,16.3,6,2025-10-15,Rosalva Castro,Melilla
Huevos,1.04,8,2025-06-02,Valerio Esteban Río,Lugo
Aceite,15.47,10,2025-09-24,Pastor Escribano Sanmiguel,Ourense
Queso,7.45,3,2025-12-19,Román Jover,Granada
Huevos,14.83,1,2026-03-18,Guadalupe de Martinez,Huelva
Pan,16.9,2,2026-05-10,Carlito Alemán Muñoz,Salamanca
Café,17.64,5,2025-09-24,Rebeca Sarabia Doménech,Murcia
Aceite,15.74,4,2025-09-01,Edelmira Dalmau Ballesteros,Albacete
Aceite,16.39,6,2025-08-10,Angelino de Uribe,Málaga
Pan,13.15,3,2026-01-30,Belén Cisneros Lladó,Málaga
Pollo,17.78,1,2025-06-26,Guiomar Guitart Carvajal,Cádiz
Azúcar,14.37,7,2026-04-18,Azeneth López Borja,Pontevedra
Azúcar,10.45,9,2025-09-13,Luz Borrego Exposito,Málaga
Aceite,12.11,7,2025-12-10,Jose Manuel Lara Albero,Huelva
Aceite,13.56,1,2026-02-25,Abel del Dueñas,Navarra
Café,19.41,2,2026-02-07,Febe Rios,Huesca
Pollo,1.58,9,2026-02-22,Alfonso Manzano,Tarragona
Café,12.79,4,2025-08-28,Cruz Montesinos Uriarte,Albacete
Azúcar,13.47,2,2025-10-31,Juanito de Alfonso,Alicante
Café,16.61,4,2025-12-15,Jovita de Gual,Barcelona
Azúcar,19.62,9,2025-09-13,Ángela Mate Montero,Cuenca
Café,9.2,4,2026-05-22,Horacio Álamo Mir,Vizcaya
Pollo,14.39,3,2025-11-04,Maximiliano Fuster Crespi,Las Palmas
Café,7.39,8,2025-10-19,Nazaret Gutiérrez Mayo,Girona
Azúcar,13.88,4,2025-05-29,Amor Quesada Castañeda,Valladolid
Huevos,8.24,3,2025-12-04,Victor Yago Espinosa Cañete,Vizcaya
Café,7.82,3,2025-10-01,Araceli Aragonés Mendizábal,Albacete
Huevos,13.71,4,2026-01-02,Glauco Pedro Fortuny,Burgos
Pan,8.54,8,2025-06-30,Sabas Mir Belmonte,Huelva
Arroz,14.82,3,2026-03-31,Adelardo Murillo Agustí,Tarragona
Carne,17.96,9,2025-11-30,Heraclio Perea Pi,Las Palmas
Azúcar,10.41,8,2025-12-28,Chucho Arrieta Sarmiento,Huesca
Pan,19.68,5,2026-03-22,Fidel Borja Amo Cózar,Cáceres
Aceite,12.49,4,2026-03-27,Fermín Colomer Manzanares,Tarragona
Pollo,11.66,7,2025-07-29,Olivia Campillo Planas,Málaga
Café,4.65,4,2025-09-25,Santiago Girón Ayala,Sevilla
Queso,5.09,4,2025-10-30,Soraya Avilés,Girona
Café,0.62,2,2026-03-22,Perlita Barral-Suárez,Castellón
Huevos,3.17,9,2025-08-06,Régulo Barrios Pareja,Ourense
Aceite,18.77,2,2025-10-12,Pía Cámara Lobo,Girona
Aceite,18.49,7,2025-11-29,América Pinto-Isern,Cuenca
Huevos,1.36,1,2025-09-09,Claudia Reig Rocha,Madrid
Arroz,2.22,1,2025-06-07,José Tenorio Valle,Córdoba
Huevos,4.3,9,2025-05-28,Marina Peña Solsona,Cantabria
Leche,19.12,1,2025-07-13,Leire Mercader Alcalá,Álava
Café,15.24,8,2025-09-03,Aitana Valero Escrivá,Toledo
Azúcar,7.54,3,2026-02-02,Javiera Viana Ramón,Cuenca
Pollo,1.69,6,2025-12-20,Federico Saez Echeverría,La Rioja
Café,7.48,4,2025-09-10,Jovita del Lamas,Badajoz
Carne,14.44,2,2025-10-22,Manuel Jimenez Posada,Ciudad
Arroz,19.17,1,2026-05-19,Dafne Zurita-Palomares,Segovia
Aceite,1.39,3,2025-11-19,Isaac Oller,Murcia
Pollo,9.07,8,2025-10-31,Mariana Vaquero-Álvaro,Cuenca
Aceite,0.95,3,2025-07-02,Reyes Mariscal Ropero,Cádiz
Leche,0.94,6,2025-07-15,Osvaldo Porta Aguiló,Baleares
Arroz,3.61,4,2025-06-30,Juan Luis Carvajal,Almería
Queso,19.38,1,2026-03-29,Haydée Gibert Bernad,Valencia
Carne,6.03,7,2025-10-14,Nidia Boada Lozano,Valladolid
Café,7.06,9,2026-05-12,Calisto Carrera,Cádiz
Huevos,16.25,2,2026-02-21,Hortensia Ureña Carbonell,Burgos
Café,14.77,4,2025-07-23,Lucho Pascual Fernández Peinado,Albacete
Arroz,6.7,1,2025-12-05,Andrea Teruel Alcaraz,Álava
Pollo,15.91,8,2026-01-04,Vidal Montenegro-Alcántara,Ceuta
Queso,11.19,1,2025-09-02,Víctor Rius Daza,Girona
Aceite,7.7,6,2025-05-27,Fulgencio Gracia Barroso,Lleida
Aceite,18.34,6,2026-05-25,Albina Paniagua Bernal,Melilla
Huevos,6.24,5,2025-08-09,Pedro Puerta-Almeida,Córdoba
Carne,2.04,5,2025-07-31,Julieta Buendía Manrique,Soria
Leche,9.53,9,2026-03-20,Débora Barbero Valle,Almería
Café,12.73,3,2025-11-29,Maximiano Robles Gracia,Vizcaya
Carne,7.23,2,2025-07-05,Cipriano Uribe-Lobo,Asturias
Azúcar,1.37,9,2025-06-17,Marcela Angélica Pardo Corominas,Albacete
Aceite,11.97,10,2026-04-03,Asdrubal Simón Pelayo Lucas,Palencia
Pan,15.86,10,2026-05-09,Noa Mateos Doménech,Huelva
Carne,16.42,5,2026-03-03,Martirio Fábregas,Navarra
Arroz,7.31,3,2025-10-25,Natalia Alcolea Calvo,Girona
Carne,3.98,5,2026-02-01,Chuy Rivero Araujo,Salamanca
Arroz,15.41,2,2026-04-24,Nilo Vaquero Rosell,Albacete
Aceite,2.94,10,2025-11-10,María José Mendez Moll,Baleares
Azúcar,2.47,3,2025-12-12,Felicia Angelina Carbó Carpio,Málaga
Azúcar,17.46,10,2025-10-24,Concha de Boada,Soria
Pan,18.79,4,2025-10-20,Eli Paniagua-Andreu,Ourense
Azúcar,19.26,8,2025-11-27,Renata Vaquero Galan,Burgos
Leche,3.41,3,2026-02-06,Tamara Boada-Alba,Lugo
Leche,19.27,10,2025-11-28,Eusebia Vicente Gálvez,Tarragona
Leche,4.02,3,2026-03-11,Paulina España Carvajal,Córdoba
Café,1.65,4,2025-12-02,Jesús Humberto Rodrigo Gual,Salamanca
Queso,5.82,6,2025-05-31,Brunilda Hoyos Marquez,Badajoz
Queso,1.18,1,2025-11-12,Jessica Nicolau Medina,Teruel
Queso,15.12,2,2025-07-21,Mariano Donoso,Asturias
Pan,16.09,6,2026-05-08,Ismael Luque Sureda,Albacete
Aceite,19.89,2,2025-10-09,Esperanza Fortuny Manrique,Las Palmas
Huevos,18.49,9,2025-09-18,Mariano del Ortega,Ciudad
Arroz,2.34,8,2026-05-22,Xavier Torrent Ballesteros,Álava
Leche,1.98,10,2025-12-10,Apolinar Rosell-Viña,Burgos
Pollo,14.64,4,2026-03-21,Amelia Paz Cañizares,Huesca
Carne,18.34,2,2025-06-02,Genoveva Bravo-Viñas,Vizcaya
Azúcar,15.79,8,2025-08-09,Nicolasa Merino Ribera,Albacete
Azúcar,17.05,2,2025-10-02,Carmen Andres,Álava
Arroz,11.63,4,2026-01-10,Juan Carlos Frías,Salamanca
Aceite,6.31,8,2025-06-28,Luís de Hidalgo,Ávila
Arroz,6.97,6,2026-02-19,Malena Mas,Lugo
Leche,11.39,4,2026-05-04,Joaquín del Vaquero,Lugo
Pan,9.25,4,2026-03-04,Lorena Vilalta-Pinto,Valladolid
Queso,3.22,2,2025-08-05,Leticia de Infante,Córdoba
Pollo,16.56,1,2025-09-12,Ambrosio Cabello Barranco,Lleida
Pollo,17.84,5,2026-01-03,Lara Huertas,Lugo
Arroz,16.65,1,2026-03-22,Rosario Frías Cánovas,Valencia
Queso,8.33,5,2026-05-13,Carolina Carreño Aguirre,Álava
Pollo,2.6,3,2025-09-21,José Luis Rosado Blasco,Ceuta
Pan,18.16,10,2025-11-18,Almudena del Valero,Alicante
Huevos,6.63,10,2025-11-27,Curro Peralta Manzanares,Cádiz
Arroz,18.47,2,2025-10-21,Eufemia Botella-Vaquero,Cantabria
Carne,2.48,8,2025-08-13,Liliana Renata Arévalo Almagro,Teruel
Huevos,5.15,1,2026-04-09,Julián Santamaria Perez,Córdoba
Aceite,1.22,1,2026-04-29,José Guillén Roura,Jaén
Azúcar,16.38,4,2025-06-05,Arturo Benito Santamaria Vendrell,León
Café,18.95,8,2025-11-23,Elpidio Cazorla Abellán,Toledo
Aceite,4.63,3,2025-10-21,Isidora Acuña Tapia,Guipúzcoa
Café,9.95,3,2026-03-15,Vito Álamo,Álava
Azúcar,13.46,4,2025-07-28,Tito Sevillano,Valladolid
Café,9.14,1,2026-04-27,Pánfilo Fonseca-Mena,Ciudad
Huevos,6.83,10,2025-06-16,Pepito Miranda-Gomis,Barcelona
Leche,14.94,4,2026-02-20,Zaida Ros Company,Ceuta
Café,8.81,9,2026-04-22,Ramiro Segura Acevedo,Melilla
Leche,15.36,7,2025-09-05,Cándida Arribas Herrero,Santa Cruz de Tenerife
Arroz,0.5,4,2025-10-20,Moreno Isidro Llamas Codina,Soria
Leche,12.17,1,2026-01-31,Wilfredo Llanos Abascal,La Rioja
Pollo,15.16,4,2025-10-22,Jose Tomás Bastida,Asturias
Queso,17.91,6,2025-08-12,Susana Calzada Trillo,Lugo
Azúcar,13.78,7,2026-02-15,Gloria Trujillo Olivé,Pontevedra
Café,9.43,2,2025-08-27,Blas Ciríaco Verdú Amorós,Guadalajara
Azúcar,6.07,5,2025-07-26,Pascual Botella Ledesma,Jaén
Pan,15.26,7,2025-06-06,Inmaculada del Mercader,Huesca
Café,19.16,5,2026-04-18,Tania Rebollo Morell,Cuenca
Aceite,6.81,8,2025-11-08,Soraya Salgado Jordán,Ávila
Huevos,2.9,9,2025-10-12,Marcio Godoy Lerma,Vizcaya
Carne,2.01,10,2026-01-03,Manu Carretero,Soria
Leche,3.98,9,2025-12-14,Máximo Manzanares Delgado,Santa Cruz de Tenerife
Carne,10.66,4,2025-12-01,Belen Flor Rubio,Ceuta
Café,1.24,5,2026-01-21,Pepito Vicens,La Coruña
Carne,3.1,7,2026-04-24,Teobaldo Roselló Sanabria,León
Huevos,12.5,6,2025-11-10,Marcelino Martorell Suárez,Huesca
Queso,2.51,2,2026-02-19,Jacinto Alberto Pellicer,Madrid
Queso,13.25,9,2025-06-19,Íñigo de Barriga,Huelva
Queso,5.3,4,2025-12-30,Chita Piquer-Dueñas,Málaga
Pollo,3.57,2,2026-01-11,Paloma Arnaiz Andreu,Granada
Queso,3.35,5,2026-03-11,Montserrat Cano Cases,Lleida
Leche,17.38,7,2025-07-21,Manu Sanz Sotelo,Guipúzcoa
Pan,3.64,10,2026-04-27,José Luis Rodriguez Vilalta,Ceuta
Pan,4.51,5,2026-05-15,Maite del Río,Santa Cruz de Tenerife
Huevos,15.72,6,2026-04-12,Magdalena Higueras Moya,Baleares
Leche,5.03,10,2025-09-13,Armida Borja Garriga,Ávila
Azúcar,15.38,6,2025-07-04,Claudio Pons Cortina,Asturias
Leche,11.7,9,2026-03-24,Loida Rivera Cerdá,Valladolid
Leche,13.2,10,2025-06-23,José Sierra-Solsona,Córdoba
Azúcar,9.21,6,2025-07-21,Domitila Quintanilla,Teruel
Pollo,13.0,6,2026-01-07,Dominga Amigó Fortuny,Barcelona
Arroz,16.71,5,2025-09-09,Manuela Tudela-Román,León
Carne,15.16,1,2026-03-24,Olivia Otilia Galindo Cózar,Zamora
Pollo,1.5,8,2026-03-08,Nilda Cánovas Reyes,Soria
Pollo,5.25,9,2025-07-27,Sabas Landa Alegria,Soria
Aceite,8.62,8,2026-01-04,Matilde Andrade Gámez,Palencia
Pollo,0.57,10,2025-10-27,Víctor Raimundo Calatayud Lastra,Badajoz
Aceite,1.75,7,2025-07-02,Victorino Ciro Ortuño Cabo,León
Arroz,7.49,8,2026-02-02,Patricia Montalbán Lucena,Tarragona
Queso,11.75,4,2026-01-12,Adalberto Sabater Soler,Huesca
Azúcar,12.5,8,2025-12-28,Toribio Vazquez Lara,Barcelona
Pan,8.19,8,2025-07-31,Martin Heliodoro Acevedo Canales,Teruel
Queso,12.27,4,2025-06-25,Héctor Julio Múgica Alfonso,Burgos
Queso,10.19,5,2025-07-02,Teodora del Araujo,Madrid
Arroz,2.83,4,2025-12-06,Félix Espejo-Arrieta,León
Aceite,1.86,6,2026-02-19,Adelardo Escrivá Briones,Huesca
Aceite,19.11,10,2025-12-23,Jessica Rivas Carpio,Palencia
Leche,18.9,2,2025-10-15,Encarnita Barrio,Guipúzcoa
Leche,18.83,3,2025-09-10,Rosa María Salomé Rosado Morillo,Teruel
Huevos,10.23,9,2025-08-01,Rogelio Vazquez Haro,Lleida
Café,12.36,7,2025-10-18,Candelas Francisco Folch,Ourense
Carne,11.61,1,2026-04-15,Tiburcio del Merino,Guadalajara
Pollo,5.26,1,2025-06-19,Heliodoro Quintanilla,Teruel
Arroz,15.1,8,2026-04-03,Albano Escolano Marí,Palencia
Pan,6.02,7,2026-04-02,Vicente Alba Priego,Murcia
Carne,10.05,2,2025-08-16,Emigdio Agapito Bermudez Alcalá,Soria
Carne,5.75,10,2026-02-05,Nicanor Villegas Baró,Granada
Pollo,8.94,9,2025-11-28,Teobaldo Nicolás Bastida Abascal,Pontevedra
Azúcar,12.4,1,2026-02-20,Feliciana Rocamora Benavente,Pontevedra
Aceite,17.16,7,2026-02-09,Adelardo Ripoll Pastor,Zamora
Leche,9.49,2,2025-07-14,Leonor Alemán Saez,Santa Cruz de Tenerife
Leche,11.27,5,2025-08-24,Albert Requena Sáez,Álava
Leche,10.41,6,2026-02-08,Sebastián Rovira Castelló,Córdoba
Pan,9.89,7,2026-01-26,Gil Macías Montenegro,Lleida
Arroz,14.6,4,2025-09-20,Baudelio Mayol Marquez,Jaén
Pan,16.67,8,2026-05-24,Alejandra Rincón Soriano,Ávila
Pan,14.03,4,2026-02-23,Victor Sierra Vázquez,Teruel
Carne,13.39,2,2026-05-08,Maximiano Palomar Tur,Ciudad
Huevos,15.01,6,2026-03-08,Azahara Lopez,Castellón
Carne,7.78,7,2025-10-03,Alfonso del Paredes,Huelva
Aceite,3.27,6,2026-01-21,Zaira Bonet,Barcelona
Café,4.95,5,2026-03-23,Saturnino Eutropio Ortiz Mayoral,Jaén
Aceite,5.28,1,2025-08-17,Leocadio Solera Castells,Santa Cruz de Tenerife
Pan,10.99,3,2025-09-20,Evita Nieto-Belda,Madrid
Café,12.34,10,2026-04-11,Graciano García,Cantabria
Azúcar,16.44,4,2025-08-28,Carolina Lozano Menendez,Guipúzcoa
Aceite,12.82,5,2026-05-12,Nazario Isidoro Andreu Dávila,Soria
Huevos,8.91,8,2026-03-12,Valerio Sala Sobrino,Álava
Arroz,1.72,10,2025-11-19,Cayetano de Almagro,Huesca
Aceite,13.19,1,2025-09-24,Verónica Puig Priego,Jaén
Aceite,5.3,6,2026-02-01,Tania Almansa Acevedo,Soria
Aceite,1.98,3,2025-07-28,Espiridión Garriga Escamilla,Sevilla
Huevos,16.03,3,2025-07-30,Jaime Águila Landa,Badajoz
Leche,16.27,7,2025-12-23,Santiago Ripoll,Guadalajara
Pan,18.4,4,2025-12-21,Pío Sotelo Pi,Palencia
Arroz,1.42,10,2026-04-03,Consuelo Fanny Donoso Guitart,La Rioja
Queso,8.73,7,2026-05-09,Zaira Pomares Benavente,Burgos
Aceite,18.89,1,2026-01-13,Angelino Parra Ortiz,Ávila
Café,18.92,9,2025-10-24,Segismundo Zamorano Ribes,Valencia
Pan,18.75,8,2025-12-01,Graciela Chacón Nevado,Granada
Aceite,11.66,2,2026-05-10,Jose Luis del Ribera,Guadalajara
Pan,8.83,8,2025-10-12,Angélica de Cuervo,Cuenca
Arroz,8.95,10,2025-08-07,Vinicio Girona Gascón,La Coruña
Azúcar,12.43,8,2025-07-10,Ofelia Aguiló Samper,Pontevedra
Azúcar,14.88,3,2025-11-04,Sandalio Zapata,Cáceres
Huevos,9.86,10,2025-11-04,Fidela Guiomar Guijarro Morán,Alicante
Queso,7.44,2,2026-03-01,Marianela Anita Heras Sedano,Melilla
Café,6.32,8,2025-08-21,Espiridión Bermúdez Chico,Asturias
Carne,3.14,10,2025-12-11,Lucía Espinosa Gámez,Castellón
Carne,15.36,2,2025-08-02,Esteban Barreda-Asensio,Álava
Aceite,0.77,7,2026-03-03,Aristides Terrón Baeza,Barcelona
Leche,5.26,8,2025-11-25,Bernardo Llorente Hoz,Badajoz
Café,1.33,8,2026-05-01,Artemio Cobos Villalobos,Almería
Pollo,7.57,4,2026-04-17,Seve Díaz Escribano,Barcelona
Pollo,9.78,2,2025-08-19,Pío Jose Angel Criado Marín,Zamora
Huevos,13.35,9,2025-09-04,Saturnina Camino Barrios,Palencia
Azúcar,15.36,9,2026-02-05,Xiomara Amador Ayala,Toledo
Huevos,10.0,7,2026-04-28,Eli Pina,Girona
Huevos,1.99,10,2025-06-30,Nacio Moliner Plaza,Teruel
Pan,15.72,9,2026-02-10,Gabriel Nilo Cal Viana,Ávila
Arroz,5.47,3,2025-10-03,Godofredo Almagro Ángel,León
Pollo,14.84,10,2026-05-17,Omar González Acero,Álava
Leche,8.89,1,2026-04-29,Modesta Ureña Feliu,Valencia
Arroz,14.7,10,2025-07-10,Cristóbal Escalona Llopis,Cáceres
Azúcar,7.62,1,2026-04-26,Haydée Colom Velázquez,Cantabria
Azúcar,14.21,10,2025-09-09,Desiderio Expósito Solís,La Coruña
Huevos,18.0,5,2025-07-11,Susanita Cánovas Acevedo,Cantabria
Queso,15.81,6,2026-02-04,Irma Arnaiz,Burgos
Aceite,4.4,10,2025-10-15,Noé Mata-Andrés,Navarra
Azúcar,16.57,3,2026-03-20,Abril de Escudero,Barcelona
Carne,16.73,3,2026-04-19,Aroa Llamas-Vega,Lleida
Azúcar,0.93,7,2026-05-13,Blanca Montesinos Morillo,Las Palmas
Huevos,18.34,1,2025-10-14,Sebastián de Redondo,Jaén
Queso,7.81,2,2025-11-23,Severiano Juárez,La Rioja
Carne,3.83,5,2025-07-20,Manolo Roldán-Gabaldón,Castellón
Azúcar,4.93,9,2025-12-30,Borja Gárate,Asturias
Azúcar,9.74,1,2025-10-09,Serafina Córdoba Coloma,Teruel
Queso,14.34,8,2025-07-12,Remigio Gisbert Alberto,La Rioja
Arroz,19.23,8,2025-11-11,Carmelita Godoy-Andrade,Málaga
Azúcar,7.78,6,2025-08-26,Duilio Zapata Jaume,Murcia
Queso,4.86,7,2025-08-28,Domitila Gámez Godoy,Córdoba
Huevos,6.25,5,2026-05-09,Ibán Abril Jaume,Baleares
Queso,9.34,6,2026-04-12,Andrea Carmen Murillo Baeza,Soria
Queso,19.35,2,2026-03-20,Lina Montes Busquets,Asturias
Arroz,5.71,7,2025-11-28,Eligio Vila Carrasco,Badajoz
Aceite,16.48,10,2025-08-16,Susana Dolores Perelló Leiva,Soria
Leche,2.66,7,2026-04-30,Roque de Alberto,León
Café,14.83,2,2025-09-24,Anselma Bermudez,Córdoba
Huevos,6.47,9,2026-02-22,Geraldo Nicanor Sanmiguel Corominas,Ceuta
Azúcar,12.94,5,2025-06-04,Cristian Solé Rosado,Segovia
Carne,5.98,7,2026-04-08,Albino Cobo Pacheco,Córdoba
Azúcar,8.26,9,2025-12-22,Ariel de Pelayo,Barcelona
Aceite,10.67,8,2026-04-09,Custodio Izquierdo Ayllón,Madrid
Arroz,19.51,4,2026-04-13,Nacho Marcelino Iniesta Castellanos,León
Aceite,17.28,1,2025-09-25,Lourdes de Rivera,Melilla
Azúcar,6.03,3,2026-05-24,Máximo Castilla Estevez,Barcelona
Queso,6.92,3,2025-10-13,Mar del Carrera,Lleida
Huevos,13.07,5,2025-10-07,Clotilde Domingo Catalá,Salamanca
Huevos,8.08,9,2026-01-14,Lourdes Gonzalo Hurtado,Málaga
Café,9.84,6,2026-05-14,Cecilia Espada Parejo,Castellón
Pan,7.59,4,2025-05-28,Cayetano Guerrero,Teruel
Queso,5.9,4,2026-02-03,Maribel Carlota Balaguer Aparicio,Lugo
Carne,17.89,1,2026-03-08,Primitivo de Antúnez,Albacete
Huevos,19.09,10,2026-05-21,Geraldo del Marquez,La Rioja
Azúcar,1.98,1,2025-06-07,Isaías del Naranjo,Ávila
Azúcar,13.92,8,2026-04-30,Vidal Revilla-Fábregas,Melilla
Carne,15.04,5,2026-05-16,Pepita Pavón-Camacho,Cádiz
Leche,2.61,9,2025-09-18,Teodosio Pla Andrade,Murcia
Pollo,2.86,1,2026-04-06,Luis Ángel Eutropio Fuertes Camps,Segovia
Arroz,1.88,9,2026-03-07,Angelina Manjón Miró,Pontevedra
Café,9.98,9,2026-01-04,Anselma Adán Dávila,Huesca
Huevos,10.23,3,2025-10-17,Magdalena de Salas,Castellón
Huevos,5.2,8,2026-05-04,Darío Ildefonso Duarte Bustos,Cuenca
Carne,17.9,7,2026-01-24,Jimena Hernandez González,Teruel
Pollo,18.49,9,2025-09-22,Abigaíl Rivas Bejarano,Cantabria
Queso,15.87,10,2026-05-17,Blanca Girón Moliner,Palencia
Pollo,10.88,6,2025-08-07,Jaime Arrieta Coca,Murcia
Pan,18.72,1,2026-03-09,Martina Irene Blanca Villalobos,Castellón
Azúcar,12.68,4,2025-07-01,Violeta del Morell,Barcelona
Pan,5.01,6,2026-02-17,Flavia Ferrando Salinas,Ourense
Queso,16.7,3,2025-09-24,Candelaria Hernandez Pons,Navarra
Pollo,19.57,8,2025-08-05,Wálter Román Aznar,Navarra
Azúcar,11.32,4,2026-03-25,Yaiza Nuñez Lobo,Pontevedra
Huevos,1.22,6,2026-05-24,Amparo Barbero,Córdoba
Carne,7.27,9,2025-09-02,Hipólito Manuel-Peláez,Barcelona
Pollo,10.57,6,2026-03-14,Tatiana Bernad-Cases,Tarragona
Queso,15.71,4,2025-06-21,Josep de Ferrer,Ourense
Pollo,15.45,3,2025-11-30,Chema Casares Infante,Valladolid
Café,12.71,7,2026-02-06,Natanael Melero-González,Cantabria
Queso,19.79,6,2026-05-20,Hermenegildo Moll Montes,Santa Cruz de Tenerife
Aceite,7.49,9,2025-11-08,Samu Armas-Garrido,Palencia
Queso,11.52,10,2025-07-17,Tiburcio Pedrero Nicolás,Vizcaya
Arroz,14.41,1,2025-06-18,Félix Rodriguez Bayón,Vizcaya
Queso,13.3,8,2025-07-19,José Luis del Fajardo,Baleares
Café,9.64,6,2025-05-30,César Chaparro,Lugo
Azúcar,3.14,5,2025-06-18,Rogelio Carbajo Rosado,Córdoba
Carne,16.44,4,2025-08-17,Emigdio Marin,Teruel
Azúcar,14.45,9,2026-02-01,Nayara del Perales,Huelva
Huevos,15.88,2,2025-07-02,Miguel Ángel Cabezas-Becerra,Granada
Café,17.8,3,2025-07-31,Heraclio Navarro Sabater,Melilla
Queso,18.78,7,2025-09-29,Amado Ballesteros Teruel,Navarra
Aceite,17.0,6,2025-09-02,Cecilia Coca Morell,Soria
Queso,14.97,8,2025-09-25,Carmelo Gomila,Ceuta
Carne,8.43,9,2025-12-13,Josefina Villar Jerez,La Rioja
Pan,0.81,3,2026-03-20,Feliciana de Fuster,Ceuta
Carne,4.84,3,2026-03-22,Marco Julio César Quiroga Mateo,Barcelona
Leche,16.32,2,2025-06-04,Carlos Aguirre Lamas,Jaén
Pollo,7.79,2,2025-09-02,Dora Alberto Barreda,Las Palmas
Pan,9.53,9,2026-05-10,Leonel Benitez Verdú,Baleares
Café,5.77,6,2026-01-26,Adoración Ropero Canals,Las Palmas
Carne,16.61,7,2025-09-06,Sarita Pina-Tur,Navarra
Queso,17.99,2,2025-12-12,Jose Ignacio Jerez Sánchez,Soria
Carne,17.29,3,2026-02-23,Javier Piquer,Cádiz
Carne,11.86,10,2025-12-09,Santiago del Rozas,Cantabria
Queso,13.11,10,2025-06-18,Leonor Ros,Almería
Carne,7.85,9,2026-01-07,Emma Granados-Pulido,La Coruña
Azúcar,19.24,10,2025-12-05,Modesta Campo Valcárcel,Huelva
Carne,8.37,7,2025-08-25,Trinidad Gallart Abella,Guadalajara
Arroz,17.07,4,2025-09-17,Ainara Carrasco Quintanilla,Ceuta
Café,19.93,6,2026-03-14,Angelino de Lobato,Albacete
Café,14.52,5,2025-11-08,Elpidio Roura Cueto,Baleares
Azúcar,2.12,3,2025-11-09,Flora Jordá Marqués,Las Palmas
Aceite,16.04,2,2025-12-14,Rosalina Ligia Iniesta Sánchez,Cádiz
Carne,0.56,3,2025-07-17,Natanael de Duque,Toledo
Azúcar,19.17,4,2025-10-20,Guadalupe Carlito Valderrama Torrens,Cáceres
Leche,3.24,6,2025-08-27,Eli Royo Arnau,Granada
Azúcar,9.98,3,2026-01-21,Fito de Castilla,Ciudad
Café,12.18,3,2025-11-23,Pacífica Gisbert Pinilla,Burgos
Pan,6.97,4,2026-02-15,Clarisa Mata Cabañas,Zaragoza
Queso,4.14,7,2026-03-05,Fanny Echevarría Mendoza,Sevilla
Arroz,6.95,2,2025-12-30,Marcela Arias Fernandez,Ourense
Arroz,15.25,3,2025-08-01,Celia del Mena,Cádiz
Café,3.19,1,2025-08-07,Javier Artigas,Almería
Arroz,4.49,9,2025-07-25,Kike del Bárcena,Albacete
Café,8.84,10,2025-07-10,Aarón Puig Tello,Teruel
Café,13.53,2,2025-12-23,Josefina Ferrero,Cuenca
Azúcar,19.47,1,2025-12-01,Florentina Campoy Echevarría,Ceuta
Aceite,2.56,7,2026-03-08,Rafa Pastor,Almería
Azúcar,13.83,10,2025-11-15,Nazario Diéguez Martin,Huelva
Aceite,17.27,1,2025-10-17,Sergio Carvajal Beltrán,León
Pollo,17.37,8,2025-06-13,Natividad Canales Berrocal,Málaga
Leche,7.39,10,2025-12-22,Chema Ballesteros Díez,Huelva
Pan,4.08,4,2025-10-17,Bienvenida Plaza-Arnau,Huesca
Leche,3.22,3,2026-03-30,Sabina Morell Mas,Burgos
Leche,2.16,3,2025-10-07,Mireia de Ferrández,Córdoba
Aceite,7.63,1,2025-09-20,Águeda Florentina Feliu Grande,Segovia
Azúcar,4.03,5,2026-04-13,Felisa Castelló Novoa,Ávila
Queso,17.94,1,2025-08-31,Paca Aragón Salas,Guipúzcoa
Arroz,11.05,3,2026-03-24,Itziar del Huerta,Murcia
Pollo,12.18,1,2026-05-17,Isabela Rius Diego,Pontevedra
Arroz,2.34,5,2026-04-25,Flavia Montenegro Sanz,Huesca
Huevos,11.51,7,2025-07-17,Julia del Clavero,Asturias
Aceite,13.08,5,2025-06-30,Alfredo Oller Larrea,Guadalajara
Café,10.45,9,2025-08-20,Marcio de Blanch,Badajoz
Queso,0.93,2,2025-06-05,Marianela Amaya-Haro,Zamora
Pan,3.17,5,2025-12-24,Joaquina Salazar-Pérez,Guipúzcoa
Carne,16.2,2,2025-12-07,Olimpia Amaya Quesada,Almería
Pan,7.54,6,2026-03-22,Asdrubal Rios-Jódar,Soria
Pan,10.51,10,2025-07-14,Marcelo Herrero Ramón,Zaragoza
Carne,17.36,5,2026-04-01,Elvira Edelmira Cabo Lumbreras,La Rioja
Azúcar,6.55,6,2025-09-10,Jessica Sosa Diego,Albacete
Pollo,18.91,7,2025-09-26,Casandra Blazquez Torre,Valencia
Pan,15.02,10,2025-11-01,Verónica del Riquelme,Cuenca
Aceite,13.09,10,2025-12-20,Gaspar Ferrández Bellido,Navarra
Huevos,14.37,3,2025-08-28,Darío Mora Cañellas,Huelva
Pollo,19.27,2,2026-03-09,Jose Ignacio Casal Caro,Albacete
Azúcar,8.71,2,2026-04-18,Eliseo Busquets Cordero,Madrid
Leche,13.41,5,2026-01-06,Nacio Castejón Espada,Granada
Azúcar,7.34,5,2025-06-22,Renato Correa Landa,Zamora
Carne,4.67,1,2026-03-22,Angélica Vicens Larrañaga,Ciudad
Carne,15.63,7,2025-07-06,Leonor Abascal,Cuenca
Leche,12.89,10,2026-05-27,Edmundo Macías Manjón,Badajoz
Arroz,12.45,3,2026-04-06,Guadalupe Cobos Beltrán,Soria
Café,1.35,1,2026-05-13,Maxi Velasco Bejarano,Córdoba
Carne,2.45,3,2025-10-31,Aitor Dominguez Estrada,Toledo
Café,15.46,3,2026-04-05,Raimundo Carvajal Catalán,Ávila
Azúcar,4.89,3,2025-07-10,Elena del Llabrés,La Coruña
Carne,10.33,8,2025-08-30,Salomón Figueroa Salas,Ávila
Leche,4.38,8,2026-02-08,Julie Llano-Echevarría,Navarra
Arroz,16.23,8,2025-09-01,Fulgencio Oliveras Enríquez,Jaén
Pan,13.09,4,2026-04-16,Melania Vives Martinez,La Rioja
Huevos,12.04,10,2025-08-03,Santos Llamas Almeida,Murcia
Pollo,6.73,10,2025-08-31,Toni Montaña,Salamanca
Pollo,3.6,8,2025-06-08,Amanda Iñiguez Sans,Jaén
Huevos,14.39,8,2025-12-03,Diana Sáez Duque,Segovia
Arroz,3.44,2,2025-06-06,Amparo Camino Sáenz,Segovia
Aceite,18.45,2,2025-12-13,Saturnino Vázquez Carro,Burgos
Arroz,15.94,9,2025-07-01,Jose Ledesma Agudo,La Rioja
Pollo,14.86,3,2025-08-29,Esther Cadenas Cuadrado,Soria
Carne,4.27,4,2025-11-27,Lorenzo Pla Esteve,Ávila
Café,3.33,6,2025-11-21,Román de Somoza,Palencia
Café,10.36,2,2025-06-23,René del Pedrero,La Coruña
Pan,0.67,8,2026-04-14,Vicente Cándido Cordero Codina,Zamora
Arroz,9.35,6,2026-01-21,Haydée Leal-Alcántara,Albacete
Café,7.85,6,2025-11-14,Luciano de Mármol,Salamanca
Carne,1.22,2,2025-08-18,Adora Agustí Coronado,Palencia
Carne,19.49,8,2026-02-25,Amílcar del Diez,La Coruña
Carne,15.11,5,2025-09-05,Yolanda Julia Cid Cárdenas,Lugo
Huevos,19.92,4,2026-02-19,Remedios Gómez Navarrete,Ourense
Arroz,1.86,8,2026-01-06,Prudencio Elías Duque,Soria
Azúcar,3.38,9,2025-07-18,Hortensia Frutos Ledesma,Barcelona
Azúcar,7.04,6,2026-01-22,Eliana Baena Palacio,Castellón
Carne,6.43,6,2025-10-29,Ulises Eduardo Viña Castro,Baleares
Pollo,8.15,10,2025-12-16,Jovita Leocadia Andrade Doménech,Ávila
Arroz,11.2,10,2025-12-25,Andrea Carretero Flores,Jaén
Café,12.79,4,2025-09-07,Pilar Orozco Posada,Jaén
Azúcar,4.22,7,2026-02-23,César Aguilera Abellán,Asturias
Huevos,8.14,7,2025-11-21,Vilma Reguera Cano,Cádiz
Carne,11.9,1,2025-06-24,Jenny Calvo Montserrat,Toledo
Azúcar,4.84,6,2026-02-07,Jose Ignacio Boada Teruel,Ciudad
Pollo,1.79,5,2026-05-27,Ciriaco Correa Ruiz,Pontevedra
Arroz,15.51,9,2026-04-25,Pía Calderon Fábregas,La Coruña
Queso,3.38,7,2026-02-06,Delia Giner Quesada,Málaga
Queso,12.3,9,2025-09-05,Alcides Gracia Uriarte,Burgos
Café,1.1,6,2025-06-10,Juan José Falcó Cuevas,Navarra
Azúcar,15.42,5,2025-09-12,Lope Sanjuan Pinedo,Álava
Café,13.08,5,2025-10-23,Merche del Roura,Cádiz
Café,17.58,7,2026-04-24,Montserrat Calderón,Zamora
Queso,14.01,2,2026-03-02,Chus Osorio Gonzalez,Vizcaya
Huevos,18.18,3,2026-02-20,Amarilis Peiró Báez,Albacete
Queso,15.87,8,2025-12-19,Sergio Cañellas,Granada
Café,15.18,5,2026-05-19,Tamara Espinosa Olivé,Cuenca
Carne,8.96,7,2026-01-09,Dafne Alvarado Prat,Albacete
Huevos,13.47,7,2025-12-02,Alba del Cobos,Soria
Azúcar,8.36,3,2025-06-04,Dora Garzón Campoy,Huesca
Leche,14.05,1,2026-03-12,Julieta Roselló Agustín,Badajoz
Arroz,1.12,9,2026-02-07,Teresa Aranda-Pol,Málaga
Pan,8.02,9,2026-02-17,Leyre Manzano Sanmiguel,Huelva
Arroz,12.82,10,2026-02-24,Abel Jáuregui,Badajoz
Pollo,8.02,5,2026-04-12,Domitila Azorin Morán,Albacete
Carne,14.23,10,2025-08-04,Amelia Rey Guillén,Vizcaya
Carne,10.81,5,2025-05-31,Nicodemo de Canet,Zaragoza
Aceite,3.13,3,2025-06-19,Elba Ferreras Elías,Guadalajara
Pollo,16.51,6,2025-07-25,Rafaela Escamilla Tomé,La Coruña
Huevos,8.87,1,2025-06-23,Reynaldo de Puga,Jaén
Café,2.95,1,2026-03-14,Julia Verdejo Costa,Ourense
Aceite,11.98,1,2026-01-24,Anabel Pagès Narváez,Huesca
Huevos,9.46,8,2025-11-27,Consuela Bustamante Vázquez,Granada
Café,12.64,5,2025-07-09,Anastasio Zaragoza,Zamora
Arroz,3.82,1,2025-10-29,Malena Río Ángel,Almería
Queso,19.82,9,2025-10-17,Martina del Berrocal,Murcia
Aceite,8.38,3,2025-11-10,Cándido de Marí,Ceuta
Arroz,8.89,5,2026-03-09,Néstor Mayol Beltrán,Burgos
Carne,15.48,8,2026-03-31,Anselmo Cifuentes Miranda,Albacete
Pan,12.55,10,2025-12-15,Clemente Ribas Salazar,Pontevedra
Huevos,10.61,4,2025-06-08,Heliodoro Severiano Casals Velázquez,Huesca
Aceite,8.1,10,2026-02-09,Benjamín Alvarez-Verdejo,Cáceres
Azúcar,13.67,6,2025-12-30,Urbano Mata Palacio,Palencia
Leche,12.83,6,2025-12-05,América Acedo Solsona,Zaragoza
Leche,11.7,8,2025-12-18,Segismundo Fuster Herrero,Guadalajara
Aceite,3.26,2,2025-09-17,María Teresa del Agustín,Sevilla
Carne,16.61,2,2026-03-26,Liliana Fabra Camacho,Cáceres
Café,12.69,2,2025-10-29,Cleto Crespo Sáez,León
Leche,16.77,10,2025-10-15,Rosaura Sánchez Carrasco,Segovia
Arroz,14.4,3,2026-01-25,Roldán Porta Rosell,Ourense
Queso,19.09,7,2025-09-22,Benjamín Ferrando Viñas,Baleares
Arroz,11.71,2,2025-06-01,Remedios Emilia Benítez Pascual,Huelva
Carne,16.16,8,2026-05-20,Nazaret Ayuso Coello,Lugo
Huevos,5.83,10,2026-03-14,Darío Sigfrido Puig Llorente,Guipúzcoa
Café,8.77,7,2026-03-09,Chuy Girona Quesada,Almería
Leche,12.45,1,2025-06-22,Tomasa Cases-Varela,Baleares
Huevos,5.1,7,2026-02-05,Julio Fernandez Huguet,Cantabria
Aceite,2.77,10,2025-09-15,Arturo Lucas,Sevilla
Pollo,1.43,10,2025-08-13,Atilio Gonzalez Benavides,Madrid
Café,16.94,10,2025-09-30,Cristina Doménech,Ciudad
Arroz,17.3,4,2025-06-23,Ofelia Reina Quiroga,Santa Cruz de Tenerife
Huevos,8.35,4,2026-04-27,Irene Guardia,Burgos
Pan,17.26,4,2025-12-21,Inés Busquets Mínguez,Murcia
Azúcar,17.76,9,2026-05-02,Anna Serra Cabello,Huesca
Leche,6.17,6,2026-04-29,Reyes Roldan Cuadrado,Ceuta
Pan,1.52,6,2026-04-17,Feliciano Montenegro Roig,Pontevedra
Pan,14.98,6,2025-06-25,Antonia Enríquez Borja,Melilla
Azúcar,16.22,4,2025-09-25,Haroldo Barros-Trujillo,Navarra
Aceite,8.68,5,2026-02-08,Odalis Blanco Vilanova,Burgos
Arroz,16.11,4,2025-12-12,Raimundo Manrique-Amador,Salamanca
Queso,7.38,6,2025-10-05,Felisa Cantón Recio,La Coruña
Arroz,8.58,3,2026-04-18,Carolina Valera-Sans,Jaén
Queso,8.14,7,2025-11-20,Macaria Mínguez Falcón,Álava
Arroz,3.57,3,2026-05-24,Eric Valdés Rodriguez,Tarragona
Pollo,6.46,3,2026-03-31,Otilia Boix Cazorla,Córdoba
Huevos,17.61,10,2025-10-23,Ángel Roda,Baleares
Azúcar,3.33,9,2025-12-18,América Cózar Peralta,Santa Cruz de Tenerife
Carne,17.38,4,2026-01-10,Gil Sastre Aznar,Córdoba
Leche,3.65,2,2025-12-22,Bibiana del Bilbao,Alicante
Leche,19.1,7,2026-02-10,Hilario Ayllón Grande,Guipúzcoa
Azúcar,16.84,6,2026-04-05,Emma Candelas Simó Pina,Castellón
Azúcar,13.85,6,2025-08-01,Fabricio Tomás Arribas Cornejo,Málaga
Queso,14.81,6,2026-04-11,Maximiano Luís Carrillo,Alicante
Carne,3.28,2,2026-01-28,Baltasar Pareja Jara,Cuenca
Arroz,5.13,9,2025-12-23,Federico Canals Rius,Alicante
Azúcar,13.48,3,2026-04-12,Sergio Fulgencio Cámara Valenzuela,Zamora
Pollo,16.89,6,2025-07-02,Rosa de Toro,Granada
Azúcar,10.93,4,2025-07-05,Marcio Heraclio Tejedor Macias,Segovia
Arroz,13.16,8,2025-09-20,Goyo Andrés,Cádiz
Queso,5.07,9,2025-10-12,Concha Olivares Terrón,La Coruña
Azúcar,7.13,7,2025-07-01,Juan Pablo Valera Quirós,Guadalajara
Arroz,0.79,3,2025-07-17,Estrella del Dávila,Vizcaya
Azúcar,4.48,8,2026-05-04,Brígida Macías Jurado,Melilla
Queso,15.89,9,2026-03-17,Jesús Molina Pazos,Toledo
Pollo,8.29,4,2025-12-17,Elvira de Calzada,Albacete
Huevos,4.3,4,2025-10-20,Eva del Torrent,Lleida
Huevos,15.41,4,2025-12-12,Luis Flor-Bermudez,Ceuta
Azúcar,2.31,1,2025-07-05,Renato Castrillo Caparrós,Soria
Pan,3.61,5,2025-07-07,Samu Cabañas Morera,Ourense
Arroz,15.77,10,2025-05-29,Adán Bonet,Teruel
Azúcar,9.32,4,2025-12-13,Jose Luis Aroca Mancebo,Badajoz
Pollo,6.35,1,2025-11-24,Encarna Bayona Expósito,Murcia
Café,6.98,10,2026-04-23,Ricarda de Tur,La Coruña
Queso,17.42,3,2026-01-07,Guiomar Valbuena,Córdoba
Café,17.76,10,2025-12-20,Benita Escamilla-Somoza,Granada
Carne,11.79,3,2025-07-11,Candelas Cervantes Giralt,Baleares
Queso,17.87,4,2025-10-11,Duilio Leopoldo Barberá Solano,Baleares
Queso,1.29,6,2025-09-25,Marisol Concepción Montalbán Mateos,Tarragona
Pollo,19.43,3,2026-02-17,Silvia Máxima Gómez Cid,Melilla
Azúcar,13.85,9,2025-07-28,Eligia Batlle Morán,Cádiz
Café,5.75,4,2025-08-10,Herminio Serrano Pi,Albacete
Queso,7.16,3,2025-07-05,Vanesa Alemán Marí,Ávila
Pan,14.11,8,2026-03-25,Adelardo Pinilla Barrena,Toledo
Café,10.95,4,2025-12-04,Isaura Ortuño Porta,Lugo
Queso,10.04,4,2025-12-02,Delia Franch Cabrera,Salamanca
Pan,8.85,6,2025-06-16,Maxi Cañete Cantero,Cáceres
Pollo,4.93,3,2025-10-23,Evangelina Crespo Escribano,Madrid
Pollo,13.16,9,2025-12-08,Dorotea de Baquero,Badajoz
Pan,13.64,10,2025-09-23,Isaura Cabello,Alicante
Azúcar,16.49,2,2026-03-24,Eufemia Mena-Silva,Castellón
Queso,15.11,8,2025-06-22,Delfina Estrella Benavent Cid,Barcelona
Azúcar,11.45,4,2025-06-20,Benigno Castro Izquierdo,Cuenca
Azúcar,15.63,8,2025-08-16,Bautista David Carbonell Daza,Granada
Arroz,0.52,8,2025-11-16,Valerio Anglada Matas,Navarra
Carne,7.65,6,2026-01-05,Plinio Muro Sobrino,Badajoz
Queso,15.22,2,2025-08-07,Ciríaco Giménez Jódar,Soria
Aceite,17.34,6,2026-05-18,Rubén Amado Varela Garrido,Guipúzcoa
Azúcar,12.85,5,2026-05-13,Feliciana de Montero,Baleares
Pollo,7.02,9,2026-01-08,Abel Gimeno Fábregas,Cáceres
Arroz,9.32,2,2026-03-22,Dorita Otero Gallego,Badajoz
Aceite,15.39,9,2025-06-17,Joaquina de Cabello,Baleares
Carne,16.48,3,2025-11-22,Prudencio Santiago Belda,Tarragona
Pollo,7.68,4,2026-05-06,Noé Lastra,Valencia
Pollo,15.72,7,2025-06-25,Yéssica Heras,Alicante
Azúcar,12.5,9,2026-02-23,Evita Grande-Morell,Cádiz
Queso,10.33,6,2026-04-05,Reyes Pedrosa-Frutos,Córdoba
Pan,9.02,2,2025-07-05,Ruperto Miranda Mena,Huesca
Queso,0.52,8,2025-10-13,Nicolasa Reguera-Bueno,Cáceres
Aceite,11.53,6,2025-10-24,Nerea Raya Figueras,Toledo
Azúcar,16.42,8,2026-01-13,Ale María Del Carmen Llorens Berrocal,Cádiz
Azúcar,18.22,8,2025-12-24,Natalio Cifuentes Marí,Cuenca
Queso,0.71,4,2025-10-22,Chema Cano Salazar,Toledo
Leche,11.57,4,2025-06-03,Arturo de Prats,Álava
Arroz,13.4,4,2025-08-03,Esperanza Vila Bauzà,Santa Cruz de Tenerife
Queso,15.08,2,2026-05-02,Claudio Puga Cid,Jaén
Leche,15.2,7,2026-04-25,Martirio Cabrera Saez,Córdoba
Arroz,17.74,7,2025-07-23,Raimundo Cuenca Pintor,Cádiz
Aceite,18.41,2,2026-04-20,Roberta Seco,Melilla
Leche,15.41,6,2026-01-15,Nadia Menendez Ponce,Las Palmas
Arroz,6.17,1,2025-12-21,Perlita Almeida Roda,Teruel
Aceite,1.55,3,2025-07-15,Ricarda Elorza Mate,Cádiz
Queso,3.54,4,2026-05-09,Martín del Español,Ávila
Aceite,3.15,9,2025-08-22,Silvestre del Mata,Melilla
Carne,15.57,2,2025-10-14,Vidal de Montaña,Ciudad
Azúcar,12.22,4,2025-12-17,Eugenio Morera Mínguez,Granada
Pan,7.61,1,2025-12-02,Rodolfo Armas Pazos,Málaga
Pan,15.67,2,2026-01-19,Blanca Oliveras Benavente,Ávila
Carne,15.06,2,2025-06-13,Noelia Rius Fábregas,Albacete
Arroz,7.56,7,2026-05-18,Oriana Pujol Molina,Palencia
Leche,13.86,8,2026-01-05,Enrique Conde Sabater,Cuenca
Huevos,15.95,9,2025-08-15,Cristina Bernad Pazos,Cantabria
Carne,12.87,3,2025-06-24,Camilo Mayol Martí,Alicante
Pollo,10.9,6,2025-07-18,Edgardo Baquero Garay,Ciudad
Carne,16.49,6,2026-04-03,Edelmiro Iglesia Moraleda,La Rioja
Café,14.27,6,2025-10-05,Bienvenida Mendoza Pizarro,Lugo
Arroz,16.89,8,2025-08-30,Asunción Cobos Huguet,Las Palmas
Leche,6.66,7,2025-11-24,Violeta Sanchez Cabo,Soria
Carne,10.77,6,2026-05-10,Marcelino Aznar Morell,Santa Cruz de Tenerife
Café,9.66,10,2025-07-22,Ricarda Cerro Cobos,Palencia
Queso,5.92,7,2025-09-03,Osvaldo Alcázar Chaparro,Guadalajara
Carne,18.63,1,2026-03-14,Rocío Jesusa Pinto Patiño,Granada
Pan,17.18,2,2025-11-27,Corona Coloma Barco,Cuenca
Huevos,14.34,5,2026-02-15,Evelia Yaiza Goicoechea Barral,Salamanca
Arroz,4.23,5,2026-03-01,Graciana Pombo,Lleida
Azúcar,7.01,1,2025-07-12,Ceferino Pou Quesada,Valladolid
Aceite,10.62,6,2026-03-09,Marta Armas Lillo,Huelva
Azúcar,6.98,5,2025-05-31,Alondra Larrea Batalla,Cantabria
Queso,4.18,9,2025-09-27,Rafael Rivas Teruel,Almería
Arroz,7.54,6,2025-09-27,Petrona Piquer Batalla,Teruel
Café,2.31,7,2026-05-19,Melisa Perales Moraleda,Valladolid
Leche,9.4,10,2026-05-15,José Caro Alba,Valladolid
Arroz,17.79,10,2025-12-17,Albina del Duque,Soria
Arroz,15.16,8,2026-03-19,Haroldo Marcelino Coloma Aroca,Cantabria
Pan,9.65,5,2026-03-30,Pablo Benavides Abril,Segovia
Pan,12.8,3,2026-01-26,Yolanda Luís Cerdán,Álava
Queso,1.21,10,2026-01-23,Selena Roman Ávila,Salamanca
Leche,14.47,4,2025-11-17,Chus Juan Antonio Tomé Vidal,Teruel
Aceite,4.74,10,2025-06-15,Vanesa Oliva Revilla,Málaga
Aceite,10.85,10,2026-02-12,Edelmira Zamorano,Cuenca
Carne,19.23,1,2026-04-28,Lisandro de Carrillo,Santa Cruz de Tenerife
Pan,6.71,3,2025-08-12,Sebastian Sanmartín Asenjo,Cantabria
Azúcar,17.03,2,2025-08-11,Dorita Heras Catalá,Madrid
Café,19.1,10,2026-04-12,Erasmo Bermúdez Márquez,Cuenca
Leche,5.43,7,2025-06-09,Quique Diaz Carvajal,Las Palmas
Leche,13.92,7,2025-09-18,Angélica de Pazos,Málaga
Carne,17.65,4,2025-11-27,Anastasio Borja Guijarro,Sevilla
Café,0.53,6,2026-01-25,Rubén Curro Segura Figuerola,Álava
Queso,18.89,3,2025-12-17,Ainoa Martí Casanovas,Lugo
Queso,17.98,1,2025-09-21,Luna Verdejo Bonet,La Rioja
Pollo,13.34,4,2026-02-04,Ernesto Fábregas Cardona,Almería
Pollo,0.5,1,2025-06-03,Bartolomé Torralba-Pallarès,Alicante
Aceite,1.45,2,2025-11-13,Victoria Puente-Agustín,Navarra
Café,6.97,7,2025-10-10,Albino Menéndez Dueñas,Burgos
Azúcar,0.79,5,2026-05-24,Clementina del Godoy,Guipúzcoa
Queso,6.57,1,2025-12-23,Teodosio Blanca Casal,Palencia
Aceite,15.85,8,2025-12-01,Toño Amores Olivé,Albacete
Carne,11.11,10,2025-11-03,Germán Noé Company Cortes,León
Aceite,14.98,9,2025-07-13,Claudia Evelia Barrena Infante,Ávila
Pollo,17.89,8,2025-05-31,Gonzalo Rivero Ramírez,Sevilla
Queso,16.05,1,2025-09-03,Eligio Cirino Villar Manuel,Ciudad
Arroz,9.92,6,2025-06-18,Eliana Gisbert,La Rioja
Leche,9.98,3,2026-03-26,Primitivo Tena Donoso,Huesca
Arroz,6.48,4,2026-02-25,Josefa Montserrat Duque,Ourense
Pollo,1.97,6,2026-03-26,Leire Lobato-Mendoza,Vizcaya
Leche,1.24,7,2025-09-29,Milagros del Sáez,Zaragoza
Aceite,14.15,10,2025-10-09,Aristides Gonzalo Palmer Torrent,Guadalajara
Queso,4.15,7,2025-09-10,Demetrio Calzada Mármol,Badajoz
Queso,16.45,3,2026-05-03,Jordán Gascón,Ourense
Pollo,8.6,3,2025-10-20,Ángel Miranda Solé,Baleares
Queso,11.31,1,2025-12-13,Amor Reig Manrique,Álava
Azúcar,10.64,8,2025-07-05,Herberto Lamas,Salamanca
Arroz,14.9,8,2026-05-18,Adrián Vilar Ruano,Córdoba
Queso,17.89,9,2025-08-11,Áurea Tecla Navas Ribas,Zamora
Huevos,1.96,1,2025-06-13,Ángela Quintana Noguera,Cuenca
Arroz,16.19,2,2025-08-15,Gastón Infante Fuentes,Guadalajara
Azúcar,1.17,5,2026-02-03,Gerónimo Mayoral Ferrándiz,Albacete
Pan,15.06,4,2026-04-21,Anna Llabrés-Mir,Las Palmas
Azúcar,15.51,9,2025-06-11,Nilo Murillo Sanjuan,Baleares
Carne,12.77,1,2025-06-11,Nuria Casanovas Gargallo,Valencia
Arroz,2.29,7,2026-04-27,Juan Luis Aller Cases,Cáceres
Arroz,7.5,2,2025-12-13,Mohamed Toro-Romero,Málaga
Arroz,17.41,6,2025-06-22,Gracia de Álamo,Barcelona
Carne,8.6,4,2025-11-07,Paz Priego Manuel,Santa Cruz de Tenerife
Leche,19.61,5,2026-04-11,Glauco Martí Macias,Almería
Leche,14.57,2,2026-03-13,Laura Reina Bas,Zamora
Pan,12.21,9,2025-06-14,Atilio Eligio Palacio Girón,Alicante
Azúcar,18.71,8,2025-09-23,Marcial Castejón Sobrino,Salamanca
Café,3.49,9,2025-10-24,Jose Manuel de Saez,La Rioja
Pan,14.65,5,2026-01-19,Américo Prada,Córdoba
Huevos,19.28,4,2026-05-20,Febe Vizcaíno Palomino,La Coruña
Huevos,1.76,6,2026-03-10,Eugenio Leon Abellán,Santa Cruz de Tenerife
Carne,12.52,9,2025-10-06,Evaristo Aguado Llanos,Soria
Leche,18.66,8,2026-02-18,Florina Calista Leiva Solera,Jaén
Azúcar,17.44,6,2026-04-28,Calixta Osuna,Asturias
Café,16.36,7,2025-07-21,Blanca Antúnez Rocamora,Girona
Café,11.36,10,2025-09-09,Manuelita Arranz,Guipúzcoa
Huevos,18.66,1,2025-08-18,Anna Gimenez Montaña,Soria
Leche,2.72,9,2025-06-27,Yolanda del Vaquero,Lugo
Arroz,16.54,4,2025-09-20,Heraclio Gilabert-Pi,Almería
Huevos,10.74,7,2025-10-28,Cloe Juárez Pedrero,Madrid
Café,1.43,6,2025-10-25,Dafne del Puig,Salamanca
Pollo,16.09,4,2025-10-05,Tomasa Comas-Baeza,Navarra
Azúcar,17.56,3,2025-07-20,Íngrid Lara Uriarte,Zaragoza
Carne,6.18,9,2025-07-16,Juan José Fernandez Pinto,Navarra
Queso,13.19,3,2026-03-17,Juan Luis Mora Hoyos,Córdoba
Huevos,9.66,5,2025-10-02,Elisabet Ballesteros,Toledo
Aceite,19.14,8,2025-08-14,León Márquez Sureda,Barcelona
Aceite,12.12,7,2025-10-31,Roberta Espinosa Cantón,Segovia
Azúcar,15.74,1,2025-11-12,Camila Arellano Zamorano,Girona
Pollo,11.99,5,2025-12-07,Maxi Villanueva-Montero,Pontevedra
Arroz,15.39,1,2026-04-16,Noé Garay España,Castellón
Pan,6.16,4,2025-07-15,Adolfo Hernandez-Martin,Alicante
Huevos,6.35,4,2025-06-04,Calixta Polo,Huelva
Queso,9.98,1,2026-03-19,Marcia Nogués Casares,Santa Cruz de Tenerife
Carne,18.13,4,2025-11-14,Venceslás Andreu-Miralles,Tarragona
Arroz,11.9,1,2026-02-23,Melania Arranz-Botella,Cantabria
Leche,0.73,7,2025-09-26,Cloe del Esteban,Ciudad
Queso,7.47,8,2025-10-27,Olivia Diez Pozo,Valencia
Queso,6.79,2,2025-08-28,Diego Gilabert Calvet,Segovia
Huevos,15.65,5,2025-09-05,Sara Prado-Olivé,Pontevedra
Huevos,15.47,1,2025-10-06,Evangelina Bernat Pastor,Huelva
Pan,9.09,4,2025-09-05,Victorino Gomis Baena,Cáceres
Huevos,3.78,7,2026-01-07,Elisabet Galván Tejada,Huelva
Café,11.23,1,2025-12-17,Azucena del Martí,Sevilla
Arroz,1.61,4,2025-09-07,Sancho Morillo Benítez,Tarragona
Leche,6.25,9,2025-08-23,Amanda Roca Arrieta,Huesca
Carne,5.78,7,2025-08-19,Noé Ramos Sandoval,Vizcaya
Arroz,18.6,8,2025-08-14,Sigfrido Manzanares Salom,Soria
Aceite,1.08,9,2025-09-23,Coral Lourdes Castelló Recio,Málaga
Arroz,10.62,7,2025-07-17,Agapito de Avilés,Salamanca
Azúcar,8.46,4,2026-02-24,Amando Aguiló-Isern,Valencia
Pan,17.51,10,2025-12-03,Santos Jara Álvaro,Tarragona
Queso,14.93,8,2026-04-19,Rodrigo Anguita Grande,Cantabria
Queso,15.72,9,2026-05-13,Benigno Vives Iñiguez,Navarra
Pollo,8.58,7,2025-06-17,Jacobo Huguet-Leon,Alicante
Carne,17.97,5,2026-03-13,Gala Ramón Ramirez,Alicante
Carne,4.14,10,2026-05-15,Zoraida de Carrillo,Valencia
Pan,18.71,2,2025-11-22,Sigfrido Sabas Piñol Sanz,Málaga
Azúcar,1.92,6,2025-06-26,Cipriano Ribes,Almería
Huevos,19.41,8,2026-03-01,Martin Teodoro Priego Cadenas,Jaén
Azúcar,15.51,7,2025-06-21,Teodora de Tirado,Granada
Aceite,18.17,3,2025-09-29,Jennifer Briones Benavides,León
Huevos,19.08,5,2026-04-12,Hugo Barrios,Santa Cruz de Tenerife
Leche,7.46,3,2026-02-09,Anna Doménech Tormo,León
Pollo,10.65,9,2026-01-18,Valerio Torres,Baleares
Arroz,5.0,9,2026-03-21,Teresa Jovita Higueras Aguado,Las Palmas
Pan,17.66,1,2026-03-08,Adriana Galván Piñeiro,Tarragona
Café,10.11,3,2026-01-22,Martín Uría Manzano,Lleida
Carne,10.44,5,2026-05-14,Melisa Ugarte Mayo,Madrid
Pan,18.14,10,2025-10-16,Fidel Yáñez Méndez,Zaragoza
Aceite,7.35,7,2026-01-28,Jose Antonio Olmo Villaverde,Valladolid
Queso,10.64,8,2025-10-06,Manuel Giralt Río,Cantabria
Café,10.9,3,2026-01-07,Miguel Ángel Riquelme Cuéllar,Valencia
Carne,2.94,7,2025-11-26,Xiomara Salazar Piñeiro,Vizcaya
Leche,16.54,7,2025-06-20,Inés Bas Arias,Pontevedra
Pan,3.42,1,2026-01-25,Adrián Cañete Toledo,Girona
Aceite,3.35,7,2026-05-02,Lidia Valero,Sevilla
Arroz,13.32,3,2025-10-19,Lorena Ugarte Diaz,Barcelona
Café,10.41,4,2026-03-21,Viviana Saez Soler,Tarragona
Arroz,8.39,6,2025-07-27,Javi Campoy Bustos,Asturias
Queso,14.24,4,2026-04-23,Esteban Leiva Jara,Cuenca
Carne,9.04,8,2025-11-07,María Dolores Ureña-Serna,Navarra
Café,13.69,2,2025-12-03,Domingo Saavedra Gibert,Valencia
Huevos,10.68,8,2025-09-19,Clarisa Barco Ariño,Ourense
Azúcar,2.06,7,2026-04-21,Godofredo Tejero Rozas,Valladolid
Arroz,5.2,7,2025-06-30,Teo Cárdenas Chico,Toledo
Arroz,10.42,8,2026-05-21,Augusto Bru Córdoba,Cáceres
Café,13.26,8,2025-10-21,Juan Pacheco Pedrero,Las Palmas
Carne,1.5,8,2025-11-12,Belén Falcón Aguiló,Valencia
Café,8.07,3,2026-03-24,Paco Dávila Acosta,Ciudad
Aceite,4.63,4,2025-06-03,Daniela Galván Aguilar,Burgos
Aceite,19.92,8,2026-03-16,Emilia Cueto Arco,Navarra
Café,15.98,7,2026-02-26,Teodoro Arana-Quiroga,Madrid
Carne,12.86,8,2025-12-17,Chucho Vicens Navarrete,León
Café,1.44,7,2026-05-08,Constanza Martí Torrecilla,Cuenca
Aceite,18.1,7,2026-05-03,Fito Cifuentes Pizarro,Ceuta
Azúcar,15.5,9,2025-11-02,Martirio de Guzmán,Guipúzcoa
Carne,10.85,8,2025-10-31,Enrique Salvador Bautista,Guipúzcoa
Huevos,14.69,2,2026-01-27,Pancho Albino Barberá Guardia,Ávila
Pollo,7.94,2,2025-09-03,África Olivera Madrigal,Segovia
Pan,9.39,10,2025-08-16,Nazaret Bernarda Cantón Fábregas,Barcelona
Arroz,1.47,10,2026-04-23,Paloma de Arrieta,Álava
Pollo,15.5,3,2025-07-19,Lupe Valencia Diaz,Toledo
Queso,3.36,9,2025-08-21,Micaela Casanova Piña,Alicante
Pan,11.98,1,2025-07-25,Rosalva Salvador-Mariscal,Las Palmas
Leche,14.6,5,2025-06-04,Pili Morillo Hierro,Toledo
Carne,9.31,4,2026-05-05,Jonatan Ramirez Lillo,Madrid
Arroz,4.68,8,2025-08-24,Eusebio Blazquez Navarrete,Castellón
Arroz,17.92,6,2025-11-24,Amador Vergara Cabo,La Coruña
Carne,7.72,9,2025-06-30,Apolinar del Palomares,Toledo
Aceite,15.45,3,2026-04-09,Máxima Salom,Granada
Queso,9.78,10,2025-09-08,Eligio Valero,Lugo
Carne,4.8,8,2025-10-09,Modesto Llopis Alonso,Madrid
Aceite,2.24,6,2026-01-02,Mayte Comas,Asturias
Azúcar,9.47,4,2026-02-02,Néstor Paz Villanueva,Tarragona
Queso,10.89,10,2025-12-03,Asunción Loreto Sainz Blanca,Navarra
Pan,9.44,9,2025-09-04,Armando de Ros,Ávila
Queso,6.02,3,2026-05-17,Natalio de Fortuny,Huesca
Arroz,2.33,4,2025-09-09,Ignacia Iglesia-Hernández,Las Palmas
Aceite,2.46,7,2025-06-11,Consuela Yuste Fonseca,Córdoba
Café,18.15,5,2026-02-09,Ibán Moya,Navarra
Aceite,14.89,7,2025-06-30,Clemente Herrero Corral,Barcelona
Leche,19.79,4,2026-04-22,Carla Zamorano Heras,Badajoz
Azúcar,18.85,4,2025-09-13,Griselda Vives Arévalo,Málaga
Arroz,3.52,2,2025-07-05,Aarón Ayuso Herrero,Navarra
Carne,17.71,8,2025-07-05,Filomena Solís Niño,Lugo
Pan,2.03,9,2026-01-12,Marc Lucio Mir Agustí,Álava
Leche,16.28,5,2026-01-23,Lilia Sofía Cifuentes Vargas,Burgos
Queso,19.44,10,2025-11-16,María Cristina Gelabert Sanjuan,Ourense
Pan,8.82,3,2026-05-24,José Luis de Pou,Málaga
Carne,2.12,10,2025-11-08,Clementina Infante-Martínez,Albacete
Carne,4.09,8,2025-07-16,Teresita Padilla Ortega,Alicante
Azúcar,8.86,9,2025-11-30,Marta Adriana Velázquez Cabezas,Toledo
Arroz,12.36,5,2026-04-12,Andrea Gálvez Reyes,Toledo
Carne,17.89,5,2026-04-06,Ricarda Pou Blanch,Lleida
Leche,9.47,9,2025-05-31,Cayetano Montes Villaverde,Guadalajara
Pan,10.66,8,2025-10-16,David Cadenas Sevilla,Sevilla
Arroz,4.13,1,2025-10-08,Rosario Brunilda Bello Llano,Sevilla
Azúcar,8.38,10,2025-06-17,Emigdio Peláez Páez,Granada
Arroz,8.76,3,2026-01-05,Hernán Ugarte Bueno,Ourense
Carne,11.72,3,2025-09-05,Evelia de Porcel,Zaragoza
Huevos,4.28,3,2025-08-10,Sabas Santana Camps,Ciudad
Azúcar,18.61,4,2025-07-28,Jorge Vaquero Carretero,Valencia
Pollo,17.66,8,2025-08-15,Tiburcio del Ocaña,Tarragona
Aceite,4.29,9,2026-03-29,Vasco Borrego Higueras,Zamora
Arroz,11.4,2,2026-04-20,Cosme Serna Olivé,Girona
Leche,17.2,7,2025-06-09,Valentín España Cobos,Melilla
Pollo,17.25,10,2026-01-12,Celestino de Villalba,Cuenca
Carne,1.3,3,2025-11-11,Herminia Ochoa Oliver,Ciudad
Pollo,18.13,7,2025-08-18,Ana Belén Bartolomé Vélez,Teruel
Azúcar,8.33,2,2025-11-02,Vasco Infante,Salamanca
Pollo,9.79,2,2025-08-27,Leandra de Alcaraz,Granada
Azúcar,0.51,9,2025-06-29,Elpidio Cortes Esteban,Almería
Huevos,19.91,10,2026-03-18,Herminia Álvarez Larrañaga,Huesca
Leche,12.41,9,2026-04-15,Elena Tomás Cuevas,Lleida
Pan,12.65,4,2025-08-24,Martirio del Sáez,Cuenca
Aceite,7.65,8,2026-03-06,Rosalina Campo Pombo,Las Palmas
Azúcar,15.41,6,2025-07-31,Tristán Marcos Pont,Madrid
Leche,1.14,5,2026-05-01,Gracia Tamara Girón Vilaplana,León
Queso,1.51,5,2025-12-02,Laura Riba-Angulo,Sevilla
Azúcar,5.18,6,2025-06-27,Constanza Ferrán Rozas,Melilla
Café,15.32,6,2025-08-23,Godofredo de Tejada,Palencia
Queso,13.0,5,2026-01-23,Andrés Felipe Salas,Ourense
Leche,17.26,4,2026-02-18,Sara Llorente Quintanilla,Ávila
Pollo,12.97,1,2025-12-24,Paco Cruz Rozas,Valencia
Carne,7.44,6,2025-05-29,Nadia Luisa Mendoza Torre,La Coruña
Leche,1.2,3,2026-04-09,Sol Mendoza Aguilar,Lugo
Huevos,12.2,1,2025-11-25,Pastor Ramirez Espejo,Burgos
Aceite,18.1,7,2025-09-18,Palmira Aznar Vázquez,Girona
Pollo,19.67,1,2025-08-31,Sebastián Pomares Arribas,Cantabria
Pan,17.89,2,2025-06-03,Gustavo de Parra,Alicante
Carne,0.99,9,2025-09-30,Raúl Uribe Pedrosa,Madrid
Leche,1.32,1,2025-07-30,Amado Nieto,Guadalajara
Azúcar,5.35,2,2026-01-16,Maximino Calatayud Ayuso,Ciudad
Queso,16.01,9,2025-12-16,Reina Luque Lerma,Málaga
Carne,8.32,6,2026-01-30,Jacinto Primitivo Salamanca Nadal,Las Palmas
Carne,18.35,10,2026-01-28,Yolanda Terrón Álamo,Córdoba
Queso,12.47,9,2025-09-24,Juan Antonio Francisco Valcárcel,Soria
Azúcar,11.07,7,2025-10-07,José Redondo Almansa,Cádiz
Aceite,17.24,6,2025-12-25,Ciro Suarez-Calvo,Murcia
Queso,1.71,3,2025-11-19,Chucho Villegas Cervera,Palencia
Aceite,5.91,7,2026-01-06,María Manuela Enríquez,Pontevedra
Aceite,5.38,9,2025-11-30,Alejo Catalán-Sandoval,Barcelona
Pan,16.35,4,2026-04-21,Purificación Pareja Sanchez,Zamora
Arroz,11.96,2,2025-11-16,Graciela Rueda,Barcelona
Queso,6.69,5,2025-12-18,Gabriela Fuentes Giner,Salamanca
Café,1.94,4,2026-01-10,Víctor Olmo Vilaplana,Cuenca
Carne,6.27,4,2026-02-06,Calisto Pujol Ferrero,Asturias
Arroz,3.54,2,2025-08-06,Armando de Marquez,Barcelona
Café,11.83,3,2025-10-30,Rebeca Saldaña Abellán,Córdoba
Carne,8.59,8,2026-03-11,Ángela del Caparrós,Teruel
Café,8.59,9,2025-06-12,Elías Rivera-Vázquez,Las Palmas
Pan,1.91,7,2026-02-20,Víctor Corbacho Cervera,Cáceres
Carne,15.44,5,2026-05-09,Dora Molina Garriga,Sevilla
Queso,14.67,6,2025-11-28,Balduino Pelayo Mesa Tirado,Badajoz
Café,13.73,8,2025-11-25,Nacho Sureda Salas,León
Leche,1.57,4,2026-01-06,Ángela Bravo Leiva,Álava
Carne,1.84,3,2025-12-31,Malena Pera Ortega,Jaén
Pollo,2.97,3,2025-07-01,Valentina del Román,Valladolid
Pollo,14.75,5,2025-09-14,Luisa Ayala Pla,Navarra
Leche,3.71,9,2025-09-24,Javi Bauzà Busquets,Huelva
Azúcar,9.95,2,2026-02-28,Flor Lumbreras Donaire,Huesca
Huevos,16.69,10,2025-11-17,Ana Belén del Leon,Soria
Azúcar,3.01,10,2025-11-12,Ángel Morán Cortés,Soria
Huevos,17.99,9,2025-11-04,Tatiana Agustín Bayo,Navarra
Café,2.61,1,2026-03-07,Leocadia Florinda Domínguez Palomar,Granada
Queso,11.53,4,2026-04-13,Macario Duarte Anglada,Sevilla
Arroz,16.81,6,2026-05-13,Aránzazu Leocadia Girón González,Vizcaya
Huevos,9.72,2,2025-11-27,Clotilde de Blazquez,Cádiz
Huevos,4.68,4,2025-09-21,Esperanza de Paniagua,Álava
Leche,2.89,7,2025-07-08,Emma Bas Hervia,Cáceres
Huevos,12.16,10,2025-10-31,Alcides Conesa Ferrera,Alicante
Café,14.96,2,2025-06-02,Ana Sofía de Aramburu,Badajoz
Leche,2.42,3,2026-02-23,Pepe Nacio Porta Belda,Guipúzcoa
Arroz,17.26,8,2026-04-15,Remigio del Baños,Murcia
Arroz,8.62,2,2026-04-05,Ernesto Morante Plana,Álava
Aceite,3.14,8,2026-04-08,Reyes Santana-Santamaría,Melilla
Pan,17.6,7,2025-08-20,Carmen Arellano,Sevilla
Pan,12.9,10,2026-03-31,Cándido Wálter Arellano Chaparro,Zamora
Arroz,7.48,4,2025-07-20,Griselda Ferrer Figuerola,Valencia
Aceite,19.19,8,2025-10-26,Maxi Tejera Alfonso,León
Azúcar,10.26,6,2025-06-07,Ángel Mata Guzman,Ciudad
Aceite,2.64,2,2026-05-16,Valentina Prieto Baena,La Rioja
Queso,5.05,1,2025-10-05,Xiomara Pinilla Pons,Valencia
Queso,10.78,8,2025-06-07,Telmo del Dalmau,Toledo
Pollo,9.75,3,2025-07-23,Rafaela Agustí Coll,Castellón
Aceite,5.23,6,2025-09-30,María Armengol Vazquez,Zaragoza
Leche,4.43,6,2025-08-29,Ezequiel Miranda Segovia,Sevilla
Azúcar,7.42,1,2026-01-25,Dan Bayo Alvarez,Vizcaya
Huevos,7.5,8,2025-10-19,Jorge Crespi Barranco,Ceuta
Arroz,2.71,3,2025-06-08,Sandra Uriarte Bermudez,Pontevedra
Leche,13.23,5,2025-06-13,Eduardo Nevado Peral,Cantabria
Azúcar,16.43,4,2025-11-18,Francisco Bustos Martinez,Segovia
Café,4.51,8,2025-08-03,Micaela Fonseca Guitart,Cuenca
Arroz,17.39,9,2025-07-26,Adolfo del Trujillo,Córdoba
Huevos,8.76,1,2025-09-20,Hermenegildo Sanjuan Casanovas,Ceuta
Queso,9.48,7,2025-10-06,Camila Concha Rius Pla,Lugo
Huevos,17.48,6,2026-02-19,Perla Heredia,Valladolid
Huevos,9.22,3,2025-06-18,Raimundo Rodrigo Codina,Las Palmas
Pan,6.31,5,2026-03-19,Hermenegildo Palomar Estévez,Ávila
Leche,7.68,10,2026-02-21,Chema de Sanz,Santa Cruz de Tenerife
Café,1.38,8,2025-07-13,Maricela Alberto Campoy,Ávila
Pan,7.23,6,2025-09-13,Renato Vázquez Belmonte,Zamora
Queso,12.56,9,2025-06-18,Edmundo Perea Gárate,Jaén
Arroz,9.14,9,2025-08-27,Dionisia Acedo Cruz,Ourense
Leche,4.03,4,2025-09-30,Carla Valderrama,Asturias
Azúcar,13.95,5,2025-07-05,Samu Paniagua Morante,Cantabria
Carne,16.37,5,2026-02-20,Sosimo Priego-Clavero,Huelva
Carne,1.6,1,2025-10-22,Agustín Espada Tamarit,Ciudad
Arroz,9.01,2,2025-07-31,Elías Valcárcel Fortuny,Pontevedra
Pollo,19.0,1,2026-01-25,Paz Calatayud Chamorro,Jaén
Arroz,3.65,4,2026-05-04,Nydia Pellicer Viana,Palencia
Huevos,18.44,5,2026-01-29,Rufina Vara-Jover,Ávila
Carne,10.64,9,2025-10-17,Gala Yuste Granados,Lugo
Pollo,1.3,4,2025-06-08,Marciano Cañellas Oliver,Girona
Arroz,15.34,7,2026-05-22,Jose Angel Royo Sanjuan,Álava
Aceite,5.68,2,2025-12-25,Jesús Menendez Benavent,Alicante
Arroz,0.84,5,2026-03-07,Jeremías Hervás,Almería
Huevos,16.09,1,2025-06-27,Gustavo Uría Domingo,Alicante
Café,18.53,10,2025-06-05,Emperatriz Manola Cases Valderrama,Zaragoza
Pollo,19.24,9,2025-07-20,Lara Tamayo Azcona,Badajoz
Aceite,19.95,7,2025-12-23,Rodrigo Gallo,Lleida
Aceite,8.78,9,2025-11-22,Vanesa Marin-Izaguirre,Badajoz
Azúcar,13.57,9,2026-05-01,Maite Hurtado-Sobrino,Lleida
Leche,13.34,3,2026-03-09,Flavio Pinilla Peña,La Rioja
Leche,15.03,3,2025-09-04,Marino Mata Reguera,Cantabria
Pan,11.9,6,2025-06-18,Pili Lledó-Galván,Valladolid
Carne,8.81,6,2026-01-23,Casandra Blanch Zurita,Asturias
Leche,8.36,1,2025-12-16,Isaías Jimenez Muñoz,Barcelona
Pan,7.5,4,2026-02-26,Raquel Perelló Vaquero,Teruel
Carne,2.24,5,2026-05-13,Chelo Grande Feijoo,Madrid
Queso,7.03,10,2026-03-13,Judith Anglada,Lleida
Aceite,7.07,2,2026-04-27,Martín de Barrena,Guadalajara
Café,16.8,9,2025-09-11,Candelas Peiró Pozuelo,Ceuta
Pollo,17.28,10,2025-08-11,Pepito Pedrosa Gras,Cuenca
Leche,16.99,1,2025-12-04,María Pilar Cerro Gomis,Girona
Pan,9.64,3,2026-04-10,Edgardo Calvet Boada,Almería
Carne,18.53,4,2025-06-07,Luis Ángel Perelló Figueras,Madrid
Café,9.11,8,2025-11-27,Carmina Valle García,Cuenca
Carne,3.24,3,2026-05-07,Apolonia Esteban-Hurtado,Pontevedra
Café,6.11,5,2025-10-26,Jimena de Revilla,Ciudad
Arroz,15.49,1,2025-09-27,Flavio Carnero Pardo,Cádiz
Arroz,3.94,6,2026-04-20,Mireia González Bermúdez,Guipúzcoa
Aceite,11.94,3,2025-11-23,Ruth Río-Lillo,Navarra
Queso,13.37,9,2025-10-21,Cecilia Sanabria,Zaragoza
Azúcar,12.07,8,2025-08-06,Lino Jáuregui,Almería
Pan,5.25,4,2025-09-26,Jordi Mariño Ripoll,Soria
Pollo,1.0,1,2026-03-21,Candelas Español Manjón,Sevilla
Azúcar,17.13,1,2026-04-20,Macarena del Hoyos,Cuenca
Azúcar,19.37,2,2026-05-04,Coral del Francisco,Madrid
Queso,1.87,2,2026-04-22,Álvaro Gomez,Álava
Azúcar,14.85,9,2026-03-04,Alcides Sebastián-Carreras,Palencia
Huevos,19.88,9,2026-05-24,Reyes Requena,La Rioja
Carne,2.87,10,2025-10-12,Chucho Cáceres-López,Baleares
Huevos,17.81,9,2026-01-13,Yéssica Llabrés-Pino,Granada
Arroz,8.39,2,2026-01-28,Delia Castro Alcolea,Soria
Carne,12.51,9,2025-06-28,Débora Cortés Carbonell,Murcia
Huevos,5.63,3,2025-11-11,Tamara Jaume Alvarez,Salamanca
Pollo,6.23,4,2025-09-30,Osvaldo Ródenas Arias,Ceuta
Queso,8.85,9,2025-10-03,Diego Llano Roda,Cantabria
Arroz,5.48,2,2026-04-27,Javiera Carvajal Perea,Zaragoza
Arroz,15.5,10,2026-03-14,Olimpia Naranjo Alemany,Guipúzcoa
Café,1.28,10,2025-07-09,Hernán Diéguez Seco,Albacete
Café,7.49,7,2026-02-11,Lázaro Berrocal Larrea,Pontevedra
Pan,1.58,2,2026-05-05,Constanza del Sanchez,Sevilla
Leche,5.45,7,2025-08-11,Luisa Castellanos Gómez,Valladolid
Arroz,18.81,4,2026-01-25,Florina Reyna Carbó Barco,Teruel
Azúcar,19.1,7,2026-02-24,Belen Pont Santiago,Ourense
Pan,7.02,9,2026-05-19,Tristán Sobrino Arregui,Cáceres
Pollo,6.95,9,2026-03-15,Roque Cuéllar Cuesta,Barcelona
Huevos,2.26,2,2025-11-09,Eligio Manzano-Costa,Albacete
Carne,12.16,1,2025-09-17,Yésica Burgos-Badía,Almería
Azúcar,13.83,2,2026-01-07,Jose Miguel Agustín Galván,Teruel
Pan,10.28,2,2025-09-12,Santos Roda-Ledesma,Sevilla
Pan,2.06,7,2026-03-14,Abril Ayuso Egea,Sevilla
Pan,4.62,9,2025-07-07,Rafa Llabrés Amaya,Castellón
Aceite,8.07,8,2025-09-11,Ariel Conrado Parejo Colom,Las Palmas
Huevos,9.73,8,2025-10-21,Brunilda Viviana Canet Gonzalez,Girona
Huevos,6.01,7,2026-04-10,Samuel Gallego-Riquelme,Barcelona
Arroz,3.16,9,2025-10-18,Fernando Apolinar Burgos Ortega,Madrid
Arroz,0.88,4,2026-01-03,César de Castilla,Ourense
Pollo,4.55,3,2025-12-28,Hortensia Villar Carro,Salamanca
Azúcar,8.01,2,2025-09-13,Bernardita Cepeda Maldonado,Zamora
Café,8.72,9,2026-04-10,Victoria Pelayo,Asturias
Pollo,16.65,9,2025-08-06,Porfirio Aguilera Galvez,Santa Cruz de Tenerife
Aceite,2.45,7,2025-12-02,Encarnita Lloret Villena,Melilla
Carne,9.59,6,2025-10-29,Agapito Salgado Trujillo,Pontevedra
Azúcar,10.86,5,2026-02-10,Toño Maldonado Bárcena,Burgos
Arroz,4.22,10,2025-07-06,Cándido Huguet Verdú,Ceuta
Pollo,9.03,3,2026-05-23,Áurea Nieto,Segovia
Pan,16.43,7,2025-11-06,Adelardo Malo Falcón,Santa Cruz de Tenerife
Café,19.93,10,2025-09-04,Toni Ferrero Aguado,Las Palmas
Pan,6.5,9,2025-12-05,Perlita Castells Palacios,Badajoz
Carne,3.57,10,2025-12-21,Desiderio Mariño Soria,Huelva
Pollo,10.53,6,2025-11-09,Nicolás Buendía,Zamora
Carne,6.61,5,2026-03-01,Oriana Morcillo Carreras,Teruel
Carne,1.8,9,2026-01-18,Isa Margarita Jódar Galván,Las Palmas
Huevos,10.81,1,2025-08-27,Ángela Hierro-Diéguez,Segovia
Aceite,9.99,1,2025-08-05,Diego Llabrés Tomas,Granada
Leche,6.43,3,2026-05-13,Adoración Ramón,Burgos
Pollo,17.98,3,2025-05-28,Adriana Leyre Pastor Comas,Granada
Pollo,3.85,3,2025-06-21,Miguela Serra-Galván,Huelva
Carne,0.93,5,2026-01-19,Chuy Huerta Acero,Álava
Azúcar,18.87,8,2025-12-20,Ruperto Montaña-Plaza,Santa Cruz de Tenerife
Carne,8.94,4,2025-09-15,Sergio de Villaverde,Palencia
Carne,15.23,3,2026-04-29,Guiomar Bermudez,Álava
Huevos,13.28,4,2025-08-30,Iker Sedano-Pérez,Valladolid
Pan,17.26,4,2025-08-21,Custodio Jordá Escribano,Barcelona
Café,10.13,6,2026-03-18,Luciano Busquets Falcón,Álava
Carne,14.59,8,2026-02-07,Leocadia Castelló-Durán,Albacete
Azúcar,4.26,2,2026-04-29,Federico Olmedo Carrión,Albacete
Pollo,1.6,8,2026-04-24,Glauco Carretero,Huesca
Café,15.83,5,2026-02-12,Ciro Criado Escudero,Zamora
Azúcar,19.87,1,2025-07-29,Jenaro Salinas Uría,Sevilla
Arroz,11.64,1,2026-05-10,Fernando Jaén Valbuena,Madrid
Carne,5.51,1,2026-01-12,Edmundo Rodríguez Tovar,Melilla
Aceite,10.33,2,2026-05-18,Estefanía Ortega Canals,Segovia
Pan,16.5,3,2026-05-02,Ariel Yaiza Chamorro Ortuño,Jaén
Azúcar,9.94,7,2025-08-21,Baltasar Duran Pedrosa,Salamanca
Café,18.73,7,2025-09-07,Dan Custodio Valbuena Guillen,Ceuta
Arroz,9.41,6,2026-04-27,Lidia Chico,Cantabria
Café,2.81,6,2026-05-08,Obdulia Manrique Álvarez,Ourense
Café,4.52,5,2025-08-30,Jessica Francisco Fajardo,Tarragona
Arroz,7.23,10,2025-09-09,Teresa Puga Espada,Pontevedra
Pollo,19.68,1,2026-03-06,Lorena Amat Carbajo,Melilla
Café,18.46,3,2025-07-29,Pía Vicens Peral,Zamora
Pollo,19.33,2,2025-12-14,Pancho Pi Arco,Navarra
Pan,4.88,2,2026-04-28,Régulo Abad Mulet,Jaén
Queso,9.09,9,2025-06-22,Rodolfo Asenjo Bermudez,Valladolid
Huevos,8.31,1,2026-04-16,Leocadia de Pinedo,Pontevedra
Pan,5.06,8,2025-08-11,Hernando León Estévez,Baleares
Aceite,4.26,4,2025-11-07,Dani de Olivé,Girona
Azúcar,14.43,10,2025-08-05,Ricardo Fito Fabra Puente,Navarra
Arroz,12.42,5,2025-07-17,Víctor Carballo,Ávila
Aceite,18.13,5,2026-01-06,Alcides Márquez Aramburu,La Coruña
Leche,4.41,1,2026-03-30,Reinaldo Real Giralt,Guadalajara
Huevos,9.76,4,2025-07-10,Rita Garcés Naranjo,Barcelona
Arroz,12.86,7,2026-04-19,Tomasa Silva Angulo,Baleares
Huevos,6.67,3,2026-01-25,Nicolás Bautista Galan,Las Palmas
Pollo,8.97,5,2026-04-18,Íñigo Morán,Valladolid
Aceite,9.15,8,2025-06-27,Loreto Muro Esteban,Barcelona
Queso,12.79,2,2026-01-23,Anna Alba Luís Juan,Málaga
Pollo,2.75,9,2025-10-25,Tamara Gonzalez Narváez,Valladolid
Café,7.33,8,2025-08-20,Josué Contreras Colomer,Tarragona
Huevos,6.5,7,2026-02-01,Olegario Herranz Cañas,Guadalajara
Pan,8.19,7,2025-06-26,Eustaquio Arias Bravo,Málaga
Café,17.86,10,2025-10-20,Pascual de Garcés,Madrid
Queso,16.04,1,2025-11-29,Alejandra Garrido Macías,Murcia
Queso,1.01,8,2026-03-30,Antonia de Cañellas,Badajoz
Arroz,9.48,9,2026-05-01,Roxana del Múgica,Navarra
Queso,1.94,7,2026-01-03,Gabriel Andreu,Ourense
Queso,13.09,10,2025-07-29,Paula Bonet Saura,Huesca
Azúcar,11.18,5,2025-07-03,Noelia Alonso Calvo,Ávila
Queso,19.0,9,2025-07-03,Silvestre Fito Gelabert Costa,Murcia
Pollo,13.56,7,2026-01-08,Lina Pera,Navarra
Huevos,16.29,7,2026-01-02,Juan Pablo de Samper,Las Palmas
Pan,7.53,3,2025-12-01,Cándida Benet Terrón,Madrid
Leche,15.8,6,2025-07-24,Albano Puente-Baró,Álava
Pollo,8.44,6,2025-07-04,Maristela Rico Bermudez,Cuenca
Pan,3.66,5,2025-10-10,Melisa Crespi Vázquez,Asturias
Arroz,2.18,10,2025-11-05,Gloria Boix Torres,Vizcaya
Queso,13.91,4,2025-06-02,Ceferino Rincón Bernad,León
Arroz,8.4,2,2025-08-17,Chema Cabrero Lobo,Las Palmas
Queso,7.3,4,2026-02-07,Cayetana Valero-Pozuelo,Toledo
Queso,5.0,5,2026-04-07,Aitana Anunciación Uribe Sánchez,La Coruña
Pan,3.91,4,2026-04-11,Cayetano Xavier Suárez Pujol,Vizcaya
Café,3.27,10,2025-07-17,José Luis Puerta,Girona
Aceite,7.31,10,2025-08-16,Nuria Molins Herrera,Navarra
Azúcar,13.96,4,2025-06-26,Ana Agustí Pera,Madrid
Leche,7.79,10,2025-06-07,Cristian Aznar Montoya,Zamora
Arroz,5.12,5,2025-07-19,Azahara Paula Cifuentes Collado,Lugo
Arroz,6.77,7,2025-07-02,Mario Camino-Leon,Palencia
Arroz,11.35,5,2025-06-07,Dulce María Ángeles Atienza Bastida,Cáceres
Café,14.3,5,2026-04-12,Benito Blanca Noguera,Guipúzcoa
Pollo,3.98,1,2025-05-28,Calista Sol Solana Codina,Ceuta
Carne,3.84,4,2025-07-20,Salomón Falcó Lucena,Toledo
Pollo,17.32,1,2026-04-13,Clarisa Mármol,Vizcaya
Aceite,19.04,4,2025-08-21,Porfirio Castilla,Barcelona
Queso,3.29,8,2026-01-22,Segismundo Vara Planas,Granada
Pollo,11.12,3,2025-12-15,Roberta Mayo Landa,La Coruña
Aceite,2.91,5,2026-04-12,Danilo Noguera Llamas,Cáceres
Pan,3.63,4,2025-11-20,Marcia Font Tena,Salamanca
Azúcar,5.78,4,2025-06-17,Susana Barco Cases,Barcelona
Carne,9.08,7,2025-09-23,Yaiza Valbuena Taboada,Córdoba
Carne,3.52,10,2025-07-19,Danilo Querol Martín,Málaga
Queso,7.7,1,2026-04-10,Bonifacio Valderrama Lucena,Ourense
Leche,12.3,9,2025-10-22,Susana Gabriela Marqués Roselló,Zamora
Carne,3.01,7,2026-01-16,Magdalena Nieto Solana,Granada
Queso,7.36,10,2025-11-02,Esperanza de Murillo,Sevilla
Café,1.94,8,2025-10-26,Leonel Gabaldón Cáceres,Cádiz
Aceite,19.06,3,2026-01-14,Lucas Maximiliano Pi Almagro,Burgos
Café,15.02,9,2026-03-13,Custodia Varela Vidal,Córdoba
Carne,14.84,2,2025-07-29,Julieta Mateos Ropero,Las Palmas
Carne,14.48,6,2025-09-25,Magdalena Casal,Huesca
Azúcar,19.31,10,2025-12-01,Graciana Llanos Carrillo,Huelva
Queso,10.21,4,2026-04-08,Francisco Javier Pineda Mulet,Madrid
Aceite,11.59,2,2025-09-22,Sandra Nevado,Lleida
Pollo,8.51,8,2026-03-29,Godofredo José María Torralba Cortés,Zamora
Café,3.84,3,2025-07-09,Sofía Rey Tolosa,Segovia
Pollo,19.58,8,2025-07-14,María Carmen Abascal Roda,Jaén
Leche,5.66,8,2025-06-14,Francisco Jose Duran Vives,Jaén
Leche,13.76,1,2026-02-26,Concha del Fábregas,Jaén
Queso,1.46,6,2026-03-30,Reynaldo de Morera,Barcelona
Queso,8.63,9,2026-02-07,Duilio Comas Roselló,Almería
Queso,6.88,2,2025-12-27,Casemiro Frías Busquets,Girona
Arroz,7.41,2,2025-12-04,Esmeralda Feliciana Valverde Acevedo,Granada
Café,8.21,5,2025-11-15,Marita Felicidad Querol Iglesias,Huelva
Queso,13.39,2,2026-02-07,Sandra Alcolea Solís,Álava
Leche,18.06,10,2025-11-09,Isaías Nacio Bellido Rubio,Cádiz
Café,18.07,2,2026-04-19,Lidia Merche Mesa Carpio,Las Palmas
Pollo,7.13,10,2025-12-30,Abel Alfredo Roca Múgica,Guipúzcoa
Leche,0.95,6,2025-06-17,Javi Tejada Avilés,Lugo
Azúcar,3.66,6,2025-09-08,José Manuel Gascón,Ciudad
Pan,2.28,2,2026-02-27,Rosalinda Villena Rozas,León
Aceite,9.61,1,2025-10-15,Juan Pablo Roman Macías,La Coruña
Arroz,17.4,1,2025-10-09,Bárbara Tello-Ribera,Córdoba
Queso,19.7,5,2025-06-21,Primitivo Blazquez-Barrena,Sevilla
Huevos,4.8,3,2026-03-25,Bartolomé Agustí Viñas,Toledo
Huevos,3.07,4,2025-07-01,Bonifacio Estevez Redondo,Castellón
Pollo,3.25,7,2026-01-02,Graciano Catalán Marcos,Guipúzcoa
Aceite,5.23,6,2025-11-29,Bartolomé Joan Larrañaga Clemente,Salamanca
Huevos,9.4,1,2025-08-05,Aarón Sureda Cerezo,Albacete
Queso,2.6,6,2026-04-30,Rufino Ferrera Juárez,León
Aceite,3.96,7,2025-08-22,Gregorio Pintor Verdejo,Albacete
Pollo,5.39,1,2026-03-05,Andrés Parra Conde,Barcelona
Huevos,1.14,3,2025-08-04,Casandra del Villa,Pontevedra
Huevos,3.0,2,2025-07-18,Encarnacion Farré Patiño,Guipúzcoa
Carne,11.02,4,2025-09-21,Salvador del Rosales,Huesca
Pan,15.45,8,2025-09-08,Rodolfo Hoz Ortiz,La Rioja
Huevos,9.27,9,2025-11-11,Custodia Pavón-Zamorano,Jaén
Pollo,15.94,10,2026-05-14,Balduino Solé Fortuny,Ávila
Carne,1.54,3,2025-12-16,Domitila Rosalva Enríquez Juárez,Castellón
Carne,1.6,4,2025-10-12,Sandalio Abella Piñeiro,Soria
Queso,4.09,7,2025-05-30,Ulises Iborra Ortuño,Valencia
Pollo,13.68,2,2026-02-02,Joel Polo Vaquero,Cádiz
Arroz,6.86,10,2025-09-24,Alejandro Pareja Palma,Lugo
Aceite,15.95,3,2025-07-29,Encarnacion del Guillen,Álava
Queso,4.33,6,2026-02-04,Visitación Benitez,Málaga
Huevos,5.03,9,2025-06-14,Josep Juan Bautista Perera Nebot,Guadalajara
Huevos,1.48,6,2025-10-14,Valeria Tormo Neira,Granada
Café,2.23,2,2026-04-28,Severo Ariño Grande,Segovia
Pan,17.78,9,2025-12-10,Renata Guitart Ordóñez,León
Queso,3.37,4,2026-05-02,Nereida Cámara-Arribas,Cádiz
Azúcar,2.1,8,2025-06-23,Pepito Galo Durán Hoyos,Albacete
Pollo,3.08,4,2025-06-08,Palmira Pino Bueno,Segovia
Pan,5.14,6,2025-06-01,Albano Pozuelo-Arias,Castellón
Café,2.75,8,2025-06-06,Evangelina Catalá,Barcelona
Leche,13.67,5,2026-01-29,Daniela Belén Dávila Guijarro,Burgos
Café,17.65,6,2025-10-06,Delfina de Alcázar,Pontevedra
Pollo,5.57,3,2025-10-28,Vilma Alcalá Contreras,La Rioja
Arroz,1.43,5,2025-09-08,Domitila Estefanía Quintero Carrasco,Murcia
Aceite,0.55,9,2026-03-21,Anastasia Corral Rueda,Córdoba
Carne,15.86,6,2025-06-30,Bernabé Amigó Valenzuela,Tarragona
Pollo,5.97,4,2025-08-18,Diana Vives,León
Azúcar,9.86,6,2026-04-26,Máximo Rosado-Pons,Badajoz
Aceite,17.36,9,2026-04-05,Ángela Loreto Orozco Carrera,Sevilla
Pollo,7.6,8,2025-06-09,Alfonso Suárez Bernad,Albacete
Arroz,2.88,1,2026-01-09,Sarita Leal Seco,Tarragona
Pollo,19.33,3,2025-12-25,Isa Pou Abad,Cantabria
Azúcar,7.98,1,2026-05-17,Isa Peiró Portillo,Albacete
Queso,18.07,8,2025-10-10,Alberto Cuenca,Guadalajara
Azúcar,10.66,4,2025-07-21,Leonardo Cruz Laguna,Cáceres
Aceite,12.92,3,2026-02-18,Gustavo de Luna,Granada
Pan,4.19,2,2026-03-22,Victorino Aparicio-Blanch,Toledo
Huevos,17.7,9,2025-11-11,Juan Carlos Guillen-Morera,Vizcaya
Arroz,11.89,7,2025-12-17,Félix de Portero,Burgos
Azúcar,5.06,5,2026-05-22,Julio Palacio Puente,Córdoba
Pan,9.91,3,2025-08-10,Fortunato Gálvez Abad,La Rioja
Huevos,18.19,1,2026-05-13,Fátima Bauzà-Galván,Albacete
Arroz,10.51,7,2026-02-09,Saturnino Cabo Carranza,Sevilla
Aceite,18.26,10,2025-10-30,Felix Olivares Ródenas,Asturias
Pan,18.17,10,2025-11-14,Jose Angel Castro-Zorrilla,Ávila
Leche,17.03,7,2026-05-07,Juana Arregui-Larrañaga,Palencia
Azúcar,6.49,5,2026-04-27,Luisina Vilalta Pizarro,Lleida
Azúcar,9.61,2,2026-02-03,Bienvenida Portero Gimenez,Lleida
Carne,3.47,5,2026-01-08,Azucena Aguilera Puerta,Ciudad
Huevos,10.22,10,2026-04-05,Lara Carro-Gisbert,Tarragona
Huevos,2.36,7,2025-11-20,Jose Francisco Ramiro Juan Albero,Teruel
Huevos,2.21,1,2025-08-06,Amaya Barranco Duque,Valladolid
Leche,19.87,9,2025-09-30,Martina Casal Solé,Asturias
Arroz,19.1,5,2026-04-18,Dafne Ortuño Menéndez,Las Palmas
Queso,3.58,1,2026-02-12,Armida Bernad Boix,Lugo
Pollo,3.14,4,2025-12-18,Mario Catalá-Aroca,Baleares
Café,6.41,6,2025-08-09,Baudelio Bernat-Sánchez,León
Pan,2.47,7,2025-08-23,María Teresa Vanesa Quintanilla Mosquera,Sevilla
Leche,19.68,7,2025-10-06,Paca Castillo Reyes,Palencia
Queso,8.05,4,2026-04-03,Azahar Agudo-Juárez,Valencia
Pan,0.81,2,2025-08-05,Dionisio Solana Méndez,Córdoba
Pollo,8.62,5,2026-04-23,Florina Viana Moya,Álava
Huevos,1.11,10,2025-12-01,Liliana Echevarría Riba,Barcelona
Huevos,10.16,5,2026-05-25,Vicenta Zabaleta-Estrada,Sevilla
Pollo,11.04,3,2026-05-03,Macarena Rueda Borja,Huelva
Carne,8.82,3,2025-11-16,Micaela Mateu Adadia,Madrid
Queso,16.46,1,2026-05-11,Pacífica Baquero Cózar,Ourense
Queso,4.83,5,2025-06-24,Ismael de Gallardo,Cuenca
Pollo,14.81,3,2025-08-07,Nicolás Alemán Cepeda,Castellón
Leche,19.54,5,2025-08-29,Ruy Torrents Briones,Guipúzcoa
Huevos,2.79,7,2025-10-02,Carmelo Carreño Montenegro,Álava
Aceite,15.8,8,2025-08-19,Diana Amigó,Granada
Carne,14.12,7,2026-05-24,María Carmen Porras-Salmerón,Castellón
Queso,13.6,2,2026-04-27,Mireia Benito Becerra,Huesca
Aceite,7.59,4,2026-04-22,Felipa Velázquez-Juárez,Melilla
Pan,19.63,10,2026-01-26,María Jesús del Zamorano,Santa Cruz de Tenerife
Azúcar,4.56,6,2026-01-08,María Del Carmen Cañizares Pujol,Cáceres
Huevos,7.99,4,2026-02-17,Chus Mendizábal Torrent,Tarragona
Huevos,14.77,6,2025-06-26,Rubén Villena Fonseca,Valladolid
Pollo,17.71,3,2025-07-31,Ruben Espiridión Crespi Céspedes,Pontevedra
Pan,10.78,7,2026-05-11,Kike Peláez Pablo,La Coruña
Café,9.35,9,2026-03-08,Celestino Silvio Ortega Montaña,Segovia
Pan,16.33,10,2026-04-03,Olga Burgos Muñoz,Albacete
Huevos,19.97,8,2025-07-07,Liliana Carballo Fuertes,Albacete
Pollo,14.29,5,2026-01-14,Matías Checa Castell,Zaragoza
Azúcar,8.66,2,2025-11-24,Benigno Planas Alemán,Albacete
Pan,6.19,5,2026-02-03,Osvaldo del Sierra,Palencia
Azúcar,14.51,4,2026-04-19,Chus Manuela Pinto Mariscal,Pontevedra
Café,2.42,2,2026-03-24,Cecilia Torre Bauzà,Castellón
Leche,7.66,5,2025-09-07,María Dolores Orozco Leiva,Alicante
Pan,5.27,3,2026-01-06,Úrsula Tolosa Anguita,Segovia
Pollo,3.69,8,2025-07-09,Amando del Chaves,Córdoba
Carne,11.56,7,2025-09-26,Juana Monreal Villalba,Málaga
Carne,13.94,3,2026-02-13,Joaquín Mosquera Aller,Soria
Arroz,3.11,1,2026-01-25,Darío Parejo Gaya,Guadalajara
Café,7.97,10,2026-02-27,Luis Aparicio Álvaro,Lleida
Huevos,1.68,3,2025-09-02,Eliseo del Fernandez,Valladolid
Azúcar,10.2,2,2026-05-14,Antonia Hoz-Llamas,La Coruña
Leche,12.43,5,2025-07-24,Albina Rey Vazquez,Jaén
Leche,12.56,10,2025-10-11,Marcos Báez Soriano,Santa Cruz de Tenerife
Pollo,14.56,10,2026-02-20,Gala Vendrell Torrijos,Valencia
Huevos,15.37,6,2026-03-11,Ricarda Ferrán Carranza,Alicante
Leche,8.88,4,2025-06-25,Aurora Pons,Zamora
Pollo,1.98,4,2025-07-08,Lupe Prada Rosales,Zamora
Arroz,5.44,8,2025-12-17,Cristina Salmerón Espejo,Valladolid
Queso,15.24,8,2025-12-09,Delia Palma Saura,La Coruña
Pollo,2.81,7,2026-01-09,Paca Porta Barón,Salamanca
Arroz,11.22,10,2025-06-13,Manolo Domingo Segarra,Madrid
Pan,13.15,2,2025-08-02,Severiano Haro Pino,Almería
Huevos,11.6,8,2026-02-13,Mauricio Palomo Murcia,Badajoz
Aceite,11.81,9,2025-08-26,Fabián Ferrando Miró,Navarra
Pan,18.54,9,2025-09-15,María Belén Sainz Núñez,Ávila
Queso,0.5,6,2026-02-10,Marco Olivera Sáez,Castellón
Leche,13.75,4,2025-11-27,María Manuela del Sánchez,Badajoz
Pollo,11.57,8,2025-07-14,Alexandra de Armas,Palencia
Queso,13.64,4,2025-09-02,Calista Álvarez Salmerón,Ourense
Huevos,18.94,4,2025-06-17,Olegario Pozo Bonilla,Asturias
Arroz,11.56,2,2025-09-30,Pelayo Ángel Tormo,Guadalajara
Pollo,13.66,4,2026-02-02,Ruperta Robles,Málaga
Carne,6.63,1,2025-07-06,Manuelita del Albero,Cádiz
Azúcar,6.09,8,2025-06-19,Pepita Pallarès Acero,Badajoz
Arroz,3.42,7,2026-03-20,Nazario Calzada-Tamarit,Girona
Queso,4.09,10,2025-12-31,María Teresa del Diaz,Huelva
Queso,9.15,4,2026-01-10,Martina Vigil Vicens,Ávila
Leche,12.07,10,2025-08-20,Mónica Campo Cerro,Valencia
Azúcar,19.26,3,2026-05-23,Ambrosio Barrios Alvarez,Cuenca
Huevos,19.25,6,2025-08-08,José Manuel Escolano,León
Carne,7.15,10,2026-03-13,Macarena Cervantes Oller,Segovia
Pollo,14.65,8,2026-04-05,Máximo de Tolosa,Girona
Azúcar,10.12,1,2025-07-21,Perla Manuela Fiol Segarra,Valencia
Aceite,1.01,3,2026-01-27,Guillermo Barba-Ferrero,Navarra
Queso,0.96,9,2025-10-09,Desiderio Goicoechea Miranda,Sevilla
Carne,8.66,2,2025-11-03,Guadalupe Tejera,Jaén
Aceite,4.24,9,2026-02-03,Aurelio Fernandez Asensio,Zaragoza
Leche,7.5,10,2025-11-21,Mohamed Morcillo-Arnaiz,Burgos
Leche,10.1,9,2026-01-22,Ágata Tello Bou,Almería
Queso,6.9,5,2025-09-29,Adela Carreras Benavides,Santa Cruz de Tenerife
Pollo,8.11,10,2026-04-26,Vilma Torres Cano,Palencia
Pollo,0.78,4,2026-03-27,Valero Amador Villegas Azorin,Ourense
Leche,0.94,6,2025-09-15,Apolonia Méndez-Alemán,Guadalajara
Azúcar,6.65,6,2026-01-22,Alejo Correa Quintanilla,Málaga
Arroz,8.44,6,2025-11-23,Paola Piña Gallego,Almería
Pan,8.79,9,2025-08-25,Angelita Rueda,Barcelona
Huevos,14.68,5,2025-08-18,Esther Sevillano Gisbert,Alicante
Pollo,1.16,6,2025-07-08,Fulgencio Vizcaíno Anguita,Granada
Queso,3.85,2,2026-04-04,Débora Marco Tamayo,Barcelona
Pan,16.81,4,2025-11-13,Venceslás Fabra Orozco,Zamora
Azúcar,14.91,10,2025-07-08,Azeneth del Anguita,Albacete
Arroz,2.11,2,2025-07-05,Isidro Guillen Cisneros,Badajoz
Aceite,12.23,6,2025-07-14,Andrés Felipe Valverde-Mosquera,Baleares
Carne,2.59,6,2026-01-10,Loida Company Jaén,Zamora
Pan,18.44,4,2026-02-16,Rosario Roig Medina,Murcia
Pan,7.84,5,2025-07-09,Nereida Bonilla Velázquez,Madrid
Pan,1.52,5,2025-09-28,Chelo Fernández,León
Carne,14.53,4,2025-11-15,Isidro Tovar Riera,Lugo
Arroz,1.1,10,2025-09-26,Adán Parejo Luna,Guadalajara
Huevos,11.55,5,2026-02-25,Melisa Elba Ribas Montoya,Huelva
Pollo,14.9,2,2026-01-03,Samuel Cerdá-Jordán,Guadalajara
Carne,11.05,1,2026-05-03,Domitila Neira Cid,La Rioja
Pollo,14.26,5,2026-04-25,Dalila Ana Sofía Castelló Anguita,Lugo
Café,13.2,9,2026-01-19,Plinio Chaparro Mora,Alicante
Arroz,2.46,5,2025-08-12,Pascual Barbero Nuñez,Madrid
Queso,11.59,3,2026-03-28,Arcelia Gala Palomo Segovia,Palencia
Azúcar,14.04,7,2026-05-12,Odalis Ferrero Martí,Zamora
Café,16.83,6,2026-01-24,Mireia Roma Perelló,Santa Cruz de Tenerife
Pan,11.68,1,2026-01-26,Esperanza Barrena Pareja,Sevilla
Queso,0.84,4,2025-09-11,Rosenda Castillo Puerta,Ávila
Pan,2.32,1,2025-09-26,Loreto Carreras Benavente,Zaragoza
Café,2.52,4,2025-09-24,Edmundo Acuña Ramis,Navarra
Leche,14.38,1,2025-06-01,Arturo Ortega Casares,Pontevedra
Queso,10.54,9,2026-03-26,Abigaíl Garmendia Rocha,Navarra
Arroz,15.61,1,2026-04-30,Samuel Amat Leon,La Rioja
Carne,6.96,1,2025-11-04,Melisa Paula Báez Andreu,Álava
Leche,7.59,6,2025-10-12,Anselmo Tejada Pinto,Sevilla
Pan,16.72,6,2026-01-24,Guillermo Curro Figuerola Martorell,Cádiz
Café,0.69,7,2025-08-29,Melania Mateo Pinto,Álava
Leche,7.32,6,2025-10-22,Esteban Franco Polo,Salamanca
Carne,5.89,3,2026-03-22,Heriberto Alvarado-Azorin,Valladolid
Arroz,11.63,1,2026-01-03,Julio Tamarit Goñi,Zamora
Azúcar,11.86,9,2025-12-28,Emelina Torralba Jordán,Lleida
Huevos,17.98,6,2025-08-30,Anselmo Tamarit Jiménez,Cáceres
Arroz,11.52,5,2025-10-10,Lourdes Rodriguez Vigil,Lugo
Azúcar,15.65,9,2025-05-27,Beatriz Bonet-Esparza,Cuenca
Queso,8.05,6,2025-07-05,Rómulo Carballo Tejada,Teruel
Pan,9.83,6,2025-08-29,Quique Roma-Conesa,Palencia
Arroz,15.95,6,2026-05-08,Loreto Alfonso-Luque,La Rioja
Queso,16.68,5,2025-08-20,Aroa Franco Abascal,Zaragoza
Aceite,14.93,5,2025-05-29,Loreto Figuerola Uría,Segovia
Azúcar,17.27,3,2026-04-27,Abel Varela-Gaya,Córdoba
Azúcar,15.36,6,2026-01-03,Victor Carrera Cabeza,Madrid
Pan,12.27,3,2025-10-30,Paloma Calatayud Benet,Zaragoza
Arroz,15.74,7,2026-02-26,Paca Mas Marquez,Toledo
Aceite,4.5,3,2026-04-28,Bernardino de Cuadrado,Zaragoza
Pollo,12.88,4,2025-12-23,Esther Crespi Zabala,La Coruña
Huevos,15.99,5,2026-05-23,Perla Briones Gil,Sevilla
Pollo,11.53,5,2025-08-24,Íngrid Huerta Ortega,Castellón
Leche,3.1,10,2025-12-08,María Fernanda de Pont,Huesca
Leche,19.71,7,2025-06-21,Ruperto Adán Acosta,Guadalajara
Pollo,3.01,6,2026-05-01,Lino Bilbao Carrillo,Pontevedra
Aceite,13.74,1,2026-01-11,Rosalinda Linares Casares,Lugo
Café,18.59,5,2025-08-27,Anna Pomares Hierro,Tarragona
Pollo,17.99,5,2025-07-18,Asunción Zamora Gabaldón,Palencia
Pan,9.15,10,2026-03-06,Paca Cazorla Calvo,Castellón
Queso,18.75,10,2025-12-02,Hernando Hoyos Serna,Ourense
Café,1.35,4,2025-08-12,Enrique Trillo Morell,Murcia
Azúcar,3.74,3,2026-04-27,Renato Alberola-Infante,Segovia
Pan,9.0,6,2026-05-13,Silvio Gutiérrez Ferrero,Castellón
Queso,19.21,6,2025-08-12,Lupe Ribas Huerta,Cádiz
Pan,13.59,2,2026-02-19,María Fernanda Quesada,Zamora
Leche,16.18,2,2025-12-05,Jose Manuel Cueto Flor,Soria
Pan,17.98,7,2025-11-03,Adriana del Rivero,Ceuta
Queso,8.81,1,2026-04-03,Cristian de Rios,Barcelona
Café,2.44,10,2025-12-21,María Dolores Tovar-Martín,Barcelona
Pan,16.03,2,2026-02-16,Nieves Benítez Morán,Baleares
Arroz,16.48,8,2026-02-15,Beatriz Rubio Santana,Guipúzcoa
Arroz,3.06,9,2026-02-09,Heriberto Alfredo Barrera Bilbao,Ciudad
Aceite,1.15,5,2025-07-16,Adán Boada Márquez,Valladolid
Carne,19.8,8,2026-02-25,Ángeles Peinado Grau,Santa Cruz de Tenerife
Café,10.75,4,2025-06-10,Leticia Sans Benitez,Zamora
Carne,17.77,2,2025-12-02,Ana Belén Pallarès Gutiérrez,Lleida
Azúcar,4.09,4,2025-11-29,Ciro Julián Requena,Albacete
Carne,0.96,3,2025-10-12,Marcia Duran,Zaragoza
Carne,17.61,3,2026-05-20,Alicia Bas Ros,Huesca
Pollo,7.24,9,2026-02-06,Adelina Barco Vilanova,Salamanca
Aceite,4.24,7,2025-07-13,Úrsula Sancho Sandoval,Soria
Azúcar,18.56,8,2025-10-22,Nerea Cabo-Escobar,Palencia
Carne,8.74,4,2025-09-01,Norberto de Garcia,Soria
Pan,15.6,3,2026-02-08,Iker Aparicio Chico,Teruel
Queso,19.84,7,2025-10-27,Balduino Fiol Pereira,Guipúzcoa
Pollo,10.07,4,2026-01-20,Magdalena Rosales,Cuenca
Aceite,19.26,10,2025-11-25,Carlos Diez-Riba,Segovia
Arroz,16.96,9,2025-07-13,Teresita Milagros Lumbreras Garcia,Lugo
Arroz,1.12,1,2025-10-18,Nicolasa Quirós,Girona
Arroz,18.84,9,2025-11-08,Mauricio Miranda Amorós,Lleida
Café,9.24,7,2025-12-12,Alejandro Balduino Palau Carrión,Cáceres
Pan,17.67,10,2025-11-07,Javi Bejarano Villar,Zaragoza
Carne,7.45,10,2026-03-03,Hermenegildo Espinosa Goicoechea,Melilla
Azúcar,10.74,9,2026-03-17,Daniel Zurita Báez,Las Palmas
Carne,7.76,6,2025-08-02,Ruperto de Lasa,Almería
Pollo,14.24,1,2026-02-17,Encarna Anselma Corral Gargallo,Álava
Huevos,17.6,5,2025-07-24,Edelmiro del Pallarès,Pontevedra
Queso,1.89,3,2026-02-25,Severiano Jurado Valenzuela,Alicante
Carne,12.79,4,2025-08-17,Bruno Losa Alberto,Melilla
Café,19.81,8,2025-08-05,Artemio del Rodrigo,Castellón
Queso,12.91,2,2025-06-03,Marisa Galiano Noriega,Pontevedra
Carne,11.93,4,2026-04-21,Alfonso López Becerra,Málaga
Carne,18.37,8,2025-10-29,Leoncio Landa-Boada,Murcia
Pan,11.94,4,2026-05-12,Nayara Salud Ugarte Cordero,Jaén
Pan,14.4,1,2025-10-05,Gervasio Tello Juan,La Coruña
Queso,12.97,7,2025-06-29,Charo Girón-Baró,Zamora
Pollo,6.63,1,2025-11-20,Carmelita de Jara,Segovia
Azúcar,13.13,7,2026-03-25,Lorenza Toledo Donoso,Cuenca
Queso,4.8,5,2026-01-21,Chucho Artigas Colomer,Salamanca
Huevos,11.29,7,2026-01-13,Fernando Mateo Lopez Rocha,Cuenca
Pollo,11.58,6,2026-05-12,Eric Torrent Moll,Ourense
Aceite,9.77,10,2026-03-08,Jose del Perez,Sevilla
Pollo,2.75,7,2026-04-27,Ramón Cabañas-Ropero,Toledo
Leche,17.36,1,2026-03-20,Rogelio Lastra,Jaén
Carne,5.22,8,2026-04-17,Morena de Enríquez,Navarra
Café,1.97,3,2026-02-09,Juan Manuel de Vives,Guadalajara
Café,4.4,5,2025-09-27,Salomón del Oliva,Ceuta
Arroz,13.21,8,2025-11-15,Noemí Bibiana Guillén Carbajo,Albacete
Huevos,17.15,10,2025-10-23,Juan Francisco Carreras Valbuena,Sevilla
Huevos,10.62,3,2025-07-15,Santiago Mayol,Cáceres
Azúcar,2.58,2,2025-07-27,Ricarda Jiménez Simó,Guipúzcoa
Huevos,6.66,2,2025-09-28,Joel Pagès Manrique,Murcia
Leche,1.59,5,2025-10-18,Ramiro Salvà,Cáceres
Pollo,5.1,9,2025-09-12,Olimpia Guerra,Tarragona
Pan,14.85,6,2025-12-02,Emilia Arregui Jaume,Ciudad
Pan,16.94,4,2026-02-01,Blas del López,Segovia
Aceite,12.53,4,2025-12-02,Rosario Cantero Grande,Barcelona
Café,15.87,6,2026-03-21,Rebeca Constanza Barba Murillo,Pontevedra
Huevos,4.65,7,2025-12-14,Jeremías Ribas Abellán,Lugo
Queso,17.79,5,2026-03-26,Arturo Nadal Codina,Cádiz
Queso,14.46,7,2025-07-10,Ligia Camila Leal Jerez,Lugo
Leche,5.74,3,2025-08-10,Esmeralda del Arce,Murcia
Azúcar,18.62,6,2025-09-13,Ágata Menendez Pou,Melilla
Arroz,4.78,9,2025-11-07,Ramiro Gomis,Castellón
Arroz,17.21,1,2025-10-19,Cayetana Franco Vila,Cádiz
Leche,18.61,5,2025-11-19,Celia Colomer Hervás,Guipúzcoa
Pan,11.75,5,2026-05-04,Abigaíl Roda Parra,Soria
Pan,19.63,9,2025-07-03,Martin Gallardo Campos,Segovia
Pan,13.87,3,2025-11-16,Juan Gomez Simó,Toledo
Leche,17.14,8,2025-09-25,Norberto del Amador,Asturias
Arroz,8.77,8,2026-05-05,Nilda Valenzuela Frías,Lleida
Aceite,12.01,3,2026-02-14,Jaime Vera Cid,Cádiz
Café,4.04,9,2026-05-10,Joaquín Marqués Marti,Guadalajara
Pollo,5.57,6,2025-09-27,Atilio Pelayo Figueras,Pontevedra
Azúcar,3.3,2,2026-05-07,Armida Marcos Molins,Navarra
Pan,7.44,9,2026-05-20,Miguela Roig Alemany,Valencia
Pollo,16.78,9,2026-01-16,Jacinta Arce Estrada,Madrid
Azúcar,7.48,10,2025-07-12,Adelaida Ibáñez Piñeiro,Pontevedra
Queso,2.66,1,2026-01-19,Blas Bayón,Badajoz
Azúcar,3.02,1,2025-11-21,Alba Morell Vara,Tarragona
Queso,7.34,8,2025-11-20,Estrella del Bonilla,Baleares
Carne,15.33,3,2025-12-15,Jafet Chaparro Cerdá,Ourense
Pollo,18.91,6,2025-10-16,Roberta Fuster Escalona,Lleida
Café,13.66,4,2026-01-30,Graciano Roura Casanovas,Segovia
Azúcar,1.04,8,2025-12-17,Valentín Poncio Carreras Terrón,Valladolid
Aceite,6.6,8,2026-05-25,Ana Belén Morales-Serra,Girona
Carne,11.08,7,2025-11-22,Rufino Fonseca Domingo,Valladolid
Pollo,6.24,3,2025-12-17,Azahara Arroyo Fuertes,Zamora
Carne,4.62,10,2026-02-20,Claudia Camps Cañete,Lleida
Leche,1.91,2,2026-04-23,Aitor Esteve-Miralles,Soria
Pollo,6.4,8,2026-01-04,Eva María Javiera Palacio Gárate,Salamanca
Huevos,16.65,10,2025-07-25,Mariano Blanes Pareja,Málaga
Azúcar,19.19,5,2026-03-26,Candela Bermejo León,León
Aceite,11.18,8,2025-11-01,Fernando Paniagua Gual,Ávila
Pollo,6.45,10,2025-12-12,Máximo Pánfilo Losada Giner,Vizcaya
Pan,15.11,6,2026-03-06,José Mari Coll-Acero,Melilla
Leche,11.35,3,2026-01-07,Juliana Sevillano Manso,Córdoba
Aceite,7.51,3,2026-03-01,Salomé Marí Montes,Teruel
Arroz,18.63,4,2026-02-03,Roberta de Estévez,Granada
Queso,18.94,5,2025-08-21,Luís de Ramirez,Barcelona
Azúcar,4.57,5,2025-09-05,Merche de Gibert,Ciudad
Huevos,15.19,3,2025-05-27,Dorita Raya-Palomares,Ciudad
Leche,14.54,4,2025-12-13,Ulises Tormo Mateos,Valladolid
Leche,17.26,6,2025-08-18,Camila Cárdenas-Polo,Vizcaya
Azúcar,4.84,8,2025-09-07,Imelda Luna-Barranco,Soria
Pollo,12.4,7,2025-07-22,Clara Patiño Badía,Álava
Huevos,13.34,9,2025-11-04,Mireia Ropero-Lorenzo,La Coruña
Leche,10.37,1,2025-10-21,Natalia Benita Mendoza Gallo,Segovia
Arroz,4.92,10,2025-10-06,Noemí Noguera-Hervás,La Rioja
Café,3.1,8,2026-04-18,Sofía Bonet Saavedra,Cádiz
Carne,1.47,4,2025-08-20,Estela Pujadas Cornejo,Valladolid
Pan,3.67,3,2025-10-03,Iván Plana Galvez,Barcelona
Aceite,13.65,8,2026-02-12,Juanito Castañeda Olmo,Tarragona
Queso,3.53,1,2025-10-22,Odalis del Arroyo,Ávila
Arroz,0.67,10,2026-01-22,Moreno Frutos Casanovas,León
Arroz,8.96,8,2025-12-22,Francisco Lluch,Pontevedra
Arroz,19.6,1,2025-09-05,Anna Mármol Viana,Guipúzcoa
Pan,11.23,2,2025-11-28,Esther Clemente-Velasco,Jaén
Azúcar,13.08,6,2025-10-25,Laura Santana Murcia,Ceuta
Huevos,4.69,5,2025-12-04,Calixta Carlos-Solano,Córdoba
Azúcar,8.71,6,2026-01-10,Rosalinda Sanchez Anguita,La Rioja
Aceite,3.92,7,2025-12-17,Eva Felicidad Bermúdez Iglesia,Asturias
Pollo,19.19,2,2026-02-24,Manolo Cerro,Palencia
Leche,8.27,10,2025-09-16,Arsenio Dávila,Valladolid
Leche,2.25,1,2025-06-01,Teodoro de Chaves,Guadalajara
Pan,8.03,10,2025-07-15,José Antonio Pallarès Soria,Badajoz
Pan,6.39,9,2025-08-15,Emiliano Miralles-Jaume,Alicante
Café,1.96,2,2026-03-30,Tatiana Bernat Aguilera,Ceuta
Aceite,17.27,2,2025-09-04,Victor Manuel Huertas Barón,Burgos
Queso,1.17,7,2026-03-18,Vanesa Pedrosa Acuña,Murcia
Pan,10.48,8,2026-03-29,Sarita Valls Burgos,Soria
Leche,8.29,10,2025-08-02,Xiomara del Parra,Murcia
Pan,3.93,2,2026-04-16,Corona Perlita Garrido Pinto,Murcia
Arroz,11.81,1,2025-12-22,Florencio del Laguna,Murcia
Queso,1.72,7,2025-06-14,Jose Manzanares,Lleida
Queso,7.66,3,2026-04-08,Juan Manuel de Pedro,Asturias
Pollo,10.4,4,2025-12-24,Guillermo Recio-Coronado,Pontevedra
Azúcar,17.95,4,2025-11-26,Teodora Sierra Roig,Navarra
Leche,2.4,5,2026-01-27,Felicidad del Acuña,Valencia
Queso,19.37,3,2026-04-03,América de Quero,Murcia
Queso,10.42,3,2025-10-28,Ximena Fuente García,Cantabria
Aceite,5.41,6,2026-03-17,Flor Zurita,Álava
Queso,1.44,5,2026-04-28,Chita Juan-Vilanova,Asturias
Aceite,3.21,9,2026-03-24,Lucho Escalona Gascón,Ciudad
Queso,8.41,5,2025-12-07,Roque Piñeiro Salmerón,Sevilla
Carne,8.41,8,2025-11-26,Álvaro Leopoldo Pozo Alemany,Girona
Huevos,4.02,5,2026-04-17,Roberta Pili Lucena García,La Rioja
Pan,11.98,4,2025-12-18,Remedios Adelina Hervia Rios,Guipúzcoa
Arroz,12.56,10,2025-10-30,Celia Guillen Pérez,Guadalajara
Leche,17.81,5,2026-01-09,Jose Miguel Cuéllar Galván,Alicante
Huevos,9.47,5,2025-09-08,Nicolasa Vallés Huertas,Albacete
Arroz,3.04,2,2026-05-27,Isaura Checa Comas,Burgos
Queso,19.67,7,2025-08-17,Micaela del Pavón,Teruel
Pan,2.96,10,2025-11-21,Severino Salgado Orozco,Soria
Café,1.34,7,2025-09-22,Carmelita Pinedo Badía,Álava
Aceite,8.21,10,2026-05-17,Carolina de Palomino,Alicante
Carne,19.19,10,2026-03-08,Benigno de Escrivá,Cádiz
Pollo,18.19,3,2026-02-07,Valerio de Leal,Barcelona
Pan,6.67,1,2025-09-10,Lilia Grande Hidalgo,Ciudad
Aceite,12.01,4,2026-05-20,Chema Aguirre Valderrama,Tarragona
Café,13.33,7,2026-02-15,Emiliana de Cuenca,Cantabria
Café,10.6,4,2025-06-05,Macarena Trujillo,Albacete
Leche,11.9,5,2025-07-20,Teodoro Ramón Alberola,Huelva
Arroz,16.37,3,2026-03-21,Adela Cabañas Feliu,Zamora
Azúcar,3.6,5,2025-08-06,Eliana Lupita Lillo Calvo,La Rioja
Aceite,3.86,3,2026-02-19,Beatriz Aller,Alicante
Carne,18.77,7,2026-02-27,Manuela Santos Pi,Ciudad
Azúcar,5.69,9,2025-06-10,Lourdes Piñol-Figuerola,Lugo
Café,18.5,4,2025-11-17,Candelaria Borrego-Luna,Cuenca
Queso,18.23,6,2025-09-10,Armando Lillo Tolosa,Ourense
Aceite,3.55,2,2025-08-11,Alexandra del Gomez,Córdoba
Leche,1.5,9,2026-05-22,Clemente Valdés-Heredia,Guipúzcoa
Café,11.81,8,2026-05-09,Cristina Cabeza Ayuso,Burgos
Huevos,15.01,9,2025-10-20,Luna Manuel Botella,Badajoz
Aceite,1.8,7,2026-05-22,Priscila Corbacho Portero,Málaga
Pan,10.15,5,2026-03-24,Nico Tenorio Dávila,Cuenca
Leche,12.0,8,2026-02-13,Dafne Villanueva Morales,Córdoba
Aceite,7.08,1,2026-02-18,Álvaro Blazquez Morcillo,Cantabria
Azúcar,8.33,5,2026-03-14,Juan Bautista Montero-Mayol,Huesca
Carne,15.72,5,2026-03-05,Tania Perlita Pujadas Pineda,Guipúzcoa
Arroz,15.16,9,2025-09-03,José Antonio Lasa Gomis,Almería
Café,13.48,2,2025-12-08,Mirta Carmelita Roura Querol,Tarragona
Huevos,3.22,4,2025-10-19,Chucho Tapia-Alcázar,Vizcaya
Queso,4.14,6,2025-06-29,Yésica Sans Belmonte,Salamanca
Leche,19.09,7,2025-10-25,María Teresa Castelló,Jaén
Aceite,15.92,7,2025-09-08,Alfredo Díez Lumbreras,Melilla
Leche,14.59,6,2025-10-08,Jose Miguel Montalbán,Guipúzcoa
Leche,6.14,4,2025-07-17,Ámbar del Cantón,Las Palmas
Queso,1.41,9,2026-01-02,Aurelio Bosch Viana,Pontevedra
Pollo,3.54,1,2025-11-26,Eustaquio Simón Lobato Suarez,Huesca
Carne,3.47,10,2025-11-12,Carlito Blanco Zorrilla,Valladolid
Aceite,1.78,3,2026-02-28,Amando Diez,Cádiz
Huevos,1.35,9,2025-10-16,Gertrudis Díez,Toledo
Azúcar,7.2,5,2026-05-19,Jordán Millán Blasco,Las Palmas
Leche,15.92,7,2026-01-08,Anselmo Fuente Patiño,Lleida
Queso,3.15,4,2025-12-06,Xiomara Cózar,Almería
Café,13.85,5,2026-03-15,Rosalva Javiera Font Marti,Palencia
Arroz,3.1,8,2026-05-11,Wálter de Vicens,Lleida
Arroz,15.07,4,2026-05-10,Jordi Álvarez Belda,Álava
Huevos,3.73,3,2025-06-22,Felix Amor Piquer Valenciano,Lleida
Leche,13.42,2,2026-03-03,Gloria Moliner Becerra,Segovia
Pollo,8.85,1,2025-10-22,Martín del Briones,Barcelona
Carne,11.24,1,2025-08-12,Domingo Cabeza,Cádiz
Pan,14.28,1,2025-08-01,Tatiana Quesada Dávila,Asturias
Arroz,1.21,3,2025-10-14,Leticia Menéndez Mateu,La Rioja
Carne,16.5,8,2025-08-07,Luisina Isabel Ramirez Barrena,Zaragoza
Café,12.89,1,2026-02-27,Arturo Miró Barroso,Badajoz
Arroz,4.8,3,2026-02-19,Manuelita Corral Pozuelo,Huesca
Carne,12.81,3,2025-11-11,Guiomar Román-Medina,Ávila
Café,3.38,2,2025-07-26,Salud Pía Ros Carmona,Huelva
Huevos,1.83,10,2025-11-01,Cayetana Criado Robles,Toledo
Queso,17.65,10,2026-01-13,Chus Tovar Montenegro,Almería
Azúcar,12.5,9,2026-02-01,Paco Soto Canals,Santa Cruz de Tenerife
Pollo,2.15,1,2025-06-27,Prudencio Corominas Cerro,Almería
Leche,5.79,9,2025-07-01,Tomás Angelino Santos Agudo,Guipúzcoa
Pan,3.27,3,2025-05-31,Rodolfo Esteban Mata Mir,Guadalajara
Huevos,14.94,3,2026-04-13,Danilo Palomar Collado,Navarra
Pan,13.63,1,2026-04-29,Ciriaco Raimundo Pomares Ribera,Cantabria
Queso,17.83,5,2026-02-12,Calista Pareja Borja,Ciudad
Café,7.31,6,2025-10-29,Julián Cervera Cortina,Albacete
Aceite,2.67,6,2026-02-18,Miriam Araujo Ramis,Tarragona
Aceite,11.4,3,2026-03-04,Isidoro Tur Sáez,Zaragoza
Queso,16.03,9,2025-09-04,Ovidio Padilla Abellán,Málaga
Queso,5.82,9,2025-12-24,Adora Lillo Patiño,Ciudad
Carne,1.91,2,2026-05-02,Eloy de Caparrós,Palencia
Pan,2.95,4,2026-05-27,Isidro Alcaraz-Aguirre,Guipúzcoa
Azúcar,16.81,3,2025-10-02,Casandra Martínez,León
Aceite,19.61,8,2026-02-07,África Correa Perera,Valencia
Aceite,17.39,8,2026-03-10,Plinio Borrell Falcó,Navarra
Azúcar,10.13,6,2025-06-27,Lisandro Ordóñez Duarte,Zamora
Azúcar,3.57,2,2025-08-24,Felicidad Rosalinda Barrena Izquierdo,Murcia
Carne,7.81,3,2025-07-30,Sofía Benavides Carbonell,Madrid
Arroz,7.93,8,2026-01-19,Susanita Varela-Aparicio,La Rioja
Aceite,7.3,5,2026-01-25,Valentina Ascensión Giménez Villalonga,Ciudad
Huevos,14.02,10,2025-08-22,Ariel Serna Zapata,Sevilla
Aceite,15.49,2,2026-04-30,Alejo Menendez Roig,Vizcaya
Leche,17.12,7,2025-12-18,Charo Santamaría Castell,Lleida
Arroz,1.17,10,2026-01-17,Sonia Velázquez-Urrutia,Ávila
Pollo,1.35,2,2026-02-25,Alexandra Galvez-Ariño,Melilla
Arroz,17.93,1,2025-06-25,Jose Manuel Hernando Conesa Jaume,Córdoba
Pan,4.23,8,2025-10-15,Agustín Amor Sanmiguel Sarabia,Burgos
Azúcar,18.03,7,2025-09-27,René Jose Carlos Cueto Medina,Asturias
Café,3.12,6,2026-03-09,Íngrid Melero Sevilla,Burgos
Pollo,16.03,6,2025-06-12,Tere Álvaro Ávila,Badajoz
Pan,7.59,6,2025-12-29,Maite Arias Palacio,Santa Cruz de Tenerife
Queso,1.27,9,2025-12-09,Luz Flor Cañizares,Zaragoza
Leche,16.52,2,2025-10-23,Rufina Gala Zapata Arnaiz,Tarragona
Carne,3.26,3,2026-03-12,Yéssica Velasco Manjón,Sevilla
Queso,7.42,5,2026-04-12,Gema Soriano Gual,Ourense
Arroz,18.99,6,2026-04-05,Consuela Bermúdez Vélez,Baleares
Pan,4.17,5,2026-05-10,Débora María Teresa Bartolomé Aragonés,Tarragona
Azúcar,8.4,1,2025-10-01,Marcela del Alberola,Huesca
Pan,2.37,8,2025-10-10,Galo Álamo Bueno,Lugo
Pan,13.85,6,2025-08-07,Cornelio Jódar Porras,Zaragoza
Pan,7.22,3,2025-10-10,Celestina Campoy Aranda,Valencia
Pan,12.38,10,2026-05-17,Adelaida Figueras Menendez,Lugo
Café,11.8,10,2025-08-18,Dionisio Daza-Pomares,Guipúzcoa
Café,8.47,4,2025-07-14,Fabián Iñiguez Alonso,Córdoba
Arroz,15.12,6,2025-10-29,Octavia Angélica Reig Campo,Tarragona
Azúcar,9.05,1,2026-05-21,René Villaverde Planas,Toledo
Arroz,11.57,7,2025-07-28,Julie Pina Roura,Segovia
Arroz,19.06,10,2025-08-04,Mariana Sala Duran,Murcia
Aceite,0.68,4,2025-12-31,María Luisa Aguado Arnaiz,Málaga
Huevos,8.95,5,2025-06-30,Estefanía Armida Cortina Ortuño,Málaga
Pan,3.4,9,2025-12-21,Cirino Montserrat Figueroa,Alicante
Queso,4.92,1,2025-10-13,Fátima Lola Cabezas Jordá,Lleida
Leche,2.7,2,2026-04-24,Nadia Olmo Gallart,Zamora
Queso,3.87,10,2025-08-25,Salud Polo Figuerola,Cuenca
Azúcar,1.2,10,2025-11-12,Evaristo Gallart Jáuregui,Ávila
Pollo,19.14,7,2026-01-31,Melchor Córdoba Figueroa,Valladolid
Aceite,4.79,4,2025-08-09,Emiliana Pujol Villalobos,Burgos
Aceite,8.42,10,2025-09-11,Horacio Valverde Lledó,Córdoba
Leche,18.86,6,2025-11-15,Cecilio Pinedo Arnal,Guadalajara
Azúcar,1.85,6,2026-03-05,Candelaria Hernando Tovar,Burgos
Huevos,14.16,1,2026-02-24,Íñigo Mulet Tejero,Lugo
Azúcar,10.84,9,2026-01-11,Sandra Casanova Bautista,Ávila
Pollo,19.03,6,2025-06-01,Pancho Moya Martinez,Segovia
Arroz,15.02,10,2025-06-12,Adolfo Hernandez Cueto,Zaragoza
Azúcar,3.57,7,2025-06-28,Pancho Córdoba,Granada
Azúcar,10.12,8,2026-05-09,Encarnación Alberto-Hernando,Madrid
Queso,9.75,1,2025-10-02,Joel Guillen,Salamanca
Carne,17.06,8,2025-09-27,Aureliano de Gámez,Navarra
Queso,19.13,7,2025-06-01,Remedios Cabanillas Baró,Las Palmas
Aceite,5.93,5,2025-11-15,Morena Manrique Gallart,Murcia
Aceite,17.62,6,2026-03-28,Óscar Acevedo Guzmán,Zaragoza
Pan,14.23,4,2025-11-10,Azahar Colomer Giralt,León
Café,13.47,10,2026-01-20,Olga Torrecilla León,La Rioja
Café,0.73,8,2025-07-16,Reyes Águila Mesa,Badajoz
Aceite,2.34,5,2025-09-12,Jacinta Dalmau Ibañez,Zaragoza
Huevos,19.46,3,2026-04-08,Constanza del Peñas,Ourense
Leche,9.31,9,2026-03-01,Edelmira Canet Gámez,Salamanca
Café,11.99,4,2026-02-28,Andrés Anguita Piña,Cáceres
Café,11.01,1,2025-09-12,Severiano del Franco,Albacete
Huevos,5.79,8,2025-09-09,Mohamed de Oller,Cádiz
Pan,3.95,4,2026-03-28,Jerónimo Botella Samper,Santa Cruz de Tenerife
Café,7.41,10,2025-08-16,David Bernardo Pol Guerra,Segovia
Pan,16.83,2,2026-03-30,Miguela Tamarit Cámara,Málaga
Leche,5.61,6,2025-10-06,Soraya Sureda Carbajo,La Rioja
Pan,6.91,4,2025-08-29,Jerónimo Gonzalez Olivé,Vizcaya
Pan,15.0,8,2025-11-01,Florencia Torrent Espinosa,Badajoz
Pan,16.7,6,2026-03-31,Raquel Armas Benavides,Segovia
Azúcar,17.63,7,2025-05-30,Ale Caro,La Coruña
Pollo,6.74,8,2026-03-30,Anacleto Reig Arellano,Cáceres
Azúcar,16.73,3,2025-08-15,Rafaela Hernando Mur,Castellón
Café,17.38,9,2025-07-09,Sabina Barrera-Bernal,Alicante
Aceite,7.1,3,2025-11-02,Amarilis de Hernández,Melilla
Pan,5.57,8,2026-05-12,Fidela Baeza Bonilla,Cádiz
Café,9.55,6,2026-05-11,Brunilda Benavente Valverde,Ourense
Café,12.43,9,2025-12-12,Azeneth Cuenca,Huesca
Pan,11.27,2,2025-09-10,Claudia Gálvez Molins,Baleares
Carne,6.58,1,2025-12-16,Patricia del Bejarano,Zaragoza
Pollo,11.07,5,2026-05-22,Julián del Amaya,Santa Cruz de Tenerife
Huevos,19.73,6,2025-12-05,Paulina Bayona Roldán,Álava
Azúcar,11.71,8,2025-09-12,Carmelita González Samper,Ávila
Leche,10.84,6,2025-10-11,Chus Lucas Pastor,Cáceres
Leche,14.84,4,2026-05-16,Eligia Figuerola-Blázquez,Cáceres
Arroz,15.54,4,2025-06-09,Nicodemo Mayoral Casanovas,La Rioja
Aceite,2.75,8,2025-12-07,Bernardino de Salvà,Cantabria
Huevos,6.23,5,2026-04-26,Nydia Iglesias Bárcena,León
Azúcar,8.75,10,2026-03-02,Ildefonso Acuña-Alonso,Castellón
Queso,11.16,7,2025-07-11,Rodolfo Viana Herrero,Ciudad
Azúcar,18.02,1,2025-06-01,Ismael Toledo Jove,León
Huevos,8.71,5,2025-08-09,Elisabet López Sola,Ceuta
Arroz,17.38,7,2025-10-19,Aarón Mateos,Huelva
Leche,16.32,2,2026-01-24,Vidal de Vendrell,Granada
Café,8.63,9,2025-07-21,Silvio Toro-Ibañez,Soria
Café,11.21,7,2025-11-18,Amarilis Casanova Vargas,Cádiz
Azúcar,12.67,2,2026-01-10,Margarita Casado-Julián,Huelva
Café,13.62,4,2025-12-29,Rosalía Mayo-Cases,Murcia
Café,11.45,10,2025-08-12,Emiliana Barreda,Valencia
Carne,9.54,4,2025-06-30,Rosalía Lasa Águila,León
Queso,13.15,1,2026-04-12,Genoveva Cecilia Nogués Cañizares,Girona
Aceite,7.95,7,2026-02-04,Pedro Tejedor,Toledo
Leche,0.68,4,2025-07-28,Marc Uriarte-Juárez,Huelva
Carne,19.26,2,2025-07-30,Silvia Frías Clemente,León
Carne,1.46,6,2026-02-28,Curro Hoz Bertrán,Valladolid
Aceite,9.05,2,2026-04-25,Josefa Manuela Arregui Piñol,Tarragona
Pollo,0.87,3,2025-05-28,Lorenza Palacios Uría,La Rioja
Aceite,14.69,3,2026-01-22,Juan Carlos Cózar,Valencia
Carne,15.02,2,2025-09-02,Herberto Diéguez,Álava
Carne,5.85,10,2026-04-18,Jose Simó Campoy,Madrid
Carne,11.43,4,2025-12-25,Juan Francisco Tejero Ballesteros,Cantabria
Carne,11.72,7,2025-11-01,Bautista Manso,Lugo
Leche,15.82,10,2025-09-24,Maxi Rocha Expósito,Segovia
Pollo,19.28,6,2026-03-24,Itziar Lucas Bernad,Huelva
Azúcar,5.94,9,2025-08-14,Leticia Giralt Artigas,Lugo
Pan,11.14,10,2025-08-16,Basilio Rozas,Asturias
Queso,16.33,9,2026-05-13,Paulino Víctor Granados Villalobos,Málaga
Azúcar,19.96,7,2025-09-26,Ana Sofía Cobos,Albacete
Carne,16.04,1,2025-06-14,África Chaparro Salamanca,Valencia
Pollo,2.85,9,2026-02-24,Marisol Galvez,Badajoz
Queso,14.8,3,2026-01-26,Augusto Gallego Arribas,Melilla
Azúcar,17.06,4,2026-05-02,Visitación Villegas Cuesta,Sevilla
Azúcar,2.43,4,2025-07-29,Estela Carlos,Toledo
Pan,9.59,6,2025-10-13,Gervasio Bustos Morell,La Coruña
Huevos,14.45,5,2026-04-08,Alondra Jáuregui Solera,Ourense
Huevos,18.39,1,2026-04-11,Herberto Esparza Garay,Ávila
Azúcar,5.47,1,2025-07-26,Horacio Lucena Vara,Alicante
Leche,11.94,4,2026-05-01,Ignacia Uribe Osuna,Cáceres
Café,7.79,6,2025-09-06,Marcela Benitez-Benito,León
Huevos,8.08,5,2025-09-03,Xiomara Torrent,Málaga
Leche,9.31,8,2025-12-08,Santos Mariano Torrijos Guillén,Lugo
Aceite,19.42,7,2026-01-25,Bartolomé Renato Sanabria Company,Melilla
Pan,5.05,1,2025-10-28,Urbano del Vicente,Navarra
Leche,8.41,4,2025-06-24,Sol Valentina Pera Carballo,Soria
Carne,15.57,3,2025-11-24,Angelina de Cárdenas,Guipúzcoa
Café,4.49,4,2025-06-09,Ruth Alberto,Salamanca
Azúcar,4.34,5,2025-12-02,Miguela Adoración Torres Pérez,Guadalajara
Carne,19.04,6,2025-09-10,Juan José Vasco Zurita Berenguer,Vizcaya
Leche,18.45,4,2026-03-09,África Losada Laguna,Soria
Arroz,10.82,7,2025-06-24,Cipriano Alegria Alba,Ávila
Café,17.86,6,2025-05-29,Celestina Rodrigo Alonso,Madrid
Café,14.86,6,2025-08-08,Emelina Agullo Río,Murcia
Carne,17.72,3,2025-10-31,Ángeles Acosta Aguado,Jaén
Carne,1.39,9,2025-11-28,Plinio Escamilla-Sancho,Ciudad
Leche,3.67,2,2025-12-07,Calixta Alfaro Moles,Melilla
Arroz,3.62,5,2025-08-21,Pedro de Sala,Murcia
Pan,14.08,7,2025-09-11,Alfonso Morell,La Rioja
Carne,18.93,9,2025-08-29,Adela Riba Gisbert,Ourense
Queso,11.01,6,2026-03-01,Máximo Gallo Reig,Valencia
Huevos,7.98,3,2026-02-23,Paulino de Castejón,Málaga
Queso,2.88,8,2026-02-06,Delia Benitez Lluch,Guipúzcoa
Pollo,2.63,5,2026-02-06,Inocencio Heredia-Castejón,Huelva
Carne,16.3,10,2025-10-03,Jonatan Garcés,Lleida
Carne,10.84,5,2025-11-01,Saturnina Iñiguez Godoy,Cuenca
Pan,11.13,10,2026-02-23,Susanita Quesada,Ourense
Café,5.86,5,2025-06-14,José León Arellano,Toledo
Queso,5.55,1,2025-08-18,Cloe Sedano Galan,Sevilla
Azúcar,18.1,5,2025-12-04,Guiomar Ureña Cobos,Tarragona
Queso,5.88,2,2026-03-08,Rosario Galindo-Duran,Burgos
Azúcar,9.51,7,2026-04-02,Heraclio Azcona Guijarro,Navarra
Aceite,19.94,1,2026-04-01,Gisela Ramos-Vallés,Vizcaya
Leche,9.83,6,2025-11-03,Regina del Fuster,Alicante
Carne,16.6,10,2026-02-19,Nico Jove-Cuenca,Soria
Café,11.4,5,2026-01-26,Cecilio Amador-Gibert,Ávila
Pan,1.37,9,2025-12-19,María del Gelabert,León
Huevos,11.63,5,2025-10-02,Horacio Viña-Márquez,Sevilla
Azúcar,3.64,1,2025-07-13,Silvio de Bastida,Albacete
Café,18.53,2,2025-07-06,Humberto Raya Ariño,Badajoz
Leche,12.6,4,2026-02-04,Olegario Carballo Catalá,Asturias
Leche,8.84,2,2026-04-19,Tito Teruel,Santa Cruz de Tenerife
Pan,9.14,7,2025-06-29,Nicolás Abril,Cádiz
Queso,6.39,8,2025-12-15,Jaime Nicolás Tejero,Zaragoza
Carne,19.76,10,2025-06-06,Rodrigo Castrillo Guardia,Albacete
Carne,13.56,4,2026-04-06,Adoración Gallardo Gascón,León
Leche,2.43,5,2026-05-21,Isidro Batlle-Galván,Segovia
Pan,7.74,3,2026-01-10,Cleto Valero Uriarte,Albacete
Pan,14.45,1,2026-04-18,Loreto de Galán,Ciudad
Huevos,11.53,4,2026-05-25,Jacinta Ferreras,Cádiz
Huevos,16.87,2,2026-03-24,Bibiana Almansa,Madrid
Carne,14.61,8,2025-06-20,Natividad Atienza Lumbreras,Soria
Café,3.09,7,2025-10-31,Anacleto Juárez Hernandez,Ceuta
Arroz,19.84,2,2025-06-25,Apolinar de García,Vizcaya
Arroz,0.7,5,2026-05-25,Paula de Iborra,Huesca
Pan,10.68,8,2025-10-21,Che Polo Isern,Segovia
Pollo,2.47,2,2025-09-19,Amelia Pagès Batalla,Albacete
Pollo,1.17,9,2025-08-20,Armando Asensio Taboada,Madrid
Pollo,4.58,4,2025-12-20,Carmina Mariño Fiol,Cádiz
Carne,0.87,6,2025-07-25,Constanza Sáenz Acevedo,Álava
Arroz,13.34,8,2025-11-26,Nando Acuña Roselló,Cantabria
Aceite,10.01,2,2026-05-20,Sofía Asenjo Lozano,Jaén
Huevos,17.1,3,2026-03-07,Tere Palomares-Calatayud,Murcia
Pollo,15.1,4,2025-07-20,Lisandro Barón-Capdevila,Cuenca
Queso,9.56,10,2025-12-30,Aitor Elías Vall,Córdoba
Pollo,18.63,3,2025-12-23,Paulina Andrés Palomino,Zamora
Azúcar,2.14,4,2026-05-04,Chus Oller-Monreal,Segovia
Carne,9.32,5,2025-07-24,Camilo Peláez Salas,Baleares
Pollo,3.22,10,2025-12-22,Curro Fuertes Font,Ávila
Café,16.0,4,2026-01-27,Josefina Diez Sáez,Guipúzcoa
Queso,8.04,8,2025-12-11,Ramiro Gaya Manzanares,Ávila
Pollo,4.18,4,2026-05-11,Adriana de Morcillo,Teruel
Arroz,12.55,8,2026-01-15,Hernán Aitor Gómez Seguí,Cuenca
Pan,10.17,9,2025-09-19,Abel Macías Teruel,Valladolid
Azúcar,14.83,3,2026-03-29,Erasmo Marí Milla,Ourense
Aceite,1.58,1,2025-06-11,Antonia Arnaiz-Carreño,Madrid
Huevos,1.73,4,2026-02-12,Evita Costa-Nieto,Murcia
Carne,13.14,10,2026-01-22,Roldán Galvez Carrasco,León
Azúcar,1.8,8,2025-09-05,Segismundo Castilla Yuste,Córdoba
Aceite,0.99,8,2026-01-18,Ezequiel Joan Villanueva Robledo,Salamanca
Azúcar,7.0,10,2025-06-26,Lupe Bernardino Escalona Lumbreras,Teruel
Café,12.81,8,2026-01-17,Abigaíl del Iñiguez,Valladolid
Aceite,4.08,7,2026-05-21,Leocadia Bayón-Tena,Álava
Azúcar,17.06,9,2026-01-16,Filomena Rosa Fernandez,Cantabria
Café,4.84,8,2026-02-17,Ezequiel Colom Lara,Cádiz
Aceite,19.47,5,2025-07-12,Joaquín Pintor,Sevilla
Pan,13.27,9,2026-02-18,Mariana Arco Perales,Asturias
Leche,8.8,3,2025-11-28,Erasmo Prado Acero,Madrid
Café,18.55,2,2026-02-10,Tere Diego Clemente,Girona
Carne,18.42,2,2026-02-22,Etelvina Arnal Garmendia,Alicante
Carne,18.47,10,2025-12-10,Obdulia Duque Vall,La Rioja
Aceite,5.95,3,2026-05-16,Ernesto Blanes Collado,Segovia
Pan,4.86,3,2025-07-09,Ismael Amo Sanmartín,Pontevedra
Carne,18.09,10,2025-07-25,Nicanor Priego Barros,Valencia
Carne,19.42,5,2025-11-13,Mónica Andrés Ferreras,Vizcaya
Azúcar,1.95,2,2026-05-09,Jacinta de Peinado,Asturias
Queso,0.6,3,2025-11-06,Julieta Rozas-Bertrán,Burgos
Azúcar,14.69,9,2026-02-12,Tamara Bilbao Rovira,Córdoba
Café,1.51,1,2026-03-24,Marisol Real Llorens,Girona
Leche,17.94,4,2025-12-21,Ángela Bueno Acosta,Valencia
Azúcar,4.84,8,2025-10-09,Ana Sofía del Varela,Sevilla
Aceite,7.17,3,2025-11-11,Malena Maite Novoa Reguera,Zamora
Pollo,11.36,3,2025-09-08,Florina Morera Navarrete,Asturias
Café,14.1,7,2025-07-17,Arsenio Aitor Feijoo Campillo,Soria
Carne,0.7,1,2026-03-16,Wilfredo Hernández Llabrés,Castellón
Carne,3.18,3,2026-05-18,Olga Villena Bilbao,La Rioja
Huevos,3.66,7,2025-10-21,Melchor José María Atienza Ocaña,Valencia
Café,18.6,10,2025-10-22,Azahar Claudia Pedrosa Collado,Córdoba
Pan,11.2,9,2026-04-29,Manuel Canet Palma,Soria
Arroz,15.41,6,2026-03-24,Margarita Fernandez,Lugo
Café,5.16,5,2025-11-09,Lilia Zamora Malo,Zamora
Azúcar,10.99,9,2025-12-23,Trinidad Fernández Carrillo,Asturias
Huevos,18.23,8,2026-04-27,Felisa Ríos Amores,Zaragoza
Huevos,18.19,6,2025-10-03,Germán Santos Donoso,Girona
Café,4.62,9,2025-07-01,América de Juárez,Melilla
Leche,16.44,3,2025-10-19,Toni Lladó Zabaleta,Vizcaya
Azúcar,3.66,10,2026-01-22,Eusebio Ferrero-Aguado,Girona
Leche,17.57,8,2026-03-25,Máximo Larrañaga Rosado,Soria
Huevos,11.19,10,2025-12-14,Miguela Chamorro Morell,Barcelona
Leche,15.91,5,2026-03-04,Benito Campillo Batlle,La Coruña
Azúcar,7.54,9,2025-07-26,Chita Prat-Arnal,Murcia
Queso,19.22,4,2025-06-01,Concha Rico,Navarra
Arroz,8.28,3,2025-08-24,Guadalupe Montenegro Rueda,Lleida
Café,8.94,6,2025-09-23,Pablo Valentín Olivares,Badajoz
Queso,4.22,9,2025-07-16,Pascuala Ortiz Giralt,Lleida
Aceite,17.76,8,2025-08-04,Bonifacio Macías Revilla,Ceuta
Azúcar,4.25,9,2026-04-08,Fabio Martin Torres Cantón,Palencia
Leche,18.74,8,2025-09-19,Benigno Tejedor Córdoba,Santa Cruz de Tenerife
Leche,17.08,10,2026-01-10,Conrado del Galván,Zamora
Leche,18.7,5,2026-03-14,Florinda Delgado Prada,Huesca
Aceite,6.39,1,2026-04-10,Isa Palomar Mariño,Álava
Azúcar,12.78,4,2026-03-16,Íngrid Agudo Morales,Albacete
Arroz,17.63,3,2025-12-31,Ciriaco Pacheco Querol,La Coruña
Carne,5.28,1,2025-12-20,Alicia Alfonso Cabezas,Castellón
Café,2.86,2,2025-09-15,Montserrat Riquelme-Cervantes,Lleida
Huevos,2.62,2,2025-11-15,Francisco Jose Jose Ignacio Sans Oliva,Girona
Pollo,1.14,5,2026-03-18,Hermenegildo Ernesto Romero Zamora,Santa Cruz de Tenerife
Pollo,19.23,1,2026-02-02,Eutimio Llopis-Ferrández,Madrid
Queso,10.54,6,2026-05-20,Dora de Salinas,Castellón
Leche,7.19,1,2026-02-07,Ana Franco Román,León
Queso,13.26,10,2025-06-13,Espiridión Berenguer Arribas,Ourense
Leche,18.49,4,2025-09-14,Rosario Sebastián Rodríguez,Vizcaya
Pollo,3.08,8,2025-10-02,Flor Benito Pineda,Valencia
Café,18.15,4,2026-01-09,Úrsula del Moles,Baleares
Huevos,1.49,10,2025-07-27,Clementina Torres Arévalo,Santa Cruz de Tenerife
Huevos,8.01,8,2026-01-02,Odalys Bru Prats,Madrid
Leche,6.5,7,2026-02-06,Elvira Machado Jove,Cuenca
Pollo,2.07,8,2026-02-05,Dolores Antonia Andrés Llobet,Santa Cruz de Tenerife
Pan,19.38,10,2025-11-09,Jordana Caridad Cal Bustamante,Santa Cruz de Tenerife
Azúcar,8.71,9,2025-06-09,Anselma Domínguez Bonet,Guadalajara
Azúcar,15.07,3,2025-09-13,Loreto de Morales,Navarra
Carne,9.56,7,2026-02-10,Amancio Blázquez Valverde,Guadalajara
Café,6.86,1,2025-09-26,Nazaret Villa Barberá,Valladolid
Aceite,11.67,1,2026-03-16,Nacio Blanch Andreu,Zamora
Arroz,7.57,4,2025-10-09,Feliciano del Ríos,Asturias
Huevos,4.42,10,2026-05-19,Virginia Comas Carmona,Navarra
Carne,17.69,9,2026-04-14,Nazario Macías Peralta,Madrid
Leche,14.59,8,2025-09-25,Vito Roselló,Zamora
Azúcar,8.43,6,2025-08-03,Macario Larrea Granados,Almería
Queso,4.35,6,2025-05-29,Donato Soriano Madrid,Jaén
Aceite,3.58,7,2025-12-15,Leonor Mendez,Cáceres
Leche,12.84,1,2025-08-07,Loida Prado Carlos,Vizcaya
Queso,17.65,1,2025-09-25,Jenny de Becerra,La Coruña
Aceite,16.02,10,2026-04-22,Graciana Royo Herrera,Pontevedra
Leche,19.08,8,2025-06-17,Ambrosio Saez Castell,Albacete
Queso,10.97,2,2026-04-26,Gregorio Benítez Sala,Murcia
Leche,17.68,10,2025-12-01,Jose Francisco Gomis Beltrán,Córdoba
Pollo,7.1,6,2025-09-02,Ildefonso Colomer Taboada,Cáceres
Café,18.69,3,2025-10-07,Fernando Solsona Solé,Albacete
Azúcar,16.49,10,2025-06-18,Constanza Escribano Meléndez,Valencia
Arroz,12.63,4,2026-02-18,Ana Salgado Barranco,Zaragoza
Pan,1.74,4,2025-07-29,Candelas Campillo,Navarra
Huevos,10.08,4,2025-09-23,Lázaro Sarmiento Sobrino,Toledo
Queso,4.61,9,2025-08-13,Ceferino Saura-Chico,Ceuta
Leche,17.23,1,2026-01-20,María Luisa Cantón Villena,Las Palmas
Pan,8.21,10,2025-08-25,Fabricio Arana Sureda,Teruel
Arroz,3.65,2,2025-08-13,Silvia Canet Urrutia,Madrid
Pollo,16.34,9,2025-07-20,Conrado Pazos-Barriga,Lugo
Azúcar,14.04,6,2026-03-20,Aurelio Hierro Villalba,Jaén
Leche,4.88,4,2026-02-03,Federico Aguirre-Reina,Cádiz
Café,4.13,9,2025-06-06,Teobaldo Anaya Gaya,Burgos
Huevos,9.12,3,2026-01-10,Maximino Ferrando Ribera,Navarra
Carne,10.85,8,2026-04-14,Camila de Pozo,Asturias
Carne,16.26,9,2026-03-21,Mirta Echeverría Castillo,Palencia
Aceite,9.45,3,2025-08-26,Lorenzo Sebastián Batalla,Granada
Arroz,12.16,3,2025-06-07,Prudencio Máximo Osorio Valbuena,Ceuta
Café,12.62,3,2026-05-06,Wálter Falcó,Huesca
Azúcar,5.43,9,2026-01-13,Pancho Feliciano Arranz Molina,Valencia
Arroz,3.0,1,2026-01-04,Nazaret Abellán Losada,Tarragona
Azúcar,16.16,2,2025-11-27,Pili Almagro Viñas,Albacete
Pollo,4.74,7,2025-08-21,Olegario Cabrera Río,Toledo
Huevos,3.72,7,2026-02-03,Xavier Pujadas Pavón,Castellón
Aceite,1.73,2,2025-08-01,Felicidad Cañas Ribera,Albacete
Carne,17.95,8,2026-02-25,Juan Antonio Verdú Revilla,Albacete
Leche,18.36,2,2026-04-30,Estela Jover-Muro,Ceuta
Carne,4.65,3,2025-10-22,Demetrio Llorens Farré,Huesca
Huevos,3.0,4,2026-04-18,Jacobo Castillo Guillen,Lleida
Café,9.95,7,2026-01-16,Carmen Canales Pagès,Teruel
Pollo,3.11,3,2026-01-29,Eligio Pavón Vilaplana,Ourense
Pan,4.98,1,2026-02-03,René Priego Alcalde,Salamanca
Arroz,8.64,6,2025-07-05,Eutropio Vaquero Navas,Navarra
Café,6.57,9,2025-11-27,Xavier Ordóñez Correa,Santa Cruz de Tenerife
Leche,5.83,8,2026-03-14,Joaquín Armas,Pontevedra
Arroz,6.07,3,2025-12-19,Florencio Chamorro Canet,Toledo
Arroz,18.69,1,2025-09-02,Magdalena Pujol Cardona,Ciudad
Pollo,19.57,3,2026-03-16,Celestina Piña Batalla,Toledo
Queso,5.34,8,2026-03-21,Marcela Tur-Fuster,Salamanca
Queso,16.95,10,2025-08-13,Chita de Agustí,Castellón
Arroz,7.42,3,2025-10-18,Jose Ramón Prado Riera,Soria
Café,9.93,6,2026-02-05,Edelmiro Uribe Gaya,La Coruña
Leche,16.35,1,2026-03-15,Sarita Dionisia Perera Morcillo,Cantabria
Pan,1.22,9,2025-07-01,Carolina Rosado,Burgos
Carne,0.76,6,2025-12-02,Leopoldo Aguilar Soriano,Zamora
Aceite,2.31,10,2025-09-16,Salomé Sacristán Zapata,Tarragona
Pollo,14.0,9,2026-02-08,Artemio Infante-Cáceres,Castellón
Huevos,19.45,3,2026-03-17,Odalis de Carvajal,Tarragona
Café,7.56,10,2026-02-11,Adrián del Prieto,Álava
Pollo,19.66,7,2025-07-09,Kike Epifanio Cornejo Juan,Asturias
Huevos,8.36,6,2025-07-23,Pancho Aguilar Canales,Albacete
Azúcar,15.6,7,2025-12-24,Gilberto Parra Echeverría,Lugo
Azúcar,10.23,6,2026-04-16,Alex del Carrillo,Zamora
Queso,17.47,8,2026-04-19,Mateo Villa-Ramos,Soria
Azúcar,16.76,6,2026-04-25,Genoveva Cano Viana,Las Palmas
Queso,2.6,7,2025-11-11,Josefa Pili Andreu Villanueva,Salamanca
Café,7.52,2,2025-08-26,Vera Estefanía Lorenzo Busquets,Pontevedra
Pollo,9.13,8,2026-04-25,Perlita Bonet-Gibert,Cádiz
Arroz,10.35,6,2025-12-26,Custodia Casas Flor,Huelva
Azúcar,5.04,7,2025-06-22,José María Ripoll-Palmer,Lugo
Arroz,1.7,6,2026-04-28,Pepita del Saez,Málaga
Café,0.85,10,2026-02-16,Jordana Lluch Ferrándiz,Barcelona
Carne,14.12,6,2026-01-08,Marino Benet Flores,Burgos
Carne,18.72,5,2026-03-04,Renata Tejero Castejón,Ávila
Café,6.18,6,2026-05-08,Cruz de Tormo,Almería
Pan,11.29,3,2026-05-17,Venceslás Iñiguez-Pujol,Córdoba
Azúcar,9.56,10,2025-09-19,Primitiva de Salvà,Pontevedra
Carne,11.62,10,2025-09-22,Manola Gimenez Perera,Pontevedra
Carne,3.48,1,2026-04-14,Roque España Llano,Madrid
Pan,1.58,9,2025-08-15,Guadalupe Tolosa Mariscal,Cádiz
Leche,11.03,10,2026-04-30,Valerio Torrens Corominas,Badajoz
Aceite,8.32,3,2025-11-03,Ciríaco Cazorla Rebollo,Asturias
Café,6.22,9,2025-08-01,Eugenio de Guzman,Jaén
Huevos,0.77,4,2026-02-25,Esther Ordóñez Riera,Huelva
Arroz,14.7,2,2026-05-09,Toni Paulino Niño Cadenas,Cádiz
Queso,15.7,3,2025-08-14,Rubén Barroso Julián,Madrid
Carne,10.21,3,2025-12-18,Anastasia de Andreu,Albacete
Huevos,19.09,8,2026-04-22,Camilo Iborra,Cuenca
Queso,10.41,5,2025-12-16,Ainoa Navas Nogués,Córdoba
Leche,10.18,6,2026-01-23,Azucena Rozas Corbacho,Álava
Azúcar,9.69,5,2025-08-31,Paca Aliaga Huerta,Cáceres
Carne,3.27,2,2025-10-22,Natalia Morán Cordero,Almería
Leche,4.61,1,2026-01-06,Onofre Palmer Alemany,Huelva
Carne,9.75,2,2025-07-10,Arsenio Trujillo Bello,Sevilla
Pollo,1.23,2,2025-06-19,Fausto Gallardo Alarcón,Cádiz
Carne,2.14,7,2025-11-12,Cristóbal Sobrino,Cádiz
Carne,14.58,1,2026-03-20,Sonia Jimenez Almansa,Burgos
Carne,9.94,6,2025-11-22,Ruperta Rodríguez Tena,Pontevedra
Queso,12.02,5,2025-06-28,Alexandra Bayón Carranza,Cádiz
Pan,12.81,8,2026-05-02,Máximo Villalobos Sans,Huesca
Carne,5.04,1,2025-11-02,Jafet Font Leiva,La Rioja
Pollo,2.47,2,2026-05-25,Ani Aguiló Bernal,Badajoz
Café,11.54,9,2026-05-06,Luisa Castilla Solsona,Murcia
Huevos,15.32,2,2025-09-20,Vidal Fuster Diez,Soria
Arroz,13.57,9,2025-07-23,Rosario Vélez Azcona,Badajoz
Queso,19.39,4,2026-02-05,Joaquín Nacho Narváez Rincón,Jaén
Azúcar,6.02,6,2026-02-27,Marcela Bernad Somoza,Madrid
Carne,12.97,8,2025-12-27,Julieta Alfaro Vara,Teruel
Café,4.06,8,2025-10-25,Abraham Gascón Madrid,Sevilla
Leche,16.02,6,2025-11-27,Modesto Tejada,Barcelona
Café,0.59,1,2025-08-04,Joan Nogués Pol,Huesca
Café,16.87,8,2026-04-30,Plácido Antúnez Torrens,Vizcaya
Pollo,18.9,5,2026-02-09,Félix Riba-Robledo,Badajoz
Azúcar,15.84,10,2026-03-12,Prudencia Alcántara-Collado,Castellón
Huevos,1.13,2,2025-07-19,Antonio Murcia Guardiola,Pontevedra
Arroz,14.31,2,2026-03-05,Hugo Cózar-Ferrera,Lugo
Aceite,19.93,8,2026-02-17,Rosario Merino Mendez,Cáceres
Pan,5.37,3,2025-09-09,Maite Zapata Arévalo,La Rioja
Café,3.69,7,2026-03-12,Fermín Alegria-Milla,Málaga
Aceite,3.25,9,2025-06-06,Segismundo Norberto Quevedo Macías,Málaga
Aceite,6.36,2,2026-05-11,Delfina Pavón Tamarit,Alicante
Pan,18.15,2,2025-06-27,Renato García Bravo,Murcia
Café,0.74,2,2025-09-02,Ceferino Salinas Diaz,Alicante
Pan,19.38,2,2026-04-27,Espiridión de Batlle,Guipúzcoa
Huevos,9.23,4,2026-05-18,Maxi Andrés Pombo,Salamanca
Huevos,6.83,9,2025-08-23,Vilma de Pi,Vizcaya
Leche,15.14,9,2026-04-01,Gervasio Villar Arco,Valladolid
Arroz,11.44,2,2025-12-22,José Luis Exposito Pizarro,Vizcaya
Azúcar,9.49,6,2025-12-06,Silvio del Ugarte,Melilla
Huevos,2.97,4,2025-06-04,Guadalupe Casals Cantero,Asturias
Carne,11.57,2,2026-04-30,Hipólito de Camps,Almería
Pan,15.6,3,2026-01-05,Joaquina Iniesta Arteaga,Lleida
Azúcar,19.67,10,2026-02-04,Eladio Carbonell Guardiola,Lugo
Arroz,11.65,8,2025-11-22,Quique Amigó Barral,León
Huevos,15.06,5,2026-02-13,Samu Carnero Burgos,Sevilla
Arroz,7.52,8,2025-11-24,Modesto Montserrat,Burgos
Huevos,14.42,4,2026-04-21,Juliana Pozuelo-Galan,Jaén
Carne,8.49,8,2026-03-29,Ámbar de Morante,Ourense
Arroz,17.66,10,2026-04-10,Pastora Barberá Vilanova,Salamanca
Azúcar,15.44,8,2026-01-15,Rosalía Silva,Murcia
Carne,15.81,7,2025-06-28,Marcos Salinas Prat,Girona
Pollo,4.56,3,2026-05-01,Candelaria Barreda Jódar,Girona
Carne,19.71,10,2026-05-04,Haydée Bello Arévalo,Soria
Aceite,4.07,8,2025-09-28,Constanza Marquez,Zaragoza
Azúcar,8.87,6,2025-08-04,Eusebia Uriarte Ballesteros,Las Palmas
Azúcar,19.79,5,2025-08-16,Natanael Ibarra Acosta,Barcelona
Arroz,17.01,7,2026-05-04,Lina Ramírez Barrera,Albacete
Leche,15.17,7,2026-05-07,Heliodoro Angulo Avilés,Málaga
Carne,17.3,7,2026-01-04,Carlos Jordán Blanco,Cáceres
Pollo,2.81,2,2026-04-16,Emelina Rodríguez Fuentes,Cáceres
Carne,10.34,1,2025-10-17,Florentino del Arenas,Burgos
Azúcar,13.81,6,2025-06-01,Marco Fábregas Cisneros,Jaén
Pollo,7.74,1,2026-03-15,Manuela Pino,Murcia
Queso,6.14,6,2026-05-21,Anastasia Milla Carreño,Toledo
Leche,14.68,2,2025-12-23,Cecilia Tejera Terrón,Álava
Pollo,11.16,1,2026-05-04,Félix Gordillo-Anguita,Badajoz
Queso,12.09,5,2026-01-08,Manuelita Hierro Segura,Valladolid
Pan,18.54,8,2025-11-25,Amor Losada,Girona
Carne,1.55,7,2026-01-19,Martina de Lumbreras,Ciudad
Huevos,5.81,2,2025-10-14,Gabriela de Ortuño,Palencia
Café,14.77,8,2025-12-28,Fabiana Priego Martinez,Murcia
Queso,9.2,7,2026-04-04,Leonor Amigó,Santa Cruz de Tenerife
Leche,18.73,6,2025-09-20,Rómulo Requena,Ourense
Leche,10.72,5,2025-11-24,Eustaquio Molins Domínguez,Baleares
Leche,8.76,9,2025-07-28,Carmina Figueroa-Alcalá,Huelva
Pollo,3.8,2,2026-02-22,Germán Pedro Bermejo,Sevilla
Pan,9.95,9,2026-01-15,Lola Zabaleta Guzmán,La Coruña
Café,6.8,2,2026-04-22,Almudena Vergara Casares,Zamora
Café,18.17,5,2025-08-01,Tania del Velasco,Córdoba
Café,5.52,1,2026-01-17,Jesusa Jara Solsona,Ciudad
Leche,14.7,9,2026-02-23,Catalina Cózar Colomer,Sevilla
Pollo,5.6,10,2025-11-01,Chuy Segarra,La Coruña
Huevos,18.34,8,2025-10-06,Sonia Sebastián Almansa,Sevilla
Aceite,14.98,1,2026-01-23,Mohamed Tena,Toledo
Pollo,10.68,7,2025-10-14,Silvia Contreras Gutierrez,Ciudad
Huevos,10.04,10,2025-10-16,María Fernanda Sánchez Tejada,Las Palmas
Pollo,19.51,5,2026-05-16,Isa Uribe Puga,Santa Cruz de Tenerife
Huevos,17.54,6,2026-02-19,Eloy Heredia Quesada,Granada
Pollo,16.08,5,2026-01-02,Pepita Mosquera Rovira,La Rioja
Huevos,5.64,1,2025-07-28,Bernarda Moya Clavero,Huelva
Pollo,11.9,10,2026-03-29,Jose Carlos Sales Grau,La Coruña
Leche,3.67,4,2025-06-30,María Del Carmen del Contreras,Cuenca
Carne,12.5,4,2026-01-15,Prudencio Soria Sebastián,Valladolid
Café,18.08,9,2025-10-05,Gracia Caridad Sancho Arrieta,Madrid
Pan,18.98,10,2025-09-30,Faustino Fortuny Porcel,Madrid
Queso,10.53,1,2025-08-20,Paulina Sara Enríquez Izquierdo,Salamanca
Queso,6.45,3,2026-05-09,Estefanía Maricela Salamanca Sola,Córdoba
Café,18.8,5,2025-09-21,Valero Madrigal Asensio,Pontevedra
Huevos,4.02,8,2026-02-26,Sebastián Tomas Folch,Teruel
Café,15.09,6,2025-09-07,Hugo Morales Casado,Soria
Leche,16.65,4,2026-01-27,Isaura Mena-Menendez,Guipúzcoa
Azúcar,17.15,2,2025-07-11,Tania Amat-Campo,Pontevedra
Aceite,3.45,8,2025-10-18,Remigio Macias Bautista,Cantabria
Queso,18.42,1,2026-03-03,María Teresa Marí Boix,Almería
Azúcar,19.2,4,2026-02-27,Rosalinda Albero-Pizarro,Tarragona
Aceite,17.32,5,2025-07-25,Tere Moya Andres,Girona
Café,18.11,3,2025-07-21,Mirta Oliver Collado,Valencia
Huevos,17.78,9,2026-01-05,Federico Mata Sans,Zamora
Huevos,15.55,10,2026-04-21,Alejo Abel Tur Palacios,Baleares
Café,17.65,10,2026-04-11,Cristian Alfonso,Cantabria
Arroz,6.22,1,2026-02-11,Jacinta Hoyos,León
Pan,8.71,5,2025-07-27,Ainoa González Solé,Cuenca
Pollo,12.21,2,2026-01-03,Sofía Torre Duran,Ceuta
Pan,3.58,7,2026-03-31,Juan Naranjo Cifuentes,Lleida
Pan,1.27,4,2026-02-27,Fidela del Girón,Girona
Pollo,19.43,3,2026-05-26,Ismael Folch-Elías,Cádiz
Leche,16.77,6,2025-08-11,Camilo Ferrando-Vicente,Madrid
Carne,5.44,6,2025-12-27,Lupita Figueroa Exposito,La Rioja
Pan,11.84,4,2026-01-09,Eligio Mayo Sanchez,Toledo
Aceite,6.27,2,2025-11-19,Dan Toni Frutos Carrión,Zamora
Pollo,18.59,5,2025-07-12,Javier Alonso Medina,Lugo
Queso,5.78,8,2025-12-01,Lope Pozuelo-Canet,Badajoz
Café,13.01,4,2026-01-02,Gil Rodrigo Baena,Granada
Queso,13.54,9,2026-05-06,Concepción Nogués Checa,Baleares
Carne,3.49,8,2026-04-23,Luciano Castañeda Porta,Ciudad
Pan,13.56,7,2025-11-10,Candelario Arjona Solé,Soria
Arroz,14.5,1,2025-10-09,Luz Vilar-Guitart,Burgos
Carne,6.69,4,2026-05-08,Albert Maldonado-Tamayo,Badajoz
Carne,19.99,6,2025-10-08,Mirta Santiago,Lleida
Leche,14.22,3,2026-01-23,Rosa María Tirado Barral,La Rioja
Azúcar,9.7,1,2026-04-10,Jose Carlos Alcides Galiano Alcolea,Huesca
Azúcar,11.09,1,2026-05-21,Marisa Salvà-Mayol,Cáceres
Aceite,9.52,4,2026-03-01,Jordi Sánchez Luz,Álava
Pan,0.54,2,2026-01-28,Rufino Peñas Vera,León
Huevos,10.92,8,2026-04-23,Alma Taboada Fernández,Baleares
Arroz,16.94,2,2025-06-18,Adoración del Burgos,Ourense
Azúcar,18.66,2,2026-01-10,Cándida Hoyos,Badajoz
Pan,14.22,5,2025-10-15,Berto Marco Bello,Guipúzcoa
Aceite,13.02,8,2026-02-09,Modesto del Galiano,Zamora
Café,14.06,2,2026-02-04,Odalys Roselló Peñas,Tarragona
Huevos,6.03,2,2025-12-28,Domingo Aguilera Osuna,Las Palmas
Aceite,18.23,3,2025-12-11,Eli Cases Cazorla,Ourense
Leche,8.23,10,2026-02-23,Aníbal del Navas,Burgos
Azúcar,7.64,4,2025-06-20,Fabio Alcalde Isern,Murcia
Arroz,4.96,3,2025-11-14,Candelario Moll Antón,Valencia
Café,10.22,8,2025-08-27,Graciela Nilda Bastida Alcántara,Palencia
Queso,18.84,5,2025-06-07,Clara Villar Sobrino,Lugo
Aceite,2.07,2,2026-01-25,Octavia de Perelló,Ourense
Pan,5.22,6,2025-08-12,Zaira Benítez Miranda,Guipúzcoa
Pollo,6.77,6,2025-10-02,Vilma Fernández Arribas,Valencia
Azúcar,4.47,8,2025-12-21,Ofelia Aitana Ferrer Galván,León
Aceite,10.97,7,2025-09-04,Amando Querol Pascual,Burgos
Aceite,8.27,6,2026-04-14,Flor Gisbert Romeu,Cuenca
Pan,12.93,8,2025-07-20,Maximiano Caballero Carreras,Guipúzcoa
Pollo,12.33,1,2026-03-21,Paco Cadenas Sola,Málaga
Aceite,13.67,6,2026-04-28,Íñigo Gutierrez,Córdoba
Café,16.24,7,2025-11-28,Pepe Abraham Guerra Pardo,Málaga
Pan,2.31,4,2025-08-29,Vidal Cuenca Roma,Santa Cruz de Tenerife
Queso,19.52,10,2025-08-20,Amando de Ramón,Soria
Aceite,10.82,9,2025-07-21,Trini Tudela Bayo,Córdoba
Aceite,10.35,2,2026-01-09,Luis Miguel Gascón Mármol,Ourense
Queso,16.65,8,2025-06-24,Edu Somoza Donaire,Málaga
Queso,19.2,5,2026-04-13,Paula Hernando Rios,Córdoba
Leche,3.41,9,2026-03-18,Gisela Cervera Malo,Albacete
Queso,7.68,3,2026-01-23,Mariana Múgica,Zaragoza
Arroz,9.43,4,2025-06-08,Olga Morell Buendía,Madrid
Leche,1.66,1,2025-10-12,Dorita Durán-Olivares,Ciudad
Arroz,17.39,8,2025-06-19,Nélida Lluch Correa,Huesca
Huevos,6.37,8,2025-08-27,Modesta Zamora Nicolau,Huesca
Pan,19.28,10,2025-12-07,Águeda Buendía Gil,Las Palmas
Pan,18.54,7,2026-02-01,Demetrio Sáenz Morell,Soria
Arroz,2.16,4,2025-12-17,Victor Manuel Cabo Costa,Madrid
Queso,14.6,9,2025-08-07,Bernardino Alarcón Bermudez,Huelva
Arroz,18.62,10,2025-12-13,Gabino Lerma Segarra,Melilla
Aceite,14.29,1,2025-11-29,Crescencia Arcos Escalona,Zaragoza
Pollo,16.08,3,2025-06-04,Pepito Adadia Cobos,Ceuta
Café,15.83,3,2025-05-29,Azeneth Miranda,Huesca
Huevos,11.31,5,2025-12-24,Corona Gómez Coloma,Girona
Queso,6.04,2,2026-02-20,Amílcar Téllez,Barcelona
Carne,8.88,3,2025-07-25,Cándida Correa Jerez,Jaén
Pan,3.61,8,2025-09-27,Bernabé del Segarra,Navarra
Pan,10.2,2,2025-08-08,Nacho Fiol Romero,Albacete
Huevos,6.71,8,2025-11-12,Juan Antonio de Antúnez,Zaragoza
Aceite,8.32,7,2025-08-11,Jordana Ortiz-Morata,Huelva
Aceite,13.96,3,2026-03-21,Nydia Arnal Prieto,Las Palmas
Azúcar,10.91,7,2026-03-21,Lourdes de Codina,Guipúzcoa
Café,9.19,4,2025-07-03,Máxima Sotelo Toro,Lugo
Aceite,6.46,1,2025-11-08,Hilda del Cámara,Segovia
Huevos,12.32,9,2025-09-07,Feliciana Garrido Méndez,Alicante
Pollo,4.23,2,2026-03-30,Alex Bárcena-Domingo,Guipúzcoa
Leche,3.81,1,2025-07-02,Dominga Nuñez Borrás,Málaga
Leche,2.04,3,2026-05-07,Gastón Benavente Bayona,Alicante
Pan,1.24,1,2025-07-30,Sarita de Raya,Cantabria
Arroz,9.91,4,2025-06-28,Nuria Carreño Royo,Córdoba
Aceite,18.51,1,2026-02-03,Jesús Cal Arana,Navarra
Huevos,11.78,7,2025-08-25,Anacleto Peñas Pellicer,Albacete
Azúcar,8.96,7,2025-12-31,Josefina Melero,León
Pollo,10.71,8,2026-01-11,Serafina Puga-Ortiz,Valencia
Huevos,19.96,3,2025-11-13,Macaria Muñoz Cid,Alicante
Huevos,11.93,2,2025-12-23,Alonso Piquer Briones,Granada
Leche,18.24,8,2025-11-27,América Roura Aznar,León
Pan,8.39,4,2025-11-22,Eliseo Iriarte Arnau,Melilla
Aceite,2.95,10,2025-08-14,Fátima Bustos Mateu,Barcelona
Pollo,13.73,1,2026-02-24,Eusebio Torrents Peñas,Ciudad
Arroz,5.25,6,2025-10-29,Bernardino Alcalá Casanova,La Coruña
Azúcar,11.51,3,2025-09-03,Luis Ángel Capdevila Jordán,Alicante
Arroz,3.99,9,2025-06-01,Susanita Barba Cazorla,Madrid
Pollo,14.81,3,2026-03-02,Quirino Narciso Cortes Pla,Murcia
Leche,19.47,9,2025-11-26,Eric Sandalio Rosales Adán,Zaragoza
Arroz,18.49,8,2026-03-16,Augusto Mendez Segovia,León
Pan,12.32,7,2026-04-08,Cebrián Zabala Cobos,León
Pan,6.76,3,2026-03-26,Fito Peñalver-Murcia,Cuenca
Carne,5.91,2,2026-05-04,Felicia Nebot Pedrero,Toledo
Azúcar,13.01,9,2025-10-24,Fabiana Portillo Cortés,Zaragoza
Arroz,4.34,1,2025-12-25,Remedios Rivero Cifuentes,Zaragoza
Queso,4.34,2,2025-06-25,Tomasa Tudela Valderrama,Zaragoza
Pan,19.66,2,2025-05-29,Alfonso Íñigo Mateos Mariscal,Asturias
Leche,6.61,9,2026-02-07,Paulino Zacarías Guardia Segura,Girona
Leche,11.47,3,2025-12-22,Fidela del Vendrell,Badajoz
Pollo,5.73,10,2026-04-04,Graciana Bienvenida Arnaiz Armas,Ávila
Arroz,7.48,2,2025-11-04,Curro Marquez Vara,Girona
Aceite,1.79,1,2025-11-01,Dorotea de Blazquez,Zaragoza
Leche,13.05,7,2025-12-07,Elvira Cervantes-Lobo,Zaragoza
Carne,6.53,8,2026-03-04,Dimas Victorino Bosch Mena,Almería
Huevos,18.43,2,2025-05-31,Otilia Crespi Reguera,Badajoz
Queso,19.29,1,2026-04-10,Narcisa Segovia,Santa Cruz de Tenerife
Arroz,8.91,6,2026-03-22,Agustina Aller Barros,Sevilla
Azúcar,2.23,6,2025-08-09,Violeta Gámez-Oller,Zamora
Queso,17.15,6,2025-07-17,Elías Redondo,Zaragoza
Café,11.23,3,2025-09-23,María Santamaría Miró,Badajoz
Queso,1.7,4,2026-04-28,Sebastian Céspedes Perera,Cuenca
Pan,3.7,8,2025-07-10,Ezequiel Baquero Larrea,Murcia
Huevos,1.22,10,2025-11-01,José Serra Llanos,Guipúzcoa
Pollo,17.88,7,2025-11-25,Juan Carlos Florentino Coll Pavón,Castellón
Café,15.05,4,2026-05-11,Sandra Escobar Valero,Sevilla
Carne,11.35,10,2025-11-28,Maxi Abad Pulido,La Rioja
Pan,0.73,1,2026-03-24,Encarnacion Julieta Nevado Espejo,Cáceres
Queso,15.3,8,2026-03-05,Tecla Elías-Lluch,Castellón
Huevos,9.42,10,2025-08-12,Charo Borrell Román,Segovia
Carne,0.54,6,2026-03-31,Genoveva Frías,Castellón
Carne,11.14,2,2025-12-12,Pío Demetrio Alegria Rivero,Guipúzcoa
Pan,1.42,10,2026-02-09,Chuy Arranz-Parejo,Zamora
Aceite,15.86,2,2025-06-24,Montserrat Landa,Córdoba
Aceite,1.23,7,2025-06-16,Plinio Iglesias Carrera,León
Aceite,3.66,9,2026-03-08,Vicente Prado-Perales,Ourense
Huevos,9.71,4,2026-04-05,Irene Miguel Estevez,Pontevedra
Café,1.37,3,2025-12-19,Luís del Gallego,Melilla
Azúcar,12.52,6,2026-02-25,Josep Carrera,Navarra
Café,11.26,10,2025-09-01,Eleuterio Escobar,Tarragona
Arroz,9.86,4,2025-07-15,Cebrián Arco Gaya,Teruel
Pollo,18.36,3,2025-11-15,Álvaro Leon-Baró,Castellón
Azúcar,7.77,8,2026-04-19,Petrona Peláez Córdoba,Burgos
Huevos,4.6,1,2026-03-30,Cintia Zorrilla Prieto,Toledo
Huevos,8.01,10,2025-06-23,Nicanor Barba Coll,Ciudad
Leche,15.31,1,2025-10-09,Aitor Corbacho Méndez,Palencia
Queso,19.92,8,2025-09-28,Amado Pozuelo-Perez,Cáceres
Queso,5.77,3,2025-07-27,Amor Casals Jiménez,Teruel
Aceite,8.96,3,2026-02-05,Calisto Gabino Belmonte Mendez,Córdoba
Azúcar,3.4,2,2025-06-29,Victoria Díaz Zurita,Granada
Huevos,4.72,6,2026-05-19,Martina Yuste Alemán,Girona
Azúcar,16.01,6,2026-05-09,Ricardo Diéguez Catalá,Salamanca
Pan,19.71,7,2026-03-26,Agustina Llorente Rueda,Zaragoza
Aceite,17.41,9,2025-07-29,Osvaldo Egea Moll,Ceuta
Pollo,12.62,9,2026-03-26,Martín Solsona,Ávila
Pan,10.8,9,2025-08-19,Melisa Rubio Talavera,Valladolid
Huevos,8.72,5,2025-05-31,Montserrat Tolosa,Huelva
Azúcar,3.46,1,2025-05-31,Leandra Selena Cañas Ferrer,Guipúzcoa
Arroz,4.16,2,2025-12-12,Germán Figueras,Navarra
Carne,3.02,1,2026-04-07,Eduardo Jorge Aguado Alberto,Granada
Queso,10.17,6,2026-03-13,Macario del Sáenz,Valladolid
Arroz,6.66,1,2025-08-25,Ana Belén Aragonés-Piña,Ávila
Pan,19.89,6,2025-10-17,Balduino Mora Escalona,Ciudad
Leche,18.39,9,2025-10-17,María Dolores Edelmira Hervia Ibarra,Huesca
Aceite,11.87,8,2025-07-11,María Dolores Quevedo Tejada,Albacete
Café,15.23,10,2026-04-09,Prudencio Bueno Cerro,Baleares
Huevos,3.97,5,2025-07-09,Tiburcio Tamarit Nevado,Segovia
Carne,9.74,10,2026-01-29,Gilberto Caro-Arribas,Sevilla
Azúcar,6.51,2,2026-03-15,Sandalio de Méndez,Málaga
Queso,12.96,3,2026-03-22,Edelmiro Llobet Ramis,Cádiz
Aceite,8.56,7,2026-04-25,Duilio Niño-Bastida,Soria
Pan,16.39,8,2026-04-27,Piedad Reyes Cózar,Cantabria
Aceite,17.27,7,2025-08-31,Agapito Lope Alegria Nicolás,Huelva
Huevos,9.31,8,2026-02-16,Andrés Felipe Campo Elorza,Zaragoza
Huevos,19.49,10,2026-01-19,Ramiro Gil Bayona Hoz,Ciudad
Aceite,13.4,8,2026-01-05,Juan Pablo Viñas Losada,Melilla
Pan,11.8,2,2025-08-21,Caridad Salamanca Gomila,Jaén
Carne,6.37,3,2026-02-05,Zacarías Bertrán Bermejo,Segovia
Queso,8.93,10,2026-04-25,Reynaldo de Zabala,León
Pan,1.57,1,2025-11-23,Cleto de Acevedo,Santa Cruz de Tenerife
Pollo,2.04,5,2025-10-30,Josué Oliveras Rueda,León
Pollo,6.36,2,2026-02-19,Montserrat Paloma Mancebo Torre,Cádiz
Carne,2.77,5,2026-01-09,Baudelio Marti Villalba,Albacete
Café,18.47,8,2026-02-17,Íñigo Verdugo-Nieto,Ciudad
Huevos,16.26,5,2025-10-01,Vidal Yuste Borja,Navarra
Aceite,14.97,9,2025-06-16,Samu Calderon Méndez,La Coruña
Café,5.18,4,2026-05-25,Bárbara Fábregas Almansa,Zaragoza
Queso,14.49,3,2025-12-11,Gregorio Agustí Ávila,Santa Cruz de Tenerife
Huevos,15.35,9,2025-12-04,Gervasio Carballo Plana,Guadalajara
Azúcar,8.09,9,2025-11-13,Ovidio Alejandro Acedo Carbajo,Soria
Aceite,12.36,10,2025-10-20,Carmelo Robles Vendrell,Sevilla
Arroz,10.69,7,2025-06-27,Silvio Cerdá Andreu,Almería
Café,8.28,4,2026-01-20,Gabriela Lola Bonet Clemente,León
Carne,17.35,5,2026-02-08,Patricio del Franch,Salamanca
Leche,1.01,4,2026-02-23,Juan Cerezo Peral,Cuenca
Pan,6.87,7,2025-07-11,Mohamed Abad Riera,Madrid
Aceite,8.01,6,2025-11-27,Feliciano Ulises Báez Miralles,Toledo
Arroz,5.37,10,2025-07-23,Raquel Arnal Jaén,La Coruña
Azúcar,6.25,5,2025-12-21,Lucía Garrido,Alicante
Pan,3.01,2,2026-05-07,Micaela Morena Torre Gomez,Girona
Pan,17.64,7,2026-05-01,Dimas Peláez Blasco,Navarra
Queso,15.26,2,2025-12-06,Carmelo Elías-Santos,Zamora
Pan,16.34,7,2025-05-27,Jenny Ureña Santamaría,Santa Cruz de Tenerife
Pollo,1.28,2,2025-09-26,Jacobo Sacristán Mancebo,Castellón
Aceite,16.71,4,2026-03-19,Gerardo Bello Oller,Santa Cruz de Tenerife
Café,7.6,1,2025-09-07,León de Miralles,Ceuta
Carne,17.48,6,2025-12-13,Godofredo Alemán-Sebastián,Palencia
Azúcar,1.53,5,2025-06-25,Cloe Esteve Lorenzo,Tarragona
Queso,5.46,10,2025-06-22,Dafne Valenzuela Manzanares,Segovia
Pan,10.8,10,2025-12-10,Amada Pont Céspedes,Pontevedra
Aceite,19.24,8,2026-01-08,Virginia Talavera-Benavent,Salamanca
Café,8.15,5,2025-08-13,Borja Pascual Soler,León
Queso,7.27,3,2026-05-18,Fulgencio Gallart Esteban,Sevilla
Queso,3.06,10,2026-01-04,Brunilda Serra,Melilla
Carne,19.92,5,2026-01-05,Soledad Nevado,Valencia
Leche,9.61,7,2026-03-15,Tere Abril,Almería
Leche,13.83,4,2025-09-27,Elba Barón,Cáceres
Queso,6.92,5,2025-10-07,Ricardo Sebastián-Gracia,Ávila
Pan,17.13,3,2025-09-09,Loreto Montalbán,Pontevedra
Huevos,9.84,1,2025-09-12,Nazaret Amorós Aguilar,Ceuta
Azúcar,7.51,9,2025-06-17,Miguel Jimenez Bas,Baleares
Huevos,16.32,6,2025-09-28,Toribio Aguiló Llabrés,Salamanca
Leche,2.7,2,2026-03-27,Edelmiro Baquero Lillo,Huesca
Aceite,16.58,1,2025-07-27,Isaías Sola Cantero,Jaén
Huevos,11.82,3,2025-12-29,Lidia del Gargallo,Santa Cruz de Tenerife
Huevos,7.91,9,2025-11-16,Ramón Nacio Jimenez Ricart,Ávila
Café,6.16,5,2026-03-06,Sabas Salvà Miralles,Huelva
Aceite,19.24,3,2025-11-24,Fabricio del Benet,Castellón
Pollo,18.45,4,2025-11-19,Melania María José Mata Ruiz,Jaén
Café,14.21,7,2026-03-09,Leocadia Martin Soria,Granada
Leche,5.85,6,2025-07-02,Marcos Galvez Montes,Asturias
Aceite,11.8,2,2026-04-08,Olegario Adolfo Oliveras Huguet,Valladolid
Café,3.16,3,2026-04-23,Hernán Coello Marin,Girona
Arroz,11.22,6,2026-01-30,Iván Pérez Alberdi,Navarra
Carne,12.99,5,2025-10-10,Jose Antonio Reina,Málaga
Pollo,10.02,6,2026-03-03,Nereida Miriam Sureda Pons,Segovia
Azúcar,2.63,8,2026-02-03,Noé Vega Reguera,Álava
Queso,11.66,9,2026-02-07,Porfirio Terrón Solsona,Guipúzcoa
Huevos,16.33,3,2026-02-11,Juan Carlos Moliner Acero,Zamora
Huevos,8.55,9,2025-09-29,Jose Luis Dimas Zabaleta Palomar,Málaga
Leche,9.63,1,2025-09-23,Isabel Torrijos Amigó,Castellón
Aceite,4.77,4,2026-01-02,Agustina Toledo Cazorla,Badajoz
Azúcar,1.15,9,2025-06-27,Rosendo Bernal Cáceres,Castellón
Queso,5.6,3,2025-08-24,Obdulia Cabeza-Gilabert,Cuenca
Pollo,17.37,6,2025-07-27,Concha Ayllón,Teruel
Pollo,18.02,1,2026-04-15,Catalina Cabezas Valls,Albacete
Café,3.02,2,2026-01-17,Purificación Vicenta Leiva Lorenzo,Sevilla
Pan,1.49,5,2026-01-20,Alondra Gisbert-Galván,Melilla
Carne,13.22,6,2026-03-23,Jordana Otilia Trujillo Vega,La Rioja
Arroz,19.04,7,2025-12-03,Porfirio Rubio Múgica,Granada
Café,14.85,4,2026-03-29,Melisa de Prats,Segovia
Carne,3.95,1,2025-07-01,Ruperto Jafet Ros Chaves,Cantabria
Queso,19.95,9,2026-01-23,Rolando Urrutia Monreal,Soria
Huevos,16.33,3,2025-06-30,Leonor Villalobos Tejera,Salamanca
Pan,15.54,1,2025-08-11,Ileana Mendoza Rivas,Badajoz
Azúcar,7.34,1,2026-04-02,Isidoro del Esteban,Huesca
Azúcar,5.43,2,2026-05-13,Jacinta Carbó Valverde,Pontevedra
Pollo,12.97,7,2026-01-07,Maximiano Yago Gibert Canals,Cáceres
Pollo,16.9,2,2025-12-06,Jacinto Roman Barrios,Toledo
Pan,3.98,8,2026-01-16,Jessica Melero Ureña,Burgos
Azúcar,12.35,3,2026-04-23,Santos Plana-Montes,Murcia
Leche,8.07,1,2025-06-10,María Luisa Vives Poza,Almería
Pan,14.75,10,2025-05-30,Olegario Casals Mendizábal,Teruel
Leche,6.29,3,2026-02-28,Encarnación Diéguez Crespi,Girona
Leche,17.31,6,2025-07-19,Marcelino Jordá Valverde,Guipúzcoa
Café,5.49,2,2026-02-27,Claudia Castrillo Agustín,Cádiz
Pollo,15.24,3,2026-04-08,Elisabet Gimeno Benitez,Lleida
Huevos,9.51,7,2025-06-29,Chuy Segarra-Gallego,Girona
Arroz,10.98,7,2026-01-16,Marc del Clemente,Jaén
Arroz,8.75,4,2025-09-10,Amílcar Segura Castells,Pontevedra
Aceite,6.67,2,2026-05-24,Jafet Casemiro Cortés Andrés,Alicante
Arroz,3.17,9,2025-09-15,Abril Sevilla Cazorla,Lleida
Café,16.57,6,2025-09-04,Bernardino Jáuregui-Pedrosa,Castellón
Carne,13.26,9,2026-03-01,Clemente Fernández Trujillo,Cantabria
Carne,7.2,2,2025-09-27,Hector Figuerola Melero,Palencia
Huevos,18.09,1,2025-09-01,Teodoro Ruiz-Bastida,Albacete
Pollo,8.46,6,2025-07-05,Abel Cordero Toro,Pontevedra
Leche,14.18,10,2025-07-19,Eloy de Cruz,Huelva
Carne,11.99,4,2025-11-08,Erasmo Alberdi,Vizcaya
Pollo,10.35,3,2025-08-13,Fabiola Seguí Pujadas,Cáceres
Leche,8.0,3,2025-05-30,Inocencio Roig Sanmiguel,Navarra
Azúcar,8.95,4,2025-10-05,Melisa Bautista Salom,Jaén
Café,8.75,8,2026-04-12,Aristides Bernardino Segura Durán,Cádiz
Carne,7.46,7,2025-09-03,Haroldo del Mármol,Ceuta
Aceite,19.37,5,2025-12-16,Silvia Piña-Lasa,Toledo
Leche,2.22,4,2026-04-29,Blanca Arnau Barreda,Álava
Pan,6.43,5,2025-10-22,Martín Manuel Estevez,Baleares
Pollo,1.93,5,2025-06-04,Abigaíl Bertrán Diéguez,Soria
Queso,4.21,9,2025-10-15,Nieves María Jesús Sales Carranza,La Coruña
Arroz,13.55,5,2025-12-06,Concepción de Peiró,Girona
Arroz,9.87,3,2025-12-27,Leandro Galan-Pina,Madrid
Leche,15.9,6,2026-02-01,Amado Tamayo Paz,Murcia
Azúcar,1.3,7,2025-10-08,Morena Huerta Barceló,Zamora
Carne,5.23,1,2026-01-05,Merche Fabregat Figueroa,Guipúzcoa
Huevos,1.0,7,2025-07-30,Alcides Cuenca-Morell,Zaragoza
Leche,4.05,6,2025-09-28,Íñigo Wálter Amador Leal,Segovia
Azúcar,16.29,2,2025-09-17,Itziar Coll-Aragonés,Palencia
Huevos,9.73,2,2025-06-25,Efraín Julián Ayala Montesinos,Las Palmas
Queso,7.32,4,2025-10-17,Paula Aragón Girona,Cuenca
Pan,9.25,5,2025-12-29,Aarón Briones Espada,Melilla
Queso,7.02,3,2025-06-17,Diana Ordóñez Polo,Sevilla
Pan,11.68,8,2025-06-19,Diana Vélez Valenzuela,Valladolid
Aceite,7.09,5,2025-08-14,Armando Salgado Mora,Badajoz
Café,0.58,4,2026-04-04,Clementina Jordán Pujol,Sevilla
Arroz,1.34,2,2025-10-01,Juan del Baños,Cádiz
Leche,2.47,3,2025-10-01,Cruz Taboada Mateo,Valencia
Leche,9.4,4,2026-03-03,Noelia Tello,Valencia
Queso,17.23,3,2025-09-28,Mar del Haro,Badajoz
Pan,1.95,1,2025-07-06,Catalina Ema Roma Palau,Baleares
Pollo,11.77,4,2025-10-22,Nicolasa Ortuño-Osuna,Cuenca
Aceite,5.19,3,2026-01-11,Marisol Consuelo Querol Girón,Pontevedra
Carne,6.61,3,2025-09-30,Malena Suarez Méndez,Melilla
Azúcar,8.34,8,2026-01-25,Patricia Vives Morcillo,Córdoba
Huevos,4.95,6,2026-01-14,Hermenegildo Pedrero Terrón,Granada
Pan,18.15,5,2025-08-19,Carla Cadenas Roldan,Jaén
Aceite,14.76,7,2025-10-11,Matías Armengol Manrique,Burgos
Pan,7.06,8,2025-10-27,Anastasia Juan Pont,Burgos
Carne,4.93,1,2026-03-19,María Carmen de Frutos,Girona
Leche,18.03,4,2025-06-30,Efraín Guitart Jurado,Teruel
Leche,1.45,8,2025-10-03,Amelia Duarte Olivera,Guadalajara
Aceite,4.15,7,2026-01-21,Aránzazu Cornejo Gascón,Santa Cruz de Tenerife
Azúcar,2.16,4,2026-03-18,Remedios Cuevas Crespi,Cádiz
Pollo,11.94,7,2026-02-24,Leonardo Corbacho Angulo,Barcelona
Queso,6.31,3,2025-10-29,Delia Rovira Lillo,Segovia
Huevos,18.06,8,2025-08-10,Marcos Puente Andrés,Barcelona
Arroz,11.52,2,2025-10-29,Rosaura Cerezo Escribano,Almería
Huevos,0.92,2,2025-08-25,Amílcar Iniesta Águila,Burgos
Pan,11.45,1,2025-08-24,Emiliana Llano Lerma,Pontevedra
Pan,14.38,6,2026-03-05,Samu Paz Marqués,Girona
Arroz,8.7,7,2026-04-09,Lola Santamaría Hurtado,Vizcaya
Arroz,0.73,8,2026-01-25,Hernán Marín Canet,Melilla
Leche,1.44,10,2026-03-17,René Gras Cárdenas,Melilla
Pollo,12.53,10,2025-08-17,Raquel Bienvenida Monreal Cabezas,Zaragoza
Azúcar,2.78,1,2025-05-28,Calixta Carina Ferrández Diego,Tarragona
Leche,3.7,8,2025-12-04,Rebeca Llabrés Larrañaga,Alicante
Aceite,2.05,8,2025-07-24,Máximo Acosta Sosa,Ourense
Aceite,2.32,5,2026-01-12,Carlito Águila Terrón,León
Huevos,19.17,10,2025-09-04,Reyna Malo,Córdoba
Azúcar,11.16,3,2026-02-25,Vidal del Alcázar,Valencia
Huevos,18.18,8,2026-02-14,Eligio Coronado-Porcel,Ávila
Huevos,3.89,2,2025-09-11,Edu Huertas-Tena,Lleida
Pollo,15.57,5,2025-12-05,Jennifer Medina Acevedo,Lugo
Arroz,17.81,2,2026-02-05,Luz de Aznar,Badajoz
Pollo,3.78,2,2026-04-13,Abel Alfonso Tena,León
Huevos,8.15,1,2026-03-12,Germán Guardiola Mendizábal,Sevilla
Pollo,13.94,4,2025-08-26,Manolo Pareja,Valladolid
Aceite,9.67,5,2025-11-09,Eleuterio Lluch Bejarano,Segovia
Arroz,6.1,7,2026-02-04,Chuy Alcalde Roldan,Baleares
Huevos,10.28,4,2026-05-14,Gala de Carretero,Ourense
Pan,3.54,9,2026-05-16,Nidia Vidal Mir,Almería
Aceite,10.44,3,2025-12-24,León Jáuregui Esteve,Granada
Huevos,3.04,4,2025-09-09,Ernesto Manjón Recio,Pontevedra
Leche,12.9,10,2025-07-13,José Pascual Hernando,Toledo
Queso,10.63,10,2025-09-10,Raquel Donaire Lloret,Málaga
Huevos,3.7,2,2025-09-19,Rosendo León Tena Colom,La Rioja
Café,5.21,8,2026-03-19,Celestino Villanueva Soria,León
Azúcar,17.38,5,2025-09-25,Emma Amaya Rubio,Soria
Aceite,3.06,6,2026-02-28,Bernardo del Barroso,Las Palmas
Pollo,0.94,1,2025-08-18,Rita de Andrés,Burgos
Carne,13.28,4,2025-06-27,Donato Amaya Colomer,Granada
Huevos,19.07,2,2025-12-09,Ámbar del Ferrándiz,Madrid
Leche,9.34,3,2025-12-30,Herminia Flora Calderón Yuste,Baleares
Pollo,12.35,1,2025-10-17,Rosalina Redondo-Miralles,Vizcaya
Aceite,7.65,3,2025-11-12,Leopoldo Bartolomé Montero,Castellón
Arroz,16.89,6,2025-12-28,Carolina Feijoo Zamorano,La Rioja
Pan,18.83,1,2025-09-11,Cecilio Morillo Alemany,Pontevedra
Huevos,19.69,4,2025-10-08,Reynaldo Sobrino Planas,Segovia
Aceite,14.79,10,2025-08-25,Pepita Gomez Nicolás,Guadalajara
Arroz,7.0,10,2026-01-03,Febe Carbonell Ruiz,Guadalajara
Carne,1.29,2,2025-12-12,Dora Avilés Calleja,León
Arroz,5.56,9,2025-11-01,Isidro Andrade Barbero,Granada
Pollo,0.69,3,2026-01-08,Javiera Leiva-Bustamante,Huesca
Huevos,18.25,9,2025-11-10,Maristela Lamas Marti,Zaragoza
Pan,10.22,3,2026-02-19,Onofre Victoriano Pastor Pons,Segovia
Leche,17.85,3,2025-09-13,Herminia Belmonte Carballo,Castellón
Pan,17.63,5,2025-07-10,Serafina Canals Amigó,Teruel
Huevos,15.84,8,2025-07-27,Pepito Rodriguez-García,Santa Cruz de Tenerife
Carne,9.9,8,2026-05-07,Rosaura Vilalta-Benet,Cantabria
Carne,14.32,5,2026-03-02,Vilma Vilaplana Casado,Málaga
Azúcar,16.05,9,2026-04-21,Alexandra Manuela Ramírez Guillen,Córdoba
Azúcar,19.24,8,2026-03-02,Águeda Lumbreras,La Rioja
Queso,4.41,8,2025-09-25,Ramón Noriega Valenciano,Palencia
Pollo,14.63,10,2025-06-30,Nydia Cabrera,Jaén
Pollo,4.72,4,2026-04-11,Felisa Chaparro Daza,Ávila
Arroz,15.55,9,2025-10-04,Paula Cañete Gomis,Navarra
Leche,10.09,5,2026-02-19,Estela del Carretero,Cádiz
Café,19.41,8,2026-04-15,Fidela Cuéllar-Alba,Badajoz
Pollo,10.6,4,2025-08-10,Elodia Miguel Mate,Alicante
Pan,17.16,3,2025-09-23,Brígida Azcona Andres,Ciudad
Azúcar,2.4,8,2025-06-11,Ascensión Quero-Amat,Zaragoza
Pan,15.86,10,2025-10-26,Encarnación Cuéllar Narváez,Alicante
Leche,18.98,8,2026-01-21,Luís Palacio-Delgado,La Rioja
Leche,18.74,1,2025-11-20,Aníbal Costa Montero,Palencia
Leche,8.2,6,2026-03-27,José Antonio Franco Amorós,Pontevedra
Aceite,5.89,4,2025-09-07,Ruth Vergara Cervera,Ciudad
Pan,12.61,8,2025-05-31,Iván Badía Larrea,Ceuta
Pan,13.45,5,2026-01-31,Juan Antonio Goñi Miguel,Cáceres
Leche,2.06,2,2025-06-09,Ramona Macías Egea,Soria
Huevos,11.48,7,2026-02-09,Concepción Macaria Fernandez Mesa,Santa Cruz de Tenerife
Azúcar,8.14,6,2026-05-04,Leoncio Raimundo Carranza Garriga,La Coruña
Pan,11.29,6,2025-08-05,Jaime Castrillo Calderon,Baleares
Queso,1.48,3,2025-10-06,José Luis Quintanilla-Mínguez,Castellón
Leche,5.6,4,2025-06-26,Juan Carlos Coronado Palomino,Albacete
Pan,16.41,6,2026-03-19,Blas Ramos Figueroa,Almería
Café,3.8,2,2026-01-09,Chus Cerdá Peralta,Palencia
Pan,11.19,5,2025-08-17,Belen Bermudez,Burgos
Arroz,14.03,3,2026-02-18,Octavia Peiró Caro,Lugo
Huevos,6.36,10,2025-12-23,Teófilo del Roman,Castellón
Pollo,19.26,7,2025-06-26,Graciana Martin-Cordero,Asturias
Huevos,5.39,1,2025-06-24,Maricruz Manzano,Las Palmas
Arroz,4.21,1,2025-08-20,Armando Tejada Ropero,La Rioja
Queso,0.87,7,2026-01-05,Kike Pagès-Vallés,Albacete
Pollo,15.63,7,2025-11-22,Marianela Puga,Salamanca
Aceite,0.56,10,2025-12-11,Juliana Jerez-Villegas,Lugo
Arroz,14.41,3,2025-08-14,Fortunato Juan Pablo Barranco Casal,La Coruña
Pollo,18.86,3,2025-07-03,Duilio Rocha Molina,Jaén
Café,11.69,5,2025-06-14,Wilfredo Agustí Peláez,Pontevedra
Huevos,14.19,1,2025-10-16,Bernardita Vallés Jara,Málaga
Leche,3.48,7,2025-06-11,Josep de Álamo,Cádiz
Pollo,18.01,1,2026-04-06,Belén Montenegro-Pont,Pontevedra
Arroz,1.1,6,2026-04-05,Julio Ángel Peláez Pacheco,Cuenca
Queso,19.58,9,2025-06-11,Vicente Arturo Lledó Piña,Soria
Café,11.92,1,2025-06-16,José Antonio Vizcaíno Rojas,Valencia
Pan,10.62,9,2025-11-18,Evelia Gallego Borrego,Cuenca
Pan,9.5,6,2026-01-29,Zaira Aguilera Caballero,Girona
Queso,9.67,2,2025-06-10,Rodolfo Lumbreras Márquez,León
Aceite,3.38,7,2026-02-21,Aránzazu Sevilla-Trillo,León
Aceite,17.57,3,2025-12-27,Mirta Amat Marti,Soria
Pan,2.28,6,2025-12-20,Javiera de Manso,La Rioja
Café,16.08,7,2025-06-21,Nadia Porras Perea,Alicante
Café,13.55,3,2025-06-04,Jordán Menendez Núñez,Cantabria
Carne,19.44,8,2026-02-25,Eva Cortés Rodrigo,Navarra
Leche,9.66,2,2025-10-21,María Jesús Paz Marquez,Almería
Aceite,14.2,8,2025-08-18,Leonardo Leiva Aznar,Palencia
Aceite,9.79,5,2025-08-22,Lino Olmo Gallart,Valladolid
Queso,7.6,9,2026-01-13,Victorino de Ponce,Lugo
Aceite,11.5,9,2025-12-04,Elisabet Castro Mendoza,Navarra
Queso,8.43,3,2025-07-28,Maura Terrón Ribera,Madrid
Azúcar,7.41,10,2025-07-15,Teófila Modesta Gaya Diego,Valladolid
Queso,17.43,10,2025-10-29,Lourdes Vargas Ochoa,Teruel
Café,13.96,7,2025-10-12,Regina Lucila Montero Bilbao,Cuenca
Azúcar,16.2,3,2025-07-23,Constanza Blázquez Manzano,Badajoz
Café,19.87,10,2025-12-15,Asunción Ferrero Antón,Zamora
Huevos,6.76,9,2025-12-20,Luisa Pou Alfonso,La Coruña
Café,11.34,2,2025-06-30,Salvador de Fernandez,Zaragoza
Huevos,3.45,5,2025-07-18,Marisa Baena Tello,Badajoz
Aceite,10.77,9,2025-12-06,Ale Roselló-Casals,Burgos
Pan,5.77,9,2025-05-27,Ruben Nilo Arias Vélez,Vizcaya
Aceite,5.95,4,2025-10-09,Apolonia de Aller,Asturias
Queso,0.72,9,2026-03-12,Nicodemo Palomino Real,Málaga
Azúcar,13.97,4,2026-04-10,Marisela Susana Blanes Moya,La Rioja
Leche,1.53,6,2025-08-08,Pepita Ferrero Cerro,Jaén
Azúcar,2.51,2,2025-10-12,María Busquets-Serrano,Ávila
Queso,18.12,3,2025-12-17,Dulce Catalá Mancebo,Tarragona
Aceite,4.36,5,2025-07-17,Paz Trujillo Bru,Álava
Carne,9.49,9,2026-05-18,Francisca Varela,Girona
Huevos,0.97,7,2026-03-23,Soraya Consuela Ferrán Ribera,Pontevedra
Azúcar,5.46,8,2026-05-17,Silvia Losada Blanes,Ávila
Pan,1.47,1,2026-05-01,Sandra Vazquez Batalla,Alicante
Café,5.56,3,2026-05-04,Graciela Morcillo Vidal,Burgos
Pan,10.2,9,2025-11-01,Elba del Garriga,Valladolid
Huevos,14.66,6,2026-01-01,Calixto Montalbán Tejada,Valladolid
Carne,7.67,10,2025-08-11,Encarnación Río Noriega,León
Queso,10.27,4,2025-09-12,Jesús Maximiliano Almagro Mendoza,Murcia
Huevos,18.01,5,2025-07-10,Donato Llano Herrero,Sevilla
Aceite,3.33,7,2025-10-02,Arcelia Blanch,Cádiz
Pollo,9.43,2,2026-02-08,Ruperto Salvà-Fabra,Baleares
Pollo,8.88,8,2025-06-20,Norberto Galan Beltran,Albacete
Pan,6.48,5,2026-03-29,Pacífica Albero Segarra,Salamanca
Carne,19.05,10,2026-01-08,Buenaventura Ros Nadal,León
Huevos,2.89,1,2026-04-10,Joaquina Marianela Rosselló Donaire,Almería
Aceite,6.13,9,2026-05-27,Anabel Cabrero Bustos,Granada
Pan,4.02,5,2026-05-15,Encarnacion Torrens Vila,Segovia
Café,7.37,3,2026-01-07,Virginia Valcárcel Porta,Córdoba
Café,15.08,7,2026-03-06,Serafina del Guzman,Cádiz
Huevos,18.27,4,2026-03-29,Paloma Santos,Murcia
Queso,19.41,8,2026-02-13,Mariano Falcó Piquer,Álava
Café,19.83,4,2025-11-15,Guadalupe Soto Luján,Melilla
Café,12.16,10,2026-02-09,Trini Alcolea Zapata,Cuenca
Carne,13.26,9,2025-11-13,Maura Correa Gomez,Girona
Azúcar,2.15,2,2025-07-08,Ezequiel Nicolás Escamilla,Murcia
Pollo,8.01,3,2025-06-02,Maribel Matilde Torrents Caro,Murcia
Pollo,4.9,1,2025-10-23,Encarna Chaparro Palacios,Sevilla
Carne,5.97,6,2025-07-29,Cloe Blanca Zaragoza,Jaén
Aceite,18.74,9,2025-07-22,Odalys Palmira Torrens Reina,Salamanca
Leche,0.98,2,2025-09-21,Ovidio Belmonte Sastre,La Rioja
Pan,15.25,5,2025-09-06,Atilio Bárcena Puente,Cáceres
Queso,14.63,4,2026-01-10,Merche Valverde Andrés,Tarragona
Pollo,18.76,6,2025-10-24,Marisol Lamas Ferrán,Segovia
Huevos,5.92,9,2026-01-06,Julie de Cardona,Burgos
Pan,9.67,3,2025-08-22,Encarnita de Moll,Ourense
Pollo,2.58,8,2025-12-02,Ágata Leonor Ibañez Lobato,Almería
Carne,3.82,8,2025-11-27,José Ayuso Herrera,León
Carne,8.28,3,2026-01-16,Eleuterio Acevedo Heras,Melilla
Queso,7.88,10,2025-12-09,Casemiro Salcedo-Carnero,Sevilla
Azúcar,19.49,9,2025-09-13,José Reyes Gordillo,Murcia
Arroz,13.39,4,2026-04-26,Teófila Vazquez,Ceuta
Huevos,18.91,2,2026-05-02,Dominga Rico Castells,Tarragona
Carne,10.46,6,2026-03-29,Rafaela Carro,Tarragona
Huevos,16.78,2,2025-07-20,Irene Marin Aller,Santa Cruz de Tenerife
Pollo,14.27,1,2026-04-06,Sol Rosales-Valcárcel,Madrid
Queso,12.89,5,2025-08-30,Julio César Castañeda Serna,Alicante
Aceite,9.12,2,2026-01-12,Remigio Victorino Heras Camino,Zaragoza
Café,14.72,6,2026-01-09,Loreto Madrid Isern,Vizcaya
Queso,19.49,7,2025-08-01,Catalina Pepita Calderón Galván,Navarra
Aceite,8.84,3,2026-02-10,Isabela Losa Montes,Asturias
Carne,0.74,9,2026-05-07,Bibiana de Porras,Segovia
Leche,17.78,1,2025-06-16,José Manuel Jerónimo Hidalgo Batlle,Ceuta
Pan,18.73,7,2026-03-16,María Dolores Tere Falcó Ros,Guadalajara
Pan,3.18,1,2026-04-29,Jorge de Alberola,Soria
Pollo,3.7,3,2026-05-23,Chuy Ernesto Burgos Ávila,Málaga
Pollo,13.16,7,2026-02-23,Toribio Pedrosa Caballero,Ceuta
Carne,3.64,2,2025-10-09,Maxi Florina Tenorio Anguita,Lugo
Arroz,1.61,10,2025-12-07,Maricruz Pomares Solera,Barcelona
Aceite,4.6,9,2025-09-06,Armando Sola Ferrán,Lugo
Queso,16.8,6,2026-05-05,Eric Cid-Asensio,Granada
Queso,17.7,10,2026-05-04,Cleto Lluch Cervera,Ceuta
Aceite,3.82,3,2026-02-05,Calisto Riquelme Chaves,Barcelona
Azúcar,15.46,2,2025-12-26,Mariano Casas Escribano,Zamora
Pan,19.42,4,2026-01-24,Isaura Santiago Guillen,Toledo
Pollo,9.05,6,2025-08-03,Leonardo Soriano,Valencia
Arroz,10.06,9,2025-07-02,Noé Feliciano Berenguer Silva,Zamora
Pan,7.51,7,2025-12-25,Gertrudis Escribano Daza,Pontevedra
Pan,18.52,4,2025-09-17,Juan Manuel Simón Valencia Lamas,Cuenca
Arroz,5.14,6,2026-04-12,Ágata Tudela Coronado,Asturias
Azúcar,5.93,4,2025-11-13,María Carmen Flor Sans Amigó,Salamanca
Leche,10.36,9,2025-09-01,Lilia Fátima Mariscal Hervás,Huesca
Aceite,16.76,1,2025-07-20,Anunciación Ugarte,Álava
Queso,7.71,3,2025-10-10,Angélica Dominga Sainz Mayol,Santa Cruz de Tenerife
Leche,14.1,5,2025-07-31,Lucho Valero Rueda,Albacete
Huevos,12.11,1,2026-04-22,Charo Ferrera Granados,Pontevedra
Azúcar,15.38,1,2025-09-06,Ernesto Chaparro Casado,Palencia
Azúcar,10.38,9,2025-07-17,Silvestre Coll Jordá,Murcia
Arroz,16.03,5,2025-08-23,Visitación Ileana Heras Losa,Jaén
Leche,1.46,3,2025-12-20,Isabel Cáceres Valentín,Córdoba
Huevos,17.26,5,2026-02-04,Dan Nico Rico Poza,Guadalajara
Café,7.1,2,2026-02-17,Zaida Alemán Soler,Almería
Aceite,10.58,1,2026-03-01,Ofelia Marin Abellán,León
Pan,1.86,5,2025-08-19,Dan Iniesta,Zamora
Queso,19.34,3,2025-09-13,Morena Valdés Morell,Huelva
Arroz,0.7,6,2026-05-18,Gustavo Valencia,Álava
Arroz,12.98,6,2026-05-16,Samuel Bartolomé Lladó,Barcelona
Café,12.78,7,2025-06-12,Perlita Mayte Solís Patiño,Segovia
Carne,5.21,4,2025-08-13,Aitana Quintanilla-Barberá,Las Palmas
Pollo,7.79,6,2025-11-30,Felisa Serrano Blazquez,Vizcaya
Huevos,11.15,2,2026-05-10,Mayte Mateos,Segovia
Huevos,13.28,8,2026-03-09,Victor Emilio Lucena Salvà,Navarra
Huevos,12.28,8,2026-01-23,Encarnación Coca Español,Cuenca
Huevos,9.9,4,2025-09-04,Juan Luis Alcaraz Alcázar,Valencia
Café,4.63,2,2026-01-29,Sandra de Mayoral,Cuenca
Pan,12.69,9,2025-09-23,Abilio Isern Sala,La Coruña
Azúcar,14.15,8,2025-07-06,Ximena Pelayo,La Rioja
Huevos,19.34,3,2026-02-05,Ramona Gras-Segarra,Guipúzcoa
Aceite,15.44,4,2025-11-15,Marisela Castillo Peñas,Burgos
Pan,4.33,2,2026-05-06,Fabio Lucena Santos,Murcia
Pan,3.25,3,2025-07-23,Rufino Sotelo Tomas,Albacete
Carne,6.13,5,2025-11-08,Rosaura Barriga,Barcelona
Azúcar,13.37,7,2025-12-31,Susanita Pascuala Gomila Taboada,Navarra
Aceite,12.42,1,2026-03-16,Ainara Bayón Soriano,La Rioja
Huevos,18.45,5,2025-07-19,Nando Marí-Pomares,Las Palmas
Aceite,19.98,8,2025-12-02,Iker Cordero Arjona,Sevilla
Huevos,17.24,3,2025-05-27,Calisto Méndez Yáñez,La Coruña
Café,17.14,10,2026-02-04,Maxi Zorrilla Mate,La Coruña
Huevos,18.2,2,2025-09-02,Carina Gallego-Larrea,Huelva
Queso,19.17,3,2025-12-14,Zoraida Ochoa Vigil,Tarragona
Azúcar,3.1,3,2026-04-25,Basilio Calzada Alarcón,Murcia
Huevos,16.81,10,2025-09-10,Tamara Nogueira Arcos,Huelva
Azúcar,13.4,6,2026-03-08,Claudia Piñol Calvet,León
Huevos,16.04,3,2026-01-21,María Landa,Albacete
Pan,9.65,2,2026-04-21,Lina Serna Llorente,Córdoba
Queso,7.71,7,2026-04-24,Rufino Chaves,Zaragoza
Azúcar,4.71,7,2026-01-24,Tomás de Vila,Guipúzcoa
Carne,7.51,2,2025-09-14,Camila Concha Cazorla Peralta,Albacete
Huevos,9.69,4,2026-04-21,Anastasia Exposito Bellido,Badajoz
Arroz,5.95,4,2026-01-31,Mamen Francisco Ariño,Asturias
Queso,19.89,10,2026-03-29,Guillermo Gutiérrez,Murcia
Pan,14.09,9,2025-06-04,Belén Carrillo Arco,Madrid
Aceite,7.74,10,2026-03-10,Fidel Múgica Jordá,Burgos
Huevos,9.34,7,2025-11-25,Azahar Toro-Cabanillas,Palencia
Queso,11.33,7,2026-01-11,Reyes Sanz,Zamora
Queso,1.45,4,2026-03-30,Maximiano Ojeda Maestre,La Coruña
Café,16.11,4,2026-03-13,Carlota Hoyos Robledo,Murcia
Pollo,0.71,1,2025-08-21,Carlos Valencia Vilar,Albacete
Pollo,4.53,4,2025-06-21,Ana Belén Soria,Lleida
Pan,6.11,4,2026-02-14,Jose Miguel Pacheco Barragán,Baleares
Azúcar,11.87,9,2026-04-17,Fidela Morcillo-Villalobos,Pontevedra
Pan,15.97,2,2025-06-04,Piedad Ballester Rivas,La Rioja
Carne,11.38,9,2025-10-06,Evita Botella Suárez,Pontevedra
Carne,18.5,7,2025-12-22,Liliana Lago Corbacho,Zaragoza
Azúcar,19.6,10,2025-09-27,Horacio Esparza,Baleares
Leche,11.9,2,2025-08-25,Mateo Benítez,Granada
Pan,0.64,4,2026-03-16,Gregorio Montenegro,Jaén
Leche,6.85,5,2025-05-31,Felicia Gallardo-Báez,Barcelona
Carne,9.68,1,2026-05-25,Victor Manuel Quiroga Aznar,Ciudad
Café,5.05,4,2025-10-19,Matilde Infante Tamayo,Ávila
Azúcar,16.44,10,2025-12-23,Eliana Ramos Belda,Cáceres
Huevos,0.8,4,2025-12-14,Alba de Expósito,Zamora
Pollo,11.96,7,2025-12-25,Teodoro Ballester Diez,Segovia
Leche,6.53,2,2025-11-27,Alejandra Prat Mateu,León
Carne,7.76,1,2026-03-15,Hermenegildo Atienza Peñas,Burgos
Carne,10.55,1,2025-06-14,Beatriz Zaragoza Taboada,Asturias
Carne,15.74,2,2025-08-07,Bárbara Bertrán Tamayo,Ceuta
Queso,3.3,9,2025-05-28,Alondra Jover Colomer,Ceuta
Leche,4.59,5,2026-02-18,Guadalupe del Domingo,León
Azúcar,2.93,4,2026-03-17,Arcelia Guillén Blanes,Alicante
Carne,11.06,1,2025-07-12,Ainoa Montero Ariza,Lleida
Pollo,1.31,8,2026-04-08,Amada Miriam Maza Baró,Tarragona
Leche,5.33,4,2025-12-24,Jose Ramón Riquelme Larrea,Alicante
Queso,5.34,4,2026-01-10,Chucho Ariño Suarez,Albacete
Leche,1.91,7,2025-10-24,Florencio Requena Gonzalo,Valladolid
Azúcar,9.76,4,2025-05-27,Abraham Linares Mancebo,Ciudad
Pan,14.21,10,2026-04-11,Clotilde Sala Chaves,Ceuta
Huevos,5.63,8,2025-07-20,Josep Amador Duque,Navarra
Huevos,6.19,3,2025-12-08,Beatriz Obdulia Anglada Huguet,Navarra
Pollo,3.14,2,2026-01-28,María Polo Vergara,Granada
Carne,10.6,5,2026-05-20,Gaspar Cortina-Almeida,Cádiz
Queso,17.42,4,2026-02-27,Calixto Oliver Mora,Zamora
Pollo,3.87,7,2025-11-21,Manolo Téllez Costa,Alicante
Queso,7.38,5,2026-05-07,Rosendo Blanco,Alicante
Aceite,16.76,4,2026-05-19,Ruperta Fernandez,Tarragona
Huevos,13.64,8,2026-01-20,Primitivo de Alegria,Guadalajara
Aceite,14.29,7,2025-10-03,Guillermo Pavón Aguilera,Guadalajara
Carne,12.22,2,2026-03-30,Mariano Beltran Linares,Málaga
Café,13.95,3,2026-04-17,Lino Casas-Barranco,Málaga
Azúcar,1.61,7,2025-12-08,Juana Segura Viana,Pontevedra
Pollo,9.99,4,2026-03-30,Simón del Real,Álava
Queso,7.01,10,2025-08-03,Macaria Martínez Cortina,Cantabria
Pan,15.04,2,2026-03-04,Bernabé Sans,Cáceres
Azúcar,12.48,10,2025-08-08,Beatriz Guijarro-Pujadas,Navarra
Azúcar,3.25,4,2026-04-16,Maribel Mariño-Lluch,Huesca
Pan,1.23,8,2026-05-20,Amarilis Giménez Melero,Santa Cruz de Tenerife
Aceite,18.07,3,2025-09-22,Débora Garcia Aguiló,Jaén
Huevos,10.29,4,2025-11-05,Elba de Jimenez,Almería
Café,4.09,4,2026-04-20,Ruperto de Suarez,La Rioja
Aceite,8.3,8,2026-05-08,Anastasio Silva Figueras,Cantabria
Café,15.52,8,2025-10-06,Rolando Carballo Río,Girona
Pollo,1.92,6,2025-09-25,Primitivo Planas Casas,Ávila
Carne,11.48,2,2026-04-12,Rosalinda Fernanda Baena Mendoza,Ourense
Huevos,10.01,5,2026-05-04,Julie Gibert,Madrid
Café,6.76,3,2025-12-12,Regina Ponce Nuñez,Segovia
Aceite,5.59,8,2026-02-17,Arcelia del Barberá,Melilla
Huevos,19.43,10,2025-06-11,Reina Blazquez Cárdenas,Guadalajara
Pan,14.33,1,2026-03-09,Humberto Bautista Santana,Las Palmas
Café,3.55,7,2025-08-01,Eloy Querol Arnaiz,Vizcaya
Pan,19.82,9,2025-08-26,Carlito Palomar Pla,La Coruña
Café,8.53,6,2025-11-24,Eloísa Reina,Guipúzcoa
Queso,16.17,1,2026-04-09,Ofelia Recio Barral,Castellón
Pollo,4.44,2,2026-03-11,Simón Pinto Pino,Tarragona
Pollo,15.01,7,2025-11-20,Adelia Fabra Peñas,Melilla
Carne,11.49,2,2026-05-19,Violeta Ortuño Valenzuela,Jaén
Aceite,19.02,6,2025-07-31,Cebrián del Acevedo,Álava
Leche,16.15,3,2026-05-10,Jacinto Piña Lago,Valladolid
Aceite,19.91,10,2026-04-17,Ovidio Aparicio Aguilar,Segovia
Carne,3.5,9,2025-06-23,Emperatriz Barbero Redondo,Santa Cruz de Tenerife
Café,8.77,10,2026-01-23,Estela Elorza Alsina,Cantabria
Pan,10.88,6,2025-09-23,Rebeca Roda-Mariño,Álava
Arroz,10.16,10,2025-08-28,Gerardo Egea Soler,Jaén
Arroz,4.65,8,2025-08-31,Griselda Andreu Escolano,Tarragona
Leche,15.9,1,2025-05-27,Sarita Puga Almagro,Las Palmas
Huevos,14.2,3,2025-06-12,Rosendo Calzada Valderrama,Salamanca
Azúcar,4.8,10,2026-04-17,Cecilio Pancho Ugarte Portillo,Álava
Aceite,18.68,2,2026-04-19,Flora Falcón Benito,Toledo
Pollo,1.18,10,2025-10-20,Jose Antonio del Ayllón,Albacete
Azúcar,18.61,1,2025-10-17,Ovidio Vila Ríos,Alicante
Pan,16.56,1,2025-08-23,Roldán Tirado,Santa Cruz de Tenerife
Arroz,19.68,5,2025-12-24,Jose Ignacio de Gascón,Alicante
Aceite,8.56,2,2026-03-27,Reynaldo Nicodemo Carrera Montes,Salamanca
Queso,15.48,1,2026-03-21,Ángeles Matas Vila,Teruel
Azúcar,15.36,6,2025-11-26,Gema del Abella,Salamanca
Carne,19.69,3,2026-04-17,Cecilio Luján Mur,Segovia
Aceite,17.95,3,2025-07-21,Francisco Javier Sáez Rebollo,Almería
Azúcar,1.48,3,2025-08-09,Anna Saldaña Perales,Guipúzcoa
Queso,18.39,5,2025-09-26,Apolinar Paniagua Llopis,Alicante
Pollo,15.87,6,2025-09-05,Sosimo Rojas Alberola,Madrid
Leche,9.79,9,2026-02-05,Lino Amancio Querol Hervia,Ourense
Arroz,14.2,5,2026-04-08,María José Villalba Villar,Baleares
Huevos,17.02,10,2026-01-04,Eusebio León Solís,Pontevedra
Pollo,15.09,4,2026-05-02,Clarisa Olivares Pozuelo,Huelva
Azúcar,3.13,3,2026-03-03,Florinda Arco Duque,Huelva
Leche,15.93,4,2025-07-04,Dionisia Chacón,Jaén
Pan,6.86,3,2026-05-01,Prudencio Solana Rodrigo,Cádiz
Azúcar,8.94,6,2026-03-06,Candela Coll Pino,Melilla
Azúcar,9.84,7,2025-06-01,Tristán de Ripoll,Baleares
Arroz,4.07,2,2025-09-23,Eduardo Losada,Lugo
Azúcar,19.35,4,2025-09-17,Severino Gomez Manzano,Albacete
Azúcar,12.87,5,2026-05-27,Rufino Aguilera Buendía,Santa Cruz de Tenerife
Pan,9.67,3,2026-01-13,Danilo Carnero-Sanz,Zamora
Café,12.39,7,2026-02-02,Ambrosio Ribes,Murcia
Azúcar,5.87,6,2026-04-28,Mercedes Roura Cuervo,Santa Cruz de Tenerife
Café,0.59,4,2025-10-22,Montserrat Batlle Vázquez,Cádiz
Pan,18.6,9,2026-04-17,Hipólito Cano Solís,Burgos
Pollo,6.13,4,2025-09-29,Rafaela Dávila Salamanca,Ourense
Pollo,17.68,9,2026-01-09,Liliana Roselló Quesada,Málaga
Azúcar,9.94,8,2026-04-12,Victor Villanueva,Valencia
Café,12.41,2,2025-09-02,María José Almeida,Cádiz
Café,3.07,7,2026-05-07,Vicenta Arregui,Jaén
Queso,5.22,1,2026-01-24,Cruz Mate Manzano,Vizcaya
Huevos,7.11,2,2026-04-10,Adrián de Arana,Santa Cruz de Tenerife
Huevos,16.17,5,2026-04-26,Emilio Madrid Gisbert,Álava
Leche,13.86,1,2025-06-25,Evangelina Figueras-Moliner,Castellón
Leche,9.27,1,2025-12-22,Jesús Reina Vaquero,Huesca
Pollo,16.74,2,2026-03-15,Isa Vizcaíno Figuerola,Segovia
Aceite,8.41,10,2025-07-29,Abigaíl Barrera Cabo,Córdoba
Arroz,2.34,10,2026-04-29,Leandra Sarmiento Coca,Tarragona
Carne,19.61,10,2026-03-12,Otilia Naranjo,Toledo
Pollo,0.85,4,2026-04-15,Mamen Busquets Carmona,Soria
Huevos,2.41,7,2025-09-06,Débora del Guillén,Huesca
Queso,5.7,7,2025-10-18,Juan Carlos Alberto Hurtado Puga,Sevilla
Café,19.94,10,2026-05-12,Valero Abascal Tomás,Palencia
Café,4.32,6,2026-01-26,Victor Manuel Elpidio Casanova Larrea,Cádiz
Arroz,1.69,10,2025-08-13,Nicodemo Molins Marcos,Madrid
Arroz,5.09,5,2026-05-04,Luciano Bartolomé Pons Ortiz,Salamanca
Azúcar,5.9,1,2025-11-22,Toño Fajardo Pintor,Palencia
Queso,0.87,4,2026-01-15,Jesusa Cantero Criado,Soria
Aceite,13.48,5,2025-12-12,Domingo Crespo Palacios,Burgos
Queso,14.76,5,2025-10-30,Joel Sevilla Carbajo,Cáceres
Aceite,14.29,10,2026-04-02,Flavio Albero,Granada
Huevos,10.67,6,2025-09-07,Jordi Ferreras Verdugo,Cantabria
Café,2.64,1,2025-06-25,Teodosio Inocencio Barberá Mascaró,Soria
Carne,7.79,9,2025-08-10,Juanita Ibáñez Aranda,Tarragona
Aceite,11.95,8,2025-06-08,Augusto Bertrán Lladó,Zaragoza
Café,13.75,3,2025-12-25,Armida del Burgos,Pontevedra
Arroz,17.72,6,2025-06-21,Aitana Dominguez Pereira,Asturias
Arroz,11.84,6,2025-09-29,Emiliano Tello Cuesta,Soria
Queso,11.21,9,2025-10-22,Maribel Esperanza Rivera Abella,Málaga
Café,10.91,4,2026-05-13,Agustín Eliseo Vizcaíno Frías,León
Arroz,6.07,8,2026-04-15,Sarita Múñiz Torrens,Ceuta
Huevos,7.46,10,2025-12-03,Ismael Aramburu,Salamanca
Café,3.01,8,2026-02-17,Verónica Quero Coll,Guadalajara
Carne,19.23,6,2025-08-13,Cándida Font Morales,Palencia
Azúcar,1.43,9,2026-02-27,Rebeca Robles Bernad,Cuenca
Café,7.83,10,2025-12-11,Joaquín Lerma Egea,Jaén
Café,7.31,4,2026-02-16,Ainara Gilabert Colomer,Jaén
Pan,12.83,7,2025-10-29,Lilia Rius Hervia,Salamanca
Café,17.06,1,2025-11-23,Iván Gisbert Jordán,Cádiz
Pan,0.91,7,2026-01-15,Isaac Dominguez Giner,Albacete
Aceite,19.84,8,2026-01-25,Manuel del Sanchez,Guipúzcoa
Pollo,11.91,4,2026-01-14,Graciana Cayetana Llorente Castilla,Huesca
Aceite,12.4,3,2026-01-22,Alejandra Bueno Rosa,Valencia
Arroz,4.31,3,2026-05-12,Antonia Cano Quirós,Toledo
Pollo,13.37,5,2025-06-11,Amor Victor Ortuño Vall,Vizcaya
Carne,5.44,2,2026-05-09,Domingo Campoy Escribano,La Rioja
Aceite,5.2,7,2025-11-12,Leonel Pablo Armengol Rocha,Ciudad
Leche,11.25,8,2025-07-05,Salud Báez-Fonseca,Albacete
Pan,6.27,6,2025-07-11,Piedad Feijoo Espada,Málaga
Pollo,11.48,9,2025-08-19,Gastón Mayol Mate,Asturias
Pollo,13.16,2,2025-06-10,Micaela Palomares Salmerón,Albacete
Pan,5.31,5,2025-07-12,María Dolores de Tomas,Valencia
Carne,18.64,10,2026-03-13,Quirino Agudo,Zamora
Café,7.03,6,2026-05-19,Candelaria Téllez Leon,Asturias
Café,5.9,2,2025-11-07,Violeta Rafaela Murillo Saez,Lleida
Pollo,16.77,3,2025-06-18,Rafa del Fortuny,Guadalajara
Huevos,15.31,2,2025-10-26,Jenny Moraleda Calvo,León
Huevos,9.82,4,2026-02-06,Guiomar Lerma Sáenz,Castellón
Huevos,7.6,5,2025-07-26,Arturo Ponce-Alfaro,Las Palmas
Leche,13.5,3,2026-04-18,Paloma del Aguilar,Albacete
Aceite,2.83,2,2025-09-05,Fortunata Carranza-Larrea,Huesca
Arroz,1.88,2,2025-06-18,Zacarías Leonel Río Córdoba,La Rioja
Leche,19.03,2,2025-10-29,Arcelia Barros Requena,Pontevedra
Leche,1.41,1,2025-08-27,Benjamín Santana Barral,Palencia
Pan,7.83,5,2025-11-03,Clarisa Encarnita Riba Fortuny,Ciudad
Aceite,15.68,1,2026-03-24,María Cristina Ángel Castell,Cantabria
Pan,18.93,9,2025-06-18,Luz Nogués Ferrero,Cáceres
Pan,18.69,3,2025-06-24,Reinaldo del Lobato,Alicante
Azúcar,12.48,1,2026-01-15,Marciano Abellán Rico,Pontevedra
Arroz,16.16,2,2026-03-07,Virginia Guzman-Abellán,Valladolid
Arroz,11.25,7,2025-10-12,Emiliana Brígida Gibert Andres,Granada
Queso,3.07,9,2026-04-22,Benigna Valdés Zamora,Palencia
Azúcar,3.92,9,2025-08-27,Jonatan Campillo Querol,Huesca
Azúcar,19.62,1,2025-07-04,Carolina Carretero,Huesca
Carne,9.24,1,2025-10-19,Maricela Carpio Cases,Girona
Pollo,3.53,10,2025-11-23,Chus del Sabater,Baleares
Carne,8.64,6,2025-09-06,Virginia Mateu Vilanova,Ávila
Carne,13.07,3,2026-05-02,Ana Alcántara-Mosquera,Guipúzcoa
Azúcar,16.57,3,2026-04-24,Dalila Palomino Fuster,Toledo
Carne,13.61,6,2025-11-15,Miguel Samper Martí,Cádiz
Huevos,12.3,6,2026-01-04,Cecilia Luján Alcalde,Palencia
Leche,18.42,5,2025-08-05,Jose Antonio Francisco Manzanares,Santa Cruz de Tenerife
Queso,16.1,9,2025-08-05,Borja Vara Guerra,Ceuta
Carne,13.45,2,2025-08-27,Poncio Ortiz Valderrama,Álava
Queso,18.43,8,2025-09-08,Prudencia Navas Fernandez,Cádiz
Leche,15.28,2,2026-04-06,Anunciación Celestina Parejo Asenjo,Guipúzcoa
Pan,18.82,4,2025-12-13,Sofía Julián Galvez,Cáceres
Pollo,2.91,9,2025-09-02,Lourdes Amo-Francisco,Girona
Leche,6.3,6,2026-04-25,Eutropio Pol Vera,Ávila
Carne,4.44,10,2026-05-17,Celestina Asenjo Aranda,Badajoz
Huevos,0.68,9,2025-07-21,Ainara Guerra Seguí,Valladolid
Queso,14.16,2,2025-11-23,Adelina León Barriga,Ciudad
Pollo,18.53,7,2026-05-07,Cosme del Benítez,Albacete
Azúcar,15.12,10,2026-04-07,Aníbal García Molins,Córdoba
Pan,2.83,8,2025-10-02,Sosimo Mariscal Tolosa,Cantabria
Aceite,8.24,10,2025-12-21,Herminia Rocha Rico,Huelva
Azúcar,0.85,10,2025-08-04,Espiridión Gisbert,Burgos
Azúcar,14.37,3,2026-02-21,Leyre Bayona Mateos,Zamora
Pollo,12.6,9,2026-02-09,Daniela Tolosa Cerdá,Huesca
Aceite,5.54,9,2026-04-19,Gema Lastra Terrón,Segovia
Café,2.39,2,2026-04-11,Martina Hurtado-Lobo,Cádiz
Leche,9.25,5,2025-12-28,Artemio Jáuregui Rius,Segovia
Aceite,15.79,9,2025-10-15,Berto Garcés-Ramis,León
Arroz,19.57,8,2026-01-06,Tito Quiroga,Tarragona
Pan,15.93,4,2025-10-23,Aránzazu Roda Pastor,Cantabria
Azúcar,14.59,7,2025-09-02,Toribio Baldomero Piquer Perera,Baleares
Queso,10.57,5,2026-02-23,Sigfrido del Moliner,Santa Cruz de Tenerife
Aceite,12.89,3,2025-11-16,Julio César Pallarès Piñeiro,Cáceres
Carne,17.69,6,2025-12-28,Ainara Puente Agustín,Cuenca
Pollo,12.37,9,2026-01-24,Edgardo Cámara Solsona,León
Aceite,1.1,10,2026-05-01,Cintia de Juliá,Málaga
Huevos,3.91,2,2025-08-06,Catalina González,Zamora
Pan,11.0,9,2026-02-24,Sonia Cepeda,Ourense
Queso,16.3,6,2026-04-21,Amor Escolano Ortuño,Asturias
Pollo,14.79,4,2025-09-12,Alejo Verdugo Escribano,La Rioja
Huevos,12.22,4,2025-11-27,José de Pellicer,Cáceres
Pollo,14.88,7,2026-02-06,Sebastian Plaza Luís,Lleida
Azúcar,2.54,9,2026-04-15,Chema Lluch Marquez,Barcelona
Pollo,1.16,5,2025-06-13,Amparo Vives Bello,Santa Cruz de Tenerife
Azúcar,19.17,4,2026-05-05,Luciano Sacristán Marqués,Zaragoza
Arroz,14.26,1,2026-04-30,Amarilis Solana-Medina,Huelva
Café,7.23,8,2025-09-23,Lope Isaías Zabala Gonzalez,Cádiz
Leche,9.13,3,2026-05-21,Modesto Amaya-Sans,Zaragoza
Café,6.77,3,2026-05-21,Eloísa Bou Leiva,Lleida
Huevos,18.18,2,2025-07-30,Iris Viñas Álamo,Murcia
Aceite,16.62,7,2026-04-20,Malena Cabrera Zabaleta,Palencia
Café,17.89,9,2026-02-17,Flora Gallego Rius,Toledo
Pollo,15.11,1,2025-11-15,Jesús Fábregas Pérez,Ávila
Leche,4.2,2,2026-05-02,Eva María Sanmartín Criado,Santa Cruz de Tenerife
Leche,3.12,3,2025-09-02,Graciano Tejera Reina,Albacete
Aceite,0.58,7,2026-05-19,Maximiliano Terrón Ruano,Castellón
Queso,8.19,10,2025-07-10,José Ángel Rocha Serna,Madrid
Huevos,1.38,3,2026-04-20,Delfina Mosquera Uribe,Barcelona
Pollo,10.94,2,2025-10-19,Lalo Reig,Castellón
Pollo,4.16,9,2025-10-10,Milagros Palmira Blanco Aguilera,Barcelona
Café,4.86,9,2026-05-27,Celestina Celia Aller Vicente,Cantabria
Pollo,12.79,8,2025-12-14,Anastasia Hernando Quintanilla,Asturias
Pan,4.82,1,2025-09-26,Macario Valverde Roma,Córdoba
Pan,18.34,3,2026-01-29,Mireia del Montenegro,Soria
Leche,2.14,2,2026-01-30,Carmina Tormo Vera,Salamanca
Aceite,19.48,4,2025-06-08,Fátima Atienza Sanz,Madrid
Leche,2.11,9,2026-03-04,Nilda Zabaleta Fuster,Guadalajara
Pollo,10.18,10,2025-08-19,María Fernanda Rojas Infante,Málaga
Aceite,15.06,2,2025-07-04,Horacio Mascaró Echeverría,Lleida
Pan,2.16,1,2025-08-22,Nilda del Bellido,Huesca
Pollo,9.56,10,2025-07-06,Toño Borrás,Barcelona
Aceite,2.9,10,2025-10-17,Nazario Anselmo Andreu Sosa,Jaén
Arroz,2.28,6,2025-07-03,Benito Calderon-Castro,Huelva
Azúcar,3.74,5,2025-09-28,Juan Francisco Gabaldón Vara,Soria
Pan,1.5,9,2026-03-15,Evangelina Blasco Gabaldón,Las Palmas
Azúcar,0.74,1,2025-09-16,Isidoro Borrego,Pontevedra
Pan,18.61,2,2025-08-04,Graciela Rojas Ros,La Coruña
Pollo,2.6,4,2026-01-04,Encarnacion Calderon Mármol,Palencia
Carne,19.29,7,2025-11-20,Guiomar Buendía,Sevilla
Leche,6.39,8,2025-12-16,Severo Rivera Bauzà,Ourense
Leche,15.05,3,2026-05-21,Dominga Paz Agustín,La Coruña
Leche,6.49,6,2025-11-05,Javi Vargas Estrada,Tarragona
Pollo,12.44,10,2025-11-02,Nélida Álamo Sandoval,Albacete
Leche,0.62,10,2025-07-29,Saturnina Rovira Larrea,Las Palmas
Queso,12.85,5,2025-10-30,Ruperta Leonor Vilaplana Pla,Asturias
Azúcar,0.88,1,2025-08-14,Abraham Lalo Madrigal Zurita,Ciudad
Leche,6.67,8,2025-12-08,Pascual Canals Pizarro,La Rioja
Azúcar,6.77,9,2026-05-05,Albert Cerro,Guadalajara
Aceite,18.23,6,2025-08-29,Paulina Catalá-Ballesteros,Ceuta
Carne,5.78,1,2025-06-08,Cruz Estevez Mas,Cantabria
Pollo,8.11,10,2026-04-11,Olga Mur Beltran,Baleares
Azúcar,8.83,5,2025-07-25,Candelario Santamaria Marquez,Segovia
Aceite,5.51,9,2026-05-18,Carmen Gutiérrez Díez,Segovia
Pollo,12.05,2,2026-01-20,Esperanza Macias Falcó,Ciudad
Queso,12.5,3,2026-04-17,Anunciación Coll,Álava
Café,3.38,9,2026-02-18,Miguel Ángel Quintanilla Bru,Palencia
Azúcar,15.45,7,2026-05-27,Delia Carreras Jiménez,Tarragona
Café,6.63,2,2025-08-06,Pío Múñiz Quintero,Ávila
Azúcar,13.61,10,2026-03-25,Amaya Rosell Salvador,La Coruña
Arroz,12.82,2,2025-06-18,Luis Ángel Timoteo Bartolomé Ferrando,Cuenca
Pan,4.28,2,2026-04-18,Aurelia Felisa Villaverde Coll,Albacete
Queso,17.85,1,2025-07-22,Juan Manuel Millán-Garriga,Sevilla
Leche,1.72,4,2026-05-11,Remedios Uría Perez,Segovia
Huevos,18.09,10,2026-01-06,Filomena Mayoral Mínguez,Tarragona
Huevos,3.71,10,2026-02-13,Curro Haro Serra,Melilla
Café,12.57,4,2025-06-01,Candelario Abad Patiño,Málaga
Azúcar,13.61,3,2026-03-09,Augusto Mármol-Sedano,Jaén
Arroz,1.11,6,2026-01-01,Lorenza del Castellanos,Toledo
Queso,15.61,4,2026-01-28,Rosalía Carrillo Franch,Madrid
Café,18.96,4,2025-06-26,Irma Eva Iglesias Vera,Lleida
Pollo,8.64,9,2025-06-06,Ciriaco del Marín,Valencia
Carne,17.63,2,2025-12-02,Octavio Ripoll Posada,Toledo
Aceite,7.46,10,2025-06-29,Eusebio Torrijos Julián,Zaragoza
Pollo,3.62,10,2025-10-14,Ruben Álvarez,Almería
Café,7.26,8,2025-09-22,Marcio Puga Gargallo,Álava
Pollo,15.21,9,2025-09-25,Andrea Coca Pont,Asturias
Huevos,15.41,9,2025-09-01,Isabela Luque Capdevila,Lugo
Pan,8.13,9,2025-07-24,Gabriela Morata,Valencia
Huevos,10.98,8,2026-04-19,Rosa María Pascual,Zamora
Café,3.92,5,2025-08-18,Amancio Manjón Godoy,Albacete
Arroz,13.83,5,2025-12-11,Alexandra Amador,Cantabria
Huevos,15.04,2,2026-05-17,Guadalupe Fuster Nieto,Zaragoza
Azúcar,9.3,7,2025-10-14,Eloy Huguet-Valencia,Lugo
Pollo,17.78,8,2025-11-23,Aura del Donoso,La Rioja
Café,1.27,5,2025-08-27,Pepito Gomila Figueroa,León
Queso,9.14,1,2026-04-06,María Ángeles Crespi Rosselló,Pontevedra
Pollo,19.12,8,2026-03-30,Águeda Ródenas Carmona,Salamanca
Leche,0.87,7,2026-05-21,Bernardino Iborra,Álava
Pollo,11.95,1,2026-05-27,Ximena del Carmona,Pontevedra
Café,12.52,9,2025-08-11,Josué Hernández,Tarragona
Arroz,9.66,10,2025-09-21,Clemente Andrés,Girona
Aceite,16.95,8,2025-05-27,Reynaldo Tena Cifuentes,Pontevedra
Queso,12.64,1,2026-01-26,Trinidad Villaverde,Pontevedra
Pan,14.67,1,2025-06-12,Angelita de Canals,Barcelona
Pollo,16.19,7,2025-11-01,Pilar Carrión Pineda,Cuenca
Huevos,6.9,2,2025-12-10,Vanesa Galván,Badajoz
Pollo,17.55,2,2026-03-23,Pelayo de Matas,Palencia
Queso,15.17,6,2025-12-23,Maribel Peinado Moreno,Palencia
Café,2.83,3,2025-08-21,Abel Tomas,Lleida
Arroz,1.1,4,2025-11-26,Laura Díez Jordán,Valladolid
Queso,4.73,4,2025-11-14,Berto Frías Nevado,Cádiz
Café,11.82,3,2026-02-12,Cleto Herranz-Aguirre,Almería
Carne,18.59,7,2025-11-01,Sergio de Bonet,La Rioja
Pollo,11.01,10,2026-01-09,Virgilio Uría Herrera,Melilla
Café,1.3,1,2025-12-07,María Fernanda Galiano Marquez,Málaga
Leche,5.34,5,2026-05-08,Lope Revilla Llano,Valencia
Huevos,9.2,3,2025-06-25,Jordana Gracia Frutos,Ávila
Carne,1.82,2,2025-09-17,Eufemia Hierro Caparrós,Guipúzcoa
Arroz,15.52,1,2025-11-06,Azeneth Jáuregui Atienza,Teruel
Pan,9.2,9,2025-11-22,Hugo Mosquera,Ourense
Pan,4.96,7,2025-08-09,Jenaro Leiva Manjón,Jaén
Queso,13.23,4,2026-03-14,Azeneth Gallo Uría,Ceuta
Arroz,1.82,7,2026-03-25,Faustino Ciro Barroso Márquez,Cádiz
Aceite,9.03,6,2025-08-16,Cándida Romero Niño,Madrid
Leche,11.38,1,2026-03-05,Eugenio Ferrando Conesa,La Rioja
Huevos,13.06,5,2025-07-22,Guillermo Caparrós Cózar,Ceuta
Café,8.55,3,2025-06-02,Eustaquio de Martí,Cuenca
Pollo,13.57,4,2026-01-03,Luciana Casanova Nicolau,Valencia
Queso,6.46,4,2025-12-05,Melania Pou Aliaga,Burgos
Queso,12.87,2,2025-11-11,Angelina Falcón,Asturias
Leche,7.76,1,2026-05-15,Danilo Alegria Porras,Valladolid
Arroz,9.08,10,2025-11-04,Abel Calderon-Rueda,Burgos
Azúcar,8.55,2,2025-09-19,Lupita López-Sarmiento,Navarra
Carne,7.64,10,2026-03-22,Miguel Ángel Villaverde-Baquero,Soria
Café,11.31,6,2025-11-26,Noé Lucena Carballo,Castellón
Leche,3.39,8,2026-05-01,Cruz Tena Aragón,Albacete
Carne,8.77,5,2025-12-13,Joan Berrocal Mosquera,Toledo
Pollo,6.67,10,2026-03-06,Silvio de Castañeda,Zamora
Queso,12.26,9,2026-01-21,Laura Oliver Vaquero,Cantabria
Pollo,13.75,7,2025-12-12,Fito Amores Moraleda,Granada
Leche,7.79,5,2026-02-12,Agustín Bautista Saez,Pontevedra
Café,15.07,7,2025-10-09,Marisa Galiano,Álava
Azúcar,18.47,2,2026-05-24,Saturnina Ferrándiz,Madrid
Carne,19.72,7,2025-12-10,Lupe Revilla Velasco,Ciudad
Pollo,1.23,4,2025-07-17,Brígida Miranda Torres,Burgos
Queso,5.26,8,2025-12-26,Adán Marcelo Andreu Campillo,Valencia
Aceite,10.09,8,2026-04-21,Rosalina Pareja Porcel,Cádiz
Pollo,13.34,8,2025-12-30,Manuela Cabeza Flor,Girona
Leche,12.02,7,2026-03-12,Bonifacio Morcillo Calzada,Lugo
Azúcar,14.85,4,2026-03-13,Espiridión Acedo Roldan,Teruel
Queso,19.4,10,2026-03-19,Juanita Jordán-Guerra,Sevilla
Arroz,10.69,6,2025-12-28,Chus Briones Padilla,Cádiz
Leche,4.2,5,2025-07-07,Ismael Molina Armas,Madrid
Leche,1.91,2,2025-09-28,Amada del Guerra,Baleares
Aceite,3.63,4,2026-02-22,Tiburcio Lopez-Niño,Sevilla
Aceite,17.21,4,2025-11-03,Octavio de Mesa,Zamora
Azúcar,1.11,7,2025-10-30,Dani Checa Vall,Murcia
Leche,2.23,1,2026-04-02,Iker Andres Gonzalo,Burgos
Pan,15.03,10,2026-02-07,Maristela Gelabert Pérez,Cáceres
Arroz,16.13,8,2025-07-30,Remedios Rosales Jaén,Asturias
Huevos,19.45,8,2026-03-28,Belén Suarez Esteban,Santa Cruz de Tenerife
Leche,19.26,2,2025-07-12,María Jesús Badía,Zamora
Arroz,3.02,1,2025-09-11,Teodosio Eutimio Mayoral Téllez,Sevilla
Pan,16.7,10,2025-07-27,Samuel Domínguez Feijoo,Girona
Café,16.28,6,2026-04-08,Domingo Samper Campillo,Las Palmas
Café,16.85,3,2026-03-20,Horacio Duque Llano,Pontevedra
Queso,14.06,8,2025-08-18,Paola Jaén-Soler,Las Palmas
Huevos,9.44,4,2026-02-02,Salvador Ricardo Torrent Santana,Zamora
Queso,12.46,2,2026-05-16,Calisto Santana,Santa Cruz de Tenerife
Café,13.7,3,2025-11-27,Marco Rico Cañete,Córdoba
Pan,10.49,7,2026-03-08,Fulgencio Palma,Cuenca
Leche,8.11,1,2026-03-04,Ruth Cabeza Pol,Guipúzcoa
Azúcar,10.63,9,2025-08-14,Erasmo Calderon Iglesias,Cáceres
Aceite,16.64,6,2025-11-18,Inocencio de Sabater,Santa Cruz de Tenerife
Aceite,5.08,4,2026-05-23,Desiderio Ribera Esparza,Zaragoza
Aceite,19.43,2,2025-12-18,Sergio Pellicer Rodríguez,Cádiz
Azúcar,8.47,4,2026-05-07,Aránzazu de Vaquero,Tarragona
Pan,6.42,1,2025-10-12,Jose Angel Santos Sedano Lobato,Guadalajara
Carne,15.31,7,2025-07-24,Laura Barbero Palacios,León
Café,17.05,2,2025-11-15,Albina del Arce,Salamanca
Huevos,11.83,10,2026-04-12,Pepito Izquierdo Aguado,Segovia
Pollo,0.68,2,2026-01-07,Julián Hidalgo Ayuso,Palencia
Leche,2.42,3,2026-04-19,Moreno Yáñez,Jaén
Pan,2.17,3,2025-10-09,Malena Leon-Arroyo,La Coruña
Leche,10.96,1,2026-04-23,María Cristina Palmer Pelayo,Valencia
Pollo,17.58,2,2025-06-08,Ildefonso Moisés Baró Villaverde,Murcia
Arroz,5.39,5,2025-11-25,Felicia Ochoa Castañeda,Cádiz
Arroz,6.49,5,2026-03-30,Valero del Cózar,Palencia
Pollo,2.31,10,2026-02-21,Melania Rosell Guardia,Lleida
Pan,3.53,6,2026-05-18,Sandra del Tamarit,Valencia
Queso,10.94,3,2025-07-19,Fidela Reina Cepeda Franco,Valencia
Pollo,9.63,2,2025-09-21,Adora Heras Bonilla,Álava
Aceite,1.46,7,2025-11-30,Marcelino de Tomas,Jaén
Aceite,12.34,1,2025-06-10,Marcia Caro,Santa Cruz de Tenerife
Carne,12.22,6,2025-08-28,Pilar Bermúdez Sanabria,Álava
Carne,5.04,6,2025-12-28,Manu Aragón Ferrera,Burgos
Carne,0.93,3,2025-08-14,Silvio Oliva,Ourense
Pan,0.66,10,2025-07-21,Azahar Llanos Morata,Cantabria
Queso,16.57,6,2026-03-18,Sara Gallart Bayo,Cádiz
Pan,19.79,8,2025-06-07,Gerónimo Palomares-Tejera,Navarra
Arroz,13.4,9,2025-08-01,Modesto Alarcón Roselló,Córdoba
Pan,1.57,2,2025-08-11,Máxima Garay-Mayol,Álava
Pan,1.37,5,2025-12-27,Vicente Granados Acevedo,Toledo
Arroz,8.14,4,2026-03-15,Nydia Zapata Perera,Cáceres
Azúcar,5.23,6,2025-10-29,Feliciana Morcillo Marqués,Ávila
Arroz,0.83,2,2025-09-18,Zaira Daza,Santa Cruz de Tenerife
Pan,15.02,4,2025-08-05,Amor de Méndez,Guipúzcoa
Pollo,12.03,10,2025-07-06,Ernesto Delgado Duarte,Jaén
Carne,7.23,4,2026-01-24,Osvaldo del Almagro,Las Palmas
Azúcar,9.13,8,2025-09-13,Rosalía Carrasco Catalá,León
Pollo,4.64,2,2026-02-10,Mario Rivero Rincón,Navarra
Aceite,12.82,10,2025-06-12,Manola Girón-Puerta,Sevilla
Huevos,12.15,7,2025-08-30,Paco Matas Alegria,Barcelona
Queso,14.92,8,2025-09-24,Juanita Valdés,Soria
Huevos,3.21,6,2025-09-05,Raúl Peñalver Vila,Teruel
Huevos,4.05,5,2025-10-22,Candelario Guzmán Font,Jaén
Huevos,8.06,5,2025-11-16,Alejandra Gallo Arévalo,Pontevedra
Queso,9.57,3,2025-08-22,Lope Ibarra Pol,La Rioja
Queso,17.44,2,2025-09-23,Isaac Pardo Garzón,Zaragoza
Azúcar,13.19,8,2025-12-25,Calixto Jordá Lago,Badajoz
Huevos,7.27,1,2025-12-25,Adriana Cantón Donaire,Córdoba
Aceite,3.09,9,2025-09-27,Pedro Martín Hernando,Salamanca
Azúcar,8.62,3,2026-02-18,Alfredo Pereira,Cuenca
Huevos,6.85,6,2025-12-15,Nicolás Bermudez Ureña,Ceuta
Aceite,10.15,8,2026-02-22,Aroa de Robles,Palencia
Café,2.24,1,2025-07-17,Dorotea Marin Arnaiz,Ávila
Huevos,1.82,1,2025-07-04,Miriam Arranz Yáñez,León
Arroz,18.24,9,2025-10-24,Rosaura Murillo,Guipúzcoa
Queso,14.02,6,2025-08-19,Morena Peral Enríquez,Murcia
Queso,7.06,9,2025-11-10,Asdrubal Carrillo Garzón,Badajoz
Arroz,18.13,7,2025-06-29,Eli Marianela Pinedo Martín,Toledo
Aceite,1.73,8,2026-04-11,Rubén Uribe Guardiola,Pontevedra
Carne,9.49,10,2026-03-23,Yaiza del Arce,Huesca
Azúcar,11.73,1,2025-09-22,Vicente Acosta Villaverde,Girona
Pollo,2.46,5,2026-04-20,Nicanor Sáez Barrios,Teruel
Pan,16.2,5,2025-09-20,Josep Casas Alcázar,Guipúzcoa
Pan,4.95,8,2025-11-05,José Manuel Piñeiro Anaya,León
Aceite,15.12,9,2025-08-26,Javiera Maristela Cobo Pagès,Castellón
Leche,14.99,8,2026-05-21,Baudelio Fuster,Huelva
Café,11.36,7,2025-06-23,Pascuala Domingo Alarcón,Guadalajara
Café,18.29,9,2026-05-10,Luna Jaume Bernad,Castellón
Pan,3.01,4,2026-01-01,Lidia del Puga,Vizcaya
Azúcar,3.72,4,2026-04-17,Álvaro Asensio Cortes,Teruel
Azúcar,3.77,1,2026-05-25,Rosalina del Aramburu,Jaén
Pollo,15.59,8,2026-01-19,Ruben Gomis,Guadalajara
Pollo,9.98,4,2025-10-23,Ana Belén Baquero,Granada
Leche,17.15,9,2026-04-03,María Dolores Pereira Lledó,Zamora
Huevos,19.2,6,2025-12-08,Adora Mir Leal,Córdoba
Leche,16.44,9,2025-06-16,Federico Acedo Zabala,Ciudad
Carne,2.92,3,2026-04-26,Conrado Izquierdo Serra,Ciudad
Pan,14.06,2,2025-07-25,Rita Azorin Cerdán,Barcelona
Huevos,15.18,10,2025-05-28,Bautista Villaverde Ribes,Málaga
Aceite,9.98,10,2025-06-26,Edu Gracia Nebot,Valencia
Pollo,8.43,7,2026-03-04,Anselma de Abril,Ciudad
Café,5.05,6,2026-05-18,Haroldo Peñalver-Palmer,Ourense
Azúcar,15.07,5,2026-02-25,Ramiro Roldán Mariscal,Ceuta
Queso,15.95,8,2025-08-13,Amador González Verdugo,Ciudad
Café,3.4,2,2025-10-12,Benigno Uribe-Checa,Huelva
Queso,1.41,6,2026-03-01,Gerardo Escalona Calatayud,Álava
Arroz,19.65,1,2025-10-31,Ambrosio Escribano Arteaga,Asturias
Azúcar,16.35,2,2026-05-07,Matilde Amores Agustí,Murcia
Huevos,16.58,1,2026-02-03,Plácido Benet Rojas,Barcelona
Pan,10.6,1,2026-02-21,Asdrubal Girón Farré,Baleares
Café,11.71,7,2026-05-01,Aristides Cortés Bueno,Córdoba
Queso,7.83,5,2026-02-17,Úrsula del Cantón,Barcelona
Huevos,15.13,3,2025-08-30,Salud Arteaga-Bonilla,Soria
Pollo,18.41,2,2025-12-13,Noa Dávila,Álava
Leche,7.07,6,2025-12-06,Claudio Castro Carmona,Palencia
Arroz,0.9,9,2026-02-02,Damián España,Málaga
Café,15.79,1,2026-02-22,Dolores Bernal Cerdá,Badajoz
Carne,7.88,2,2026-03-09,Nazaret Querol-Robledo,Vizcaya
Carne,15.9,9,2025-06-21,Geraldo Tudela Gárate,Málaga
Arroz,12.11,1,2026-05-15,Silvia Solé Pascual,Jaén
Huevos,9.58,5,2026-01-08,Federico Valera Mora,Baleares
Arroz,11.27,1,2025-10-18,Fausto del Murillo,Madrid
Pan,6.36,3,2025-08-01,Cebrián Losada Villa,Baleares
Leche,17.58,8,2026-05-05,Lidia Vicenta Arenas Acero,Baleares
Huevos,16.4,9,2025-12-06,Gloria Arnal Osuna,Salamanca
Pollo,8.12,6,2025-11-18,Reyes Segarra Córdoba,Teruel
Queso,0.89,10,2025-09-07,Máximo Cuéllar Huerta,Salamanca
Arroz,8.47,4,2026-03-09,Baudelio Molins Fernández,Murcia
Arroz,10.23,2,2025-06-13,Gloria Amo Sans,Las Palmas
Leche,10.28,6,2026-03-03,Antonia Jerez Pedrosa,Lugo
Azúcar,1.49,10,2026-05-15,Sosimo Larrea Ferrández,Albacete
Azúcar,5.18,6,2026-04-16,Felisa Esmeralda Francisco Rius,Ávila
Huevos,3.16,5,2026-04-04,Gertrudis Jiménez Serrano,Baleares
Arroz,8.11,10,2025-12-08,Elisa Barragán-Zabala,Vizcaya
Café,0.77,1,2026-04-28,Rómulo Álvarez Ojeda,Castellón
Leche,9.2,4,2025-10-22,Juan Carlos Quirós Pagès,Huelva
Aceite,15.72,3,2025-10-09,Rodolfo Capdevila Carrasco,Jaén
Pollo,5.28,7,2025-12-13,Américo Vidal Cabello Bertrán,Baleares
Leche,8.53,6,2025-10-19,Pía Rodrigo Juárez,Teruel
Leche,14.65,3,2026-01-17,Clemente Millán Badía,Alicante
Café,12.77,9,2025-12-10,Marisela Castell Olivé,Cáceres
Pollo,2.32,5,2026-01-05,Fermín Pascual Barragán Barroso,Murcia
Pollo,16.53,9,2026-02-02,José Antonio Soria-Niño,Salamanca
Aceite,5.07,8,2025-07-19,Vilma Villar Cortes,Soria
Aceite,14.89,10,2026-01-21,Diana Alfaro,Toledo
Pan,1.88,2,2025-11-22,Timoteo Manuel Lloret Izaguirre,Albacete
Arroz,14.58,8,2025-07-25,Edu Valle Rosales,Cádiz
Leche,6.3,7,2025-11-18,José María de Vendrell,Teruel
Café,13.61,9,2025-10-11,Sergio Nicodemo Ojeda Coloma,Alicante
Pollo,17.33,8,2026-03-08,Juan Francisco Barón Frutos,Las Palmas
Aceite,3.27,7,2026-01-31,Hector del Gallo,Castellón
Huevos,16.51,9,2026-01-02,Violeta Hierro González,Ciudad
Carne,11.77,9,2026-01-31,Cruz del Pablo,Valladolid
Aceite,13.79,5,2025-10-28,Paula Cuervo Redondo,Jaén
Pollo,19.59,5,2026-05-15,Consuelo Padilla Torrecilla,Zamora
Aceite,10.55,2,2026-04-13,Ariel Barba Ríos,Huelva
Carne,9.41,6,2025-12-31,Paulina Marisol Alegre Paz,Córdoba
Queso,13.73,10,2025-07-26,Ruperto Cabanillas Monreal,Castellón
Café,16.62,3,2025-12-09,Epifanio Acevedo Casanovas,Lleida
Arroz,10.81,7,2025-07-31,Bonifacio Narváez Llorens,Sevilla
Huevos,14.49,3,2025-08-02,Violeta Andrade Morell,Salamanca
Carne,5.17,2,2025-09-01,Domitila Elorza,Murcia
Arroz,7.81,6,2025-10-02,Valero Carrasco-Montesinos,Alicante
Arroz,7.66,2,2026-02-11,Heliodoro Losada Vilaplana,La Coruña
Pollo,14.25,3,2025-10-12,Paulino Llamas Rodriguez,Álava
Queso,17.8,2,2026-04-24,Ema del Román,Madrid
Pan,17.74,6,2025-11-12,Dionisia Vara-Uría,Girona
Azúcar,12.29,3,2026-01-07,Clara Otero Arenas,Salamanca
Carne,17.69,7,2025-10-23,Régulo Cabrero-Cifuentes,Melilla
Arroz,14.43,1,2025-07-25,Rico de Cifuentes,Soria
Pollo,6.39,2,2025-08-10,Fabiana Arroyo Rivero,Melilla
Carne,12.15,2,2026-01-28,Susanita Yáñez Miguel,Álava
Arroz,1.31,1,2025-12-17,Juana Montalbán Zamora,Asturias
Azúcar,19.4,10,2025-08-14,Bernardita Aguilar Iriarte,Ávila
Café,4.85,10,2026-02-05,Eva Santana Moreno,Barcelona
Carne,7.72,5,2026-03-24,Elisabet Alcántara Vicente,Las Palmas
Azúcar,2.68,1,2025-09-18,Octavio Fernando Crespi Poza,Albacete
Arroz,4.17,1,2025-12-07,Jessica Cabañas,Lugo
Leche,2.56,5,2025-11-22,Vasco Vaquero Pérez,Zamora
Carne,11.8,10,2025-12-13,Regina Bustamante Soria,Cuenca
Arroz,8.23,3,2025-12-05,Ani de Sevilla,Huesca
Queso,3.89,7,2025-06-07,Maricela Zabala Medina,Córdoba
Arroz,13.3,4,2025-09-20,Aníbal Trillo-Izaguirre,Soria
Carne,18.61,4,2026-04-08,Moisés Herranz Palmer,Tarragona
Café,9.87,7,2025-09-23,Arturo Guillen Falcó,León
Pollo,4.43,5,2026-01-01,Teresita Cabrero Berrocal,Vizcaya
Pan,4.52,1,2025-12-25,Gerónimo Zamora,Granada
Pollo,14.65,3,2026-04-15,Carlito Girona Raya,Zamora
Huevos,6.67,4,2025-06-09,Camilo Egea Sureda,Álava
Carne,11.08,1,2026-01-21,Moreno Borrell Bermejo,Soria
Huevos,6.4,10,2025-11-14,Pepita Josefina Amores Paredes,Pontevedra
Queso,3.12,6,2025-08-30,Mayte Ramos-Aliaga,Vizcaya
Café,16.34,1,2026-04-22,Fanny Colomer Canals,Huesca
Huevos,1.9,5,2025-12-23,Reyes Alemany Hernández,Álava
Aceite,9.01,10,2026-03-11,Anselmo Aguilera-Tenorio,Álava
Queso,1.2,7,2025-06-03,Olimpia Cornejo Ibáñez,Ávila
Arroz,10.4,3,2025-12-12,Leandra Pardo,Zamora
Carne,5.82,3,2025-10-23,Sofía Abella-Saldaña,Valencia
Queso,18.94,3,2025-09-05,Nereida Corominas Gelabert,Alicante
Azúcar,10.2,10,2025-10-18,Ovidio Diéguez Ugarte,Granada
Arroz,13.68,9,2026-04-25,Viviana Abascal,Lugo
Azúcar,2.73,4,2025-08-13,Vasco Alberola-Arnaiz,Jaén
Café,14.87,8,2025-07-05,Ámbar Céspedes Navas,Albacete
Café,7.37,6,2025-10-05,Rocío Hidalgo-Flores,Almería
Azúcar,11.16,1,2025-11-20,Javier de Ortiz,Santa Cruz de Tenerife
Azúcar,17.87,10,2025-05-31,Reyes Olivera Lluch,Huesca
Café,17.76,7,2025-09-24,Toni Boix Castro,Las Palmas
Leche,1.3,6,2025-05-27,Amparo del Múgica,Soria
Café,15.12,6,2025-11-29,Ulises Rebollo-Niño,La Rioja
Queso,7.79,9,2025-08-17,Lázaro Díez Fuster,Tarragona
Huevos,4.32,10,2025-08-31,Martin Haroldo Gracia Ureña,Segovia
Pan,12.87,8,2025-09-05,Erasmo Rubio,Ávila
Café,7.22,10,2025-12-09,Héctor Fernandez Fiol,León
Arroz,1.3,1,2026-03-05,Lucho Agudo Diego,Las Palmas
Arroz,3.96,9,2025-07-22,Sancho Ariza Olivé,Barcelona
Carne,8.01,8,2025-08-21,Pastora Capdevila Grau,Toledo
Azúcar,4.24,8,2026-05-01,Francisca Iniesta,Málaga
Arroz,7.16,8,2025-11-18,Consuelo Abellán Palacios,Castellón
Queso,9.92,9,2025-10-29,Eustaquio del Ledesma,Córdoba
Huevos,17.75,6,2025-10-17,Roque Conrado Cal Belmonte,La Rioja
Azúcar,6.9,8,2025-08-23,Benigna del Cortina,Santa Cruz de Tenerife
Carne,1.26,2,2026-04-10,Gregorio Barral,Tarragona
Huevos,8.24,4,2025-10-28,Susanita Real,Alicante
Pan,14.65,4,2025-06-08,Ricardo Almansa Botella,Huesca
Huevos,2.83,2,2025-06-03,Jose Miguel Sebastián Prada,Melilla
Huevos,4.94,2,2026-05-07,Gervasio Pinto Mateos,Ourense
Queso,2.67,3,2025-11-14,Nacio Morera Lozano,Córdoba
Café,8.82,2,2026-01-14,Salvador Iriarte Mariscal,Palencia
Azúcar,1.75,2,2026-03-02,Pilar Sierra,Ourense
Aceite,12.67,7,2026-03-23,Nilda Rivas-Pagès,Badajoz
Arroz,12.89,5,2026-02-13,Sabas Valbuena,Zaragoza
Arroz,5.8,8,2026-03-15,Gerónimo Agudo Arteaga,Zamora
Azúcar,18.94,9,2025-11-06,Reinaldo Puga Estévez,Navarra
Café,11.66,2,2026-05-02,Sebastián Coloma Ríos,Palencia
Pan,8.08,8,2025-07-09,Venceslás Benitez Manrique,Albacete
Azúcar,6.78,7,2025-10-29,Andrés Felipe Polo Noriega,Santa Cruz de Tenerife
Leche,2.7,5,2026-03-13,Yéssica Briones-Gual,Vizcaya
Carne,12.87,5,2025-08-25,Hernán Maestre Vicente,Cuenca
Queso,8.22,7,2026-01-11,Primitivo Mesa-Priego,Álava
Pan,15.09,8,2026-01-30,Isidro Alvarez Morell,Madrid
Café,6.13,8,2025-08-28,Pánfilo Cristian Tovar Fernández,Almería
Arroz,13.18,8,2025-09-15,Eloísa Piquer Durán,Valencia
Pan,12.09,7,2025-08-07,Cándida Hidalgo-Carrión,Granada
Pan,10.61,7,2025-11-20,Juan Carlos Cruz-Abellán,Cantabria
Arroz,4.99,6,2025-09-13,Jacinto Suárez Acero,Vizcaya
Queso,6.71,3,2026-05-17,Alejandro Alba-Bauzà,Cantabria
Arroz,19.42,3,2025-07-25,Ariel Cabeza,Lleida
Pan,13.54,7,2026-02-09,Aroa del Roselló,Ciudad
Pollo,11.07,9,2025-11-12,Renata Bárcena Lledó,Ciudad
Café,17.8,8,2026-01-30,Dominga Viñas-Corbacho,Tarragona
Queso,12.88,1,2026-02-28,Leandra Milla Márquez,Almería
Huevos,11.32,10,2025-11-16,Cecilio de Adán,Zaragoza
Azúcar,2.54,10,2025-07-15,Roberta Menendez Adán,Ourense
Aceite,1.5,9,2026-01-09,Julián Mesa García,Soria
Aceite,7.55,3,2026-03-20,Fermín Toribio Tena Santamaría,Valencia
Pan,1.3,7,2025-08-06,Ani Bernat Rosales,Barcelona
Queso,3.16,1,2026-03-07,Rubén Sevilla Fernández,Valencia
Arroz,1.58,5,2026-01-23,Vasco Pascual-Bueno,Girona
Queso,12.66,6,2025-11-14,Ainoa Montenegro Carranza,Burgos
Pan,19.59,6,2026-01-11,Gerardo Bernardo Benavente Estrada,Huesca
Queso,3.29,9,2025-07-27,Antonio Iñiguez-Barrios,Álava
Pollo,6.97,8,2026-02-06,Delia Estrada Jara,Girona
Queso,19.9,4,2025-06-12,Tomás Caparrós Tamayo,Murcia
Pan,4.22,4,2025-10-03,Edmundo Comas-Mate,Guadalajara
Pan,7.8,8,2025-07-09,Jesusa Maldonado Ibáñez,Asturias
Pan,1.44,7,2025-10-15,Rico Calixto Solís Bonilla,Almería
Carne,15.07,1,2026-05-06,Concepción Gimeno Vázquez,Almería
